tree
version=v4
num_class=1
num_tree_per_iteration=1
label_index=0
max_feature_idx=13
objective=binary sigmoid:1
feature_names=customer_age order_value product_category discount_percent used_coupon product_rating past_purchase_count past_return_rate delivery_delay_days payment_method shipping_method device_type session_length_minutes num_product_views
feature_infos=[18:70] [150:15000] -1:0:2:1:3:4:5 [0.089999999999999997:67.379999999999995] [0:1] [1.28:5] [0:22] [0.00020000000000000001:0.79979999999999996] [0:10] -1:3:0:1:4:2 -1:1:0 -1:1:0:2 [0.81999999999999995:117.7] [0:26]
tree_sizes=1740 1770 1749 1754 1749 1730 1762 1718 1704 1769 1750 1743 1720 1776 1740 1707 1736 1773 1722 1774 1743 1738 1748 1738 1747 1738 1755 1742 1759 1750 1747 1750 1758 1747 1754 1739 1745 1752 1763 1734 1744 1747 1747 1732 1736 1781 1763 1731 1756 1765 1767 1770 1765 1744 1754 1735 1772 1761 1742 1762 1762 1743 1760 1748 1776 1767 1762 1766 1779 1772 1759 1760 1789 1767 1788 1788 1764 1786 1773 1767 1769 1752 1779 1785 1765 1784 1770 1779 1743 1793 1747 1781 1765 1778 1790 1773 1765 1777 1783 1737 1761 1793 1764 1761 1785 1771 1755 1754 1784 1767 1774 1761 1766 1769 1788 1740 1758 1754 1775 1773 1758 1666 1770 1730 1738 1762 1782 1752 1759 1752 1756 1763 1783 1736 1747 1762 1765 1762 1762 1750 1739 1759 1776 1761 1748 1746 1771 1758 1745 1779 1785 1731 1771 1755 1771 1662 1744 1769 1751 1751 1765 1743 1740 1754 1742 1768 1750 1765 1743 1758 1761 1744 1772 1762 1755 1769 1773 1746 1735 1763 1753 1763 1737 1342 1765 1744 1775 1751 1733 1789 1748 1540 1752 1539 1767 1671 1752 1738 1745 1760 1741 1771 1754 1725 1756 1732 1515 1739 1770 1770 1756 1750 1745 1739 1767 1778 1748 1748 1772 1763 1778 1758 1768 1769 1744 1770 1770 1753 1741 1652 1759 1744 1765 1752 1758 1777 1781 1774 1771 1735 1773 1747 1738 1776 1740 1646 1736 1656 1777 1736 1713 1771 1744 1735 1767 1758 1773 1776 1766 1775 1755 1760 1772 1755 1757 1758 1761 1761 1735 1765 1744 1765 1739 1769 1728 1639 1761 1765 1750 1744 1776 1767 1759 1561 1340 1783 1780 1764 1779 1756 1744 1772 1632 1749 1765 1778 1763 1778 1746 1782

Tree=0
num_leaves=15
num_cat=2
split_feature=7 7 7 3 3 3 9 5 5 7 7 7 9 3
split_gain=14664.9 1606.96 1480.79 499.845 397.932 369.793 273.453 196.74 152.26 142.485 109.516 92.8285 87.4068 84.424
threshold=0.24775000000000003 0.35565000000000008 0.16805000000000003 30.155000000000005 18.705000000000002 27.885000000000002 0 3.6650000000000005 3.7150000000000003 0.42595000000000005 0.11475 0.29455000000000003 1 9.2850000000000019
decision_type=2 2 2 2 2 2 1 2 2 2 2 2 1 2
left_child=2 4 5 7 8 10 -7 13 -2 -3 -1 -6 -5 -4
right_child=1 9 3 12 11 6 -8 -9 -10 -11 -12 -13 -14 -15
leaf_value=-0.082982606453718299 0.028061795324847448 0.067478524103666698 -0.046099058346183393 0.047243391534547749 0.032524467616287051 0.00019538254347839789 -0.055836703706034566 -0.044014140029322156 -0.0044121668705339222 0.088754746833773573 -0.063983871560873415 0.055223167935312872 0.0059938394784681253 -0.0057588544630792268
leaf_weight=1915.5124371051788 638.80035889148712 1588.3424900174141 156.65550369024277 162.0815714597702 862.37881392240524 296.64736068248749 890.77478843927383 1347.9318947196007 823.30231416225433 1722.3856412768364 1384.927866756916 988.34926223754883 524.40821671485901 697.50172740221024
leaf_count=11845 2082 3532 820 431 2710 1185 4889 6954 3389 2866 7873 2515 2013 2896
internal_value=2.02415e-08 0.0539908 -0.0484824 -0.0205291 0.0293307 -0.0664486 -0.0423407 -0.0321321 0.00980429 0.0786177 -0.0750757 0.0447161 0.0166682 -0.0132928
internal_weight=14000 6623.56 7376.44 2888.58 3312.83 4487.86 1187.42 2202.09 1462.1 3310.73 3300.44 1850.73 686.49 854.157
internal_count=56000 17094 38906 13114 10696 25792 6074 10670 5471 6398 19718 5225 2444 3716
cat_boundaries=0 1 2
cat_threshold=2 2
is_linear=0
shrinkage=1


Tree=1
num_leaves=15
num_cat=1
split_feature=7 7 7 3 3 3 7 7 3 7 5 9 3 5
split_gain=13250.6 1455.83 1341.17 455.817 364.66 351.414 195.938 149.755 141.397 129.649 129.303 117.939 101.363 82.7494
threshold=0.24775000000000003 0.35565000000000008 0.16805000000000003 22.015000000000004 24.745000000000001 39.525000000000013 0.28315000000000007 0.099250000000000019 35.875000000000007 0.42595000000000005 3.6650000000000005 0 24.155000000000005 3.5750000000000006
decision_type=2 2 2 2 2 2 2 2 2 2 2 1 2 2
left_child=2 4 5 10 6 7 -2 -1 -5 -3 -4 -7 -9 -8
right_child=1 9 3 8 -6 11 13 12 -10 -11 -12 -13 -14 -15
leaf_value=-0.077815930971263117 -0.0058828208268202394 0.064185091651997164 -0.019183120060665318 -0.0083257605634339173 0.049280204504527886 0.0291944198527362 0.042655609078200693 -0.065668793988905683 0.027559339128793658 0.084493499083033941 -0.048481493003228682 -0.032446116212226615 -0.042273644031516726 0.016803713497516755
leaf_weight=1896.7911849021912 727.73870052397251 1586.5357447564602 617.92846807837486 890.72218251228333 1241.2157562375069 97.433626711368561 489.41201218962669 1522.4250352829695 393.23137919604778 1718.9981383234262 985.860126927495 264.94527488946915 700.86308617889881 853.35343305766582
leaf_count=11671 3009 3532 2798 3776 3284 305 1384 8865 1278 2866 5262 1317 3634 3019
internal_value=2.07169e-07 0.0513474 -0.0461034 -0.0195015 0.0278788 -0.0632167 0.0149965 -0.0673675 0.00270325 0.0748132 -0.0372499 -0.0158581 -0.0583607 0.0263003
internal_weight=13987.5 6617.25 7370.2 2887.74 3311.72 4482.46 2070.5 4120.08 1283.95 3305.53 1603.79 362.379 2223.29 1342.77
internal_count=56000 17094 38906 13114 10696 25792 7412 24170 5054 6398 8060 1622 12499 4403
cat_boundaries=0 1
cat_threshold=2
is_linear=0
shrinkage=0.05


Tree=2
num_leaves=15
num_cat=2
split_feature=7 7 7 3 3 3 7 9 5 8 9 3 7 3
split_gain=11998.5 1568.07 1011.85 436.177 378.132 246.605 210.253 205.17 139.877 119.05 108.917 90.269 84.1488 82.5151
threshold=0.23845000000000002 0.33525000000000005 0.14925000000000002 30.155000000000005 18.325000000000003 27.885000000000002 0.40505000000000008 0 3.6650000000000005 1.5000000000000002 1 33.685000000000009 0.28515000000000007 21.455000000000002
decision_type=2 2 2 2 2 2 2 1 2 2 1 2 2 2
left_child=2 4 5 8 9 -1 13 -7 -4 -2 -5 12 -6 -3
right_child=1 6 3 10 11 7 -8 -9 -10 -11 -12 -13 -14 -15
leaf_value=-0.071247222539795416 -0.010450878554837128 0.044157127129568034 -0.020342219740239278 0.039685988572283074 0.014639723039546687 -0.0017062936823455403 0.07860173636168144 -0.054842877431026518 -0.044993575655228879 0.021373554490151599 -0.0034266951797272773 0.05275552309925672 0.04072806719828876 0.066541313652733053
leaf_weight=2792.8893460482359 894.2471789419651 910.51001261174679 931.44008152186871 182.11043311655521 618.10027459263802 251.55464437603951 2120.0578514933586 738.61830163002014 1538.2696423530579 433.98588329553604 585.64850851893425 521.70650565624237 625.96284978091717 808.1483970284462
leaf_count=17012 3812 2470 4288 515 2205 1029 3692 4152 8173 1484 2402 1305 1764 1697
internal_value=4.6093e-07 0.0466487 -0.0460645 -0.0255099 0.0201334 -0.0636206 0.0679876 -0.0419588 -0.0357324 -2.78537e-05 0.00738462 0.0352733 0.0278327 0.0547802
internal_weight=13953.2 6932.72 7020.53 3237.47 3094 3783.06 3838.72 990.173 2469.71 1328.23 767.759 1765.77 1244.06 1718.66
internal_count=56000 18429 37571 15378 10570 22193 7859 5181 12461 5296 2917 5274 3969 4167
cat_boundaries=0 1 2
cat_threshold=2 2
is_linear=0
shrinkage=0.05


Tree=3
num_leaves=15
num_cat=1
split_feature=7 7 7 3 3 3 7 3 7 7 5 9 8 5
split_gain=10885.6 1221.24 1127.03 391.418 304.965 304.558 132.254 132.251 122.247 112.79 103.206 99.1744 89.67 81.9821
threshold=0.24775000000000003 0.35565000000000008 0.16805000000000003 20.185000000000006 39.525000000000013 18.325000000000003 0.11475 35.875000000000007 0.30275000000000007 0.42595000000000005 3.6650000000000005 0 2.5000000000000004 4.0450000000000008
decision_type=2 2 2 2 2 2 2 2 2 2 2 1 2 2
left_child=2 5 4 10 6 8 -1 12 -2 -3 -4 -6 -5 -7
right_child=1 9 3 7 11 13 -8 -9 -10 -11 -12 -13 -14 -15
leaf_value=-0.069406290570401041 -0.0052671539920418602 0.058436982908951246 -0.018839658332632406 -0.014153222049488077 0.02767038279175273 0.047049526167352008 -0.050913780045820291 0.025590748293866535 0.024204475560660875 0.077463514153849042 -0.046426833246328007 -0.02882070255655721 0.028301254857938152 0.025600873777824763
leaf_weight=2344.8483134955168 795.20857000350952 1573.6254926621914 557.29968862235546 902.20551742613316 97.397842943668365 1119.7525727599859 1739.1654164493084 392.84061256051064 626.89375194907188 1695.3597204387188 888.64378125965595 263.93627040088177 141.34393087029457 762.37165741622448
leaf_count=14439 3277 3532 2548 4008 305 2927 9731 1278 2065 2866 4813 1317 467 2427
internal_value=1.7404e-06 0.046707 -0.0418967 -0.0175192 -0.0576804 0.025236 -0.0615745 0.000974994 0.00774819 0.0683665 -0.0358551 -0.0135226 -0.00833832 0.0384161
internal_weight=13900.9 6573.21 7327.68 2882.33 4445.35 3304.23 4084.01 1436.39 1422.1 3268.99 1445.94 361.334 1043.55 1882.12
internal_count=56000 17094 38906 13114 25792 10696 24170 5753 5342 6398 7361 1622 4475 5354
cat_boundaries=0 1
cat_threshold=2
is_linear=0
shrinkage=0.05


Tree=4
num_leaves=15
num_cat=3
split_feature=7 7 7 3 3 3 7 9 2 5 3 3 9 3
split_gain=9888.44 1324.13 852.921 366.709 309.662 219.095 182.907 182.025 156.192 105.184 100.772 82.7122 75.6036 75.3979
threshold=0.23845000000000002 0.33525000000000005 0.14925000000000002 33.965000000000011 18.205000000000002 27.885000000000002 0.40505000000000008 0 1 3.5950000000000002 16.685000000000006 33.685000000000009 2 21.455000000000002
decision_type=2 2 2 2 2 2 2 1 1 2 2 2 1 2
left_child=2 4 5 8 9 -1 13 -7 -4 -2 -10 -6 -5 -3
right_child=1 6 3 12 11 7 -8 -9 10 -11 -12 -13 -14 -15
leaf_value=-0.06550350874965942 0.018405287791117043 0.039855898097937624 -0.010547404753159339 0.037601340116743452 0.024775102538457057 -1.2094074524278506e-05 0.072371130296663852 -0.050003872741627466 -0.050350787359964268 -0.010917596215323894 -0.027408673837248872 0.04862928642825512 -0.00069818981773106948 0.061311300804203342
leaf_weight=2752.6268714517355 478.98234312236309 903.92661429941654 746.00896675884724 203.62885147333145 1254.7228077054024 250.9935005903244 2081.4801170527935 732.03947000205517 909.74467904865742 833.78424613177776 1040.7846538722515 518.66136683523655 325.98724669218063 799.45009319484234
leaf_count=17012 1658 2470 3336 584 4022 1029 3692 4152 5066 3585 5082 1305 1310 1697
internal_value=2.98029e-06 0.0425466 -0.0419859 -0.0231215 0.0182133 -0.0582458 0.0623576 -0.0377858 -0.0305874 -0.000201137 -0.0379756 0.0318221 0.0148491 0.0500157
internal_weight=13832.8 6871.01 6961.81 3226.15 3086.15 3735.66 3784.86 983.033 2696.54 1312.77 1950.53 1773.38 529.616 1703.38
internal_count=56000 18429 37571 15378 10570 22193 7859 5181 13484 5243 10148 5327 1894 4167
cat_boundaries=0 1 2 3
cat_threshold=2 1 18
is_linear=0
shrinkage=0.05


Tree=5
num_leaves=15
num_cat=3
split_feature=7 7 7 3 3 3 7 2 9 7 5 9 8 5
split_gain=9000.69 1262.58 763.807 377.023 271.465 208.681 146.096 130.073 124.975 102.121 100.344 84.3043 80.4411 78.8557
threshold=0.26495000000000007 0.17405000000000001 0.35565000000000008 22.015000000000004 39.525000000000013 24.745000000000001 0.11475 0 1 0.42595000000000005 4.0150000000000006 2 1.5000000000000002 2.8650000000000007
decision_type=2 2 2 2 2 2 2 1 1 2 2 1 2 2
left_child=1 4 5 7 6 10 -1 -3 -5 -4 -2 -6 -10 -9
right_child=2 3 9 8 11 -7 -8 13 12 -11 -12 -13 -14 -15
leaf_value=-0.064152654186184349 0.026339659747686425 -0.0045412152301688392 0.053534243566611531 0.033581628254705467 0.026184529534188195 0.044839285760530978 -0.045273728110318621 0.0025786549319321544 -0.0098903610447298122 0.07178534426715949 0.0016857283986351067 -0.024982012148569561 0.019084558582436902 -0.039193040201547624
leaf_weight=2302.4108821898699 999.77520677447319 508.56728063523769 1551.25593970716 344.12978802621365 100.51162512600422 1017.1033531427383 1927.7361011207104 124.8259693980217 738.68604543805122 1654.7351715862751 702.15457910299301 276.56795567274094 350.80495351552963 1152.819028750062
leaf_count=14439 3176 2181 3532 1040 315 2619 10793 504 3153 2866 2724 1377 1221 6060
internal_value=3.50816e-06 -0.035185 0.0464825 -0.0111484 -0.0519653 0.0269439 -0.0555875 -0.026458 0.00794202 0.0630126 0.0161892 -0.0112128 -0.000529103 -0.0348434
internal_weight=13752.1 7827.06 5925.02 3219.83 4607.23 2719.03 4230.15 1786.21 1433.62 3205.99 1701.93 377.08 1089.49 1277.64
internal_count=56000 41083 14917 14159 26924 8519 25232 8745 5414 6398 5900 1692 4374 6564
cat_boundaries=0 1 2 3
cat_threshold=1 2 2
is_linear=0
shrinkage=0.05


Tree=6
num_leaves=15
num_cat=1
split_feature=7 7 7 3 3 3 7 9 5 8 8 3 5 3
split_gain=8201.75 1131 727.908 328.881 262.296 192.496 163.538 157.521 142.224 101.279 81.5112 74.0613 72.6714 68.6654
threshold=0.23845000000000002 0.33525000000000005 0.14695000000000003 33.965000000000011 18.205000000000002 27.885000000000002 0.40505000000000008 0 3.6650000000000005 1.5000000000000002 1.5000000000000002 14.005000000000001 3.7150000000000003 21.455000000000002
decision_type=2 2 2 2 2 2 2 1 2 2 2 2 2 2
left_child=2 4 5 8 9 -1 13 -7 11 -2 -10 -4 -6 -3
right_child=1 6 3 -5 12 7 -8 -9 10 -11 -12 -13 -14 -15
leaf_value=-0.061005795894037589 -0.010011561105560682 0.036184270644140357 -0.032145173767758932 0.01409007874733964 0.041050494508216906 0.00096872823900264577 0.067228530493420147 -0.046147351137388437 -0.044519826512356107 0.01955543887262709 -0.020455494192606938 -0.0041931391515676085 0.020388675473354736 0.056767109861537129
leaf_weight=2636.3006998896599 884.7723243534565 894.79734702408314 360.08357600867748 542.04072062671185 742.95099370181561 244.1201291680336 2026.0230248719454 707.31520660221577 1193.3535197675228 426.874117359519 510.14169454574585 685.4450701624155 1020.7609012424946 786.50617073476315
leaf_count=16672 3775 2470 1846 1949 1999 1008 3692 4073 6598 1468 2484 2941 3328 1697
internal_value=6.21004e-06 0.0390124 -0.0384552 -0.0214436 0.0165716 -0.0540291 0.0575993 -0.0345666 -0.0284577 -0.000366342 -0.037362 -0.0138843 0.0291472 0.0458968
internal_weight=13661.5 6782.68 6878.8 3291.06 3075.36 3587.74 3707.33 951.435 2749.02 1311.65 1703.5 1045.53 1763.71 1681.3
internal_count=56000 18429 37571 15818 10570 21753 7859 5081 13869 5243 9082 4787 5327 4167
cat_boundaries=0 1
cat_threshold=2
is_linear=0
shrinkage=0.05


Tree=7
num_leaves=15
num_cat=3
split_feature=7 7 7 3 3 3 9 2 7 7 5 5 5 9
split_gain=7484.37 1087.06 666.341 297.611 267.91 207.153 199.431 134.991 116.648 92.0137 89.3819 85.4565 80.3089 56.4931
threshold=0.26495000000000007 0.18755000000000002 0.37525000000000003 28.055000000000003 25.815000000000001 16.795000000000005 0 1 0.11475 0.11475 3.6350000000000002 3.7150000000000003 3.5950000000000002 2
decision_type=2 2 2 2 2 2 1 1 2 2 2 2 2 1
left_child=1 3 5 8 7 11 -5 -3 -1 -8 -9 -2 -7 -6
right_child=2 4 -4 6 13 12 9 10 -10 -11 -12 -13 -14 -15
leaf_value=-0.062450181911727437 0.026115575907473744 0.003886805357876283 0.061459088750323326 0.0077046873179383336 0.037062665989181606 0.050764112314741427 -0.053253637143478354 -0.0094289482499167881 -0.044401296168655013 -0.022797849768504345 -0.03678045491747612 -0.0005647672180191819 0.029676189586646664 0.0079167588566617549
leaf_weight=1816.0457102060318 531.65296223759651 515.79426875710487 2623.692763954401 337.08937001228333 215.30941523611546 719.49551667273045 467.93664972484112 478.53279541432858 1864.115662291646 541.02438400685787 803.62834826111794 683.91231934726238 1269.8228205740452 693.24130515754223
leaf_count=11903 1663 2096 5143 1310 606 1692 2835 2099 10708 2668 4260 2682 3737 2598
internal_value=5.27991e-06 -0.0322383 0.0427772 -0.0459886 -0.00668029 0.02744 -0.0257843 -0.0178534 -0.0533515 -0.0366762 -0.0264125 0.01114 0.0373682 0.0154165
internal_weight=13561.3 7732.72 5828.58 5026.21 2706.51 3204.88 1346.05 1797.96 3680.16 1008.96 1282.16 1215.57 1989.32 908.551
internal_count=56000 41083 14917 29424 11659 9774 6813 8455 22611 5503 6359 4345 5429 3204
cat_boundaries=0 1 2 3
cat_threshold=2 1 2
is_linear=0
shrinkage=0.05


Tree=8
num_leaves=15
num_cat=4
split_feature=7 7 7 3 3 9 3 5 7 7 2 5 9 2
split_gain=6826.2 1131.84 529.009 289.468 277.161 181.818 171.82 143.353 111.965 85.4068 74.171 69.175 64.2961 63.9877
threshold=0.27365000000000006 0.18755000000000002 0.37885000000000008 25.645000000000003 28.055000000000003 0 16.795000000000005 3.6650000000000005 0.11475 0.11475 1 3.6450000000000005 2 3
decision_type=2 2 2 2 2 1 2 2 2 2 1 2 1 1
left_child=1 4 6 7 8 -6 11 13 -1 -7 -9 -2 -5 -3
right_child=2 3 -4 12 5 9 -8 10 -10 -11 -12 -13 -14 -15
leaf_value=-0.060304573974363153 0.028522066489949018 0.017016927297148193 0.059907935041815401 0.037954302233763774 0.0073323593865543824 -0.051154436163481698 0.038020432998295092 -0.0064357067078180856 -0.042525382017398611 -0.021717322439787273 -0.035085019030277886 0.0032348160856568776 0.0087278260777278998 -0.011558852175605559
leaf_weight=1787.4612162560225 445.14611357450485 318.4661455899477 2497.2274910658598 245.90234616398811 337.15436942875385 463.03047952055931 1858.5222515910864 332.21975250542164 1849.5355062484741 539.72815437614918 850.04285468161106 684.31410852074623 779.67141164839268 466.00344783067703
leaf_count=11903 1343 1145 4932 676 1310 2835 4972 1454 10708 2668 4505 2600 2878 2071
internal_value=7.44848e-06 -0.0295356 0.042922 -0.00522586 -0.0441396 -0.0246171 0.02868 -0.0164478 -0.0513058 -0.0350734 -0.0274214 0.0132503 0.0162796 0.000131821
internal_weight=13454.4 7969.22 5485.21 2992.31 4976.91 1339.91 2987.98 1966.73 3637 1002.76 1182.26 1129.46 1025.57 784.47
internal_count=56000 42153 13847 12729 29424 6813 8915 9175 22611 5503 5959 3943 3554 3216
cat_boundaries=0 1 2 3 4
cat_threshold=2 1 2 33
is_linear=0
shrinkage=0.05


Tree=9
num_leaves=15
num_cat=1
split_feature=7 7 7 3 3 3 7 7 8 9 5 8 3 3
split_gain=6234.63 798.617 708.04 254.872 221.906 183.563 136.938 104.572 103.177 98.187 77.0046 75.6456 69.8122 68.0315
threshold=0.24775000000000003 0.33775000000000005 0.16805000000000003 20.185000000000006 39.525000000000013 25.065000000000001 0.42595000000000005 0.099250000000000019 1.5000000000000002 0 3.6650000000000005 2.5000000000000004 17.965000000000003 24.155000000000005
decision_type=2 2 2 2 2 2 2 2 2 1 2 2 2 2
left_child=2 5 4 10 7 8 12 -1 -2 -5 -4 -11 -3 -9
right_child=1 6 3 9 -6 -7 -8 13 -10 11 -12 -13 -14 -15
leaf_value=-0.057912819158985843 -0.0017320746165176673 0.031945517903902529 -0.013293884676678122 0.025408053331928152 -0.0073617790022519518 0.033309153713421934 0.063315355893310096 -0.047354512687008542 0.023811573244550688 -0.010445271202186704 -0.037262705004277613 0.028038371797572171 0.051377259423991441 -0.027853829204738164
leaf_weight=1743.8008918315172 1205.6393137276173 828.26924310624599 553.00676102936268 327.16379496455193 354.29031877219677 1007.2549758702517 1546.6207880377769 1430.5315489321947 584.93288397789001 956.62233375012875 866.68483217060566 144.370745241642 1116.2369162142277 675.62899485230446
leaf_count=11671 4759 2305 2548 1070 1622 2809 2866 8865 1879 4209 4813 474 2476 3634
internal_value=7.82339e-06 0.0361939 -0.032264 -0.012995 -0.0452978 0.0162655 0.052137 -0.0487803 0.00663823 0.00192251 -0.0279739 -0.00528861 0.0431622 -0.0411475
internal_weight=13341.1 6288.95 7052.1 2847.85 4204.25 2797.83 3491.13 3849.96 1790.57 1428.16 1419.69 1100.99 1944.51 2106.16
internal_count=56000 17094 38906 13114 25792 9447 7647 24170 6638 5753 7361 4683 4781 12499
cat_boundaries=0 1
cat_threshold=2
is_linear=0
shrinkage=0.05


Tree=10
num_leaves=15
num_cat=2
split_feature=7 7 7 3 3 9 3 7 5 5 7 9 5 5
split_gain=5699.59 962.108 474.366 246.192 243.606 156.928 149.036 103.474 97.7812 80.947 76.6003 70.7522 64.9484 63.5839
threshold=0.27365000000000006 0.18755000000000002 0.37885000000000008 28.945000000000004 22.015000000000004 0 16.795000000000005 0.11475 3.6650000000000005 3.3950000000000005 0.08815000000000002 1 4.035000000000001 3.4950000000000006
decision_type=2 2 2 2 2 1 2 2 2 2 2 1 2 2
left_child=1 3 6 7 8 -5 13 -1 -3 -6 -7 -11 -8 -2
right_child=2 4 -4 5 9 10 12 -9 -10 11 -12 -13 -14 -15
leaf_value=-0.056049444888405769 0.028900757750918028 -0.0026117493428798001 0.056146700985107448 0.0092063454273586861 0.030812046408486022 -0.054268184143760126 0.042856903152506919 -0.038986286505820401 -0.027542109372634779 0.026369973029288309 -0.022444080840973064 -0.0044014330692023354 0.023532915737397908 0.0035793741357840816
leaf_weight=1776.9724196344614 365.76069641113281 653.03836542367935 2411.8526837974787 313.46854490041733 371.19264496862888 269.81627671420574 1084.7060048133135 1865.4543482810259 988.53278042376041 236.92385762929916 646.30904024839401 731.00494559109211 749.13451834022999 759.71203599870205
leaf_count=12200 1085 2748 4932 1206 1138 1741 2699 10957 5117 732 3320 2994 2273 2858
internal_value=9.74482e-06 -0.0271344 0.0396879 -0.0408169 -0.00475145 -0.0213962 0.0262306 -0.0473499 -0.0176473 0.0110612 -0.0316194 0.00341508 0.0350143 0.0118634
internal_weight=13223.9 7852.71 5371.17 4872.02 2980.69 1229.59 2959.31 3642.43 1641.57 1339.12 916.125 967.929 1833.84 1125.47
internal_count=56000 42153 13847 29424 12729 6267 8915 23157 7865 4864 5061 3726 4972 3943
cat_boundaries=0 1 2
cat_threshold=2 2
is_linear=0
shrinkage=0.05


Tree=11
num_leaves=15
num_cat=3
split_feature=7 7 7 3 3 7 8 3 2 9 9 5 5 3
split_gain=5220.93 918.214 430.836 209.014 204.106 165.523 152.683 133.913 108.765 106.53 82.3296 78.5832 67.7696 66.4379
threshold=0.22965000000000002 0.32415000000000005 0.14345000000000002 31.015000000000004 29.545000000000005 0.40505000000000008 1.5000000000000002 27.885000000000002 0 1 2 3.5950000000000002 3.7450000000000006 11.355000000000002
decision_type=2 2 2 2 2 2 2 2 1 1 1 2 2 2
left_child=2 4 7 8 6 12 11 -1 -4 -9 -5 -2 -3 -10
right_child=1 5 3 10 -6 -7 -8 9 13 -11 -12 -13 -14 -15
leaf_value=-0.051667184179310224 0.008492097203994747 0.047242437633178536 -0.0083432739195511245 0.034086626557384217 0.032276885330240306 0.057605696823786037 0.021101909043445607 0.001094331578960927 -0.049099451314252023 -0.038719571332361737 -0.0050536613383127755 -0.014906724356242946 0.027996497158457631 -0.02685070051100712
leaf_weight=2367.1003491282463 560.43832682073116 826.92492760717869 651.72159911692142 168.25744299590588 766.98414325714111 1851.8196604549885 742.80306738615036 233.05089397728443 468.71247759461403 652.8921130746603 512.0166422277689 986.79691083729267 1070.9035370349884 1242.5277535170317
leaf_count=16158 2039 1930 3076 478 2164 3692 2474 969 2853 3944 2183 4368 3082 6590
internal_value=1.12174e-05 0.0303601 -0.0327966 -0.019245 0.0100067 0.0469326 0.00251545 -0.0454448 -0.0262684 -0.0287013 0.00515927 -0.00643119 0.0364437 -0.0328284
internal_weight=13102.9 6806.67 6296.28 3043.24 3057.02 3749.65 2290.04 3253.04 2362.96 885.943 680.274 1547.24 1897.83 1711.24
internal_count=56000 19749 36251 15180 11045 8704 8881 21071 12519 4913 2661 6407 5012 9443
cat_boundaries=0 1 2 3
cat_threshold=1 2 2
is_linear=0
shrinkage=0.05


Tree=12
num_leaves=15
num_cat=4
split_feature=7 7 7 3 3 7 3 9 2 5 2 9 8 5
split_gain=4778.7 946.508 338.444 271.781 199.05 155.279 118.79 101.227 100.384 94.9561 59.9977 58.0784 61.5386 56.2218
threshold=0.28515000000000007 0.19755000000000003 0.39095000000000008 36.175000000000004 24.455000000000002 0.11475 16.795000000000005 0 1 3.6650000000000005 2 3 1.5000000000000002 3.4950000000000006
decision_type=2 2 2 2 2 2 2 1 1 2 1 1 2 2
left_child=1 3 6 5 9 -1 13 -5 -7 10 -3 -6 -13 -2
right_child=2 4 -4 7 11 8 -8 -9 -10 -11 -12 12 -14 -15
leaf_value=-0.051375308130236587 0.030779256736118768 -0.018518108453623512 0.054379046582750001 0.017401737984308486 0.035125088073826714 -0.018682642061579092 0.035763785028655008 -0.022210418240200168 -0.040310480669699215 -0.020390338682747377 0.011815751156426725 -0.00080140513578511692 0.027782426463836687 0.006473509866201506
leaf_weight=1991.3964349329472 354.20566093921661 221.57768297195435 2072.6468879133463 261.84417974948883 272.35940985381603 925.51264475286007 1740.5189840048552 380.45525754988194 1561.9060801714659 1110.6930852085352 523.17138959467411 565.9062756896019 279.07549320161343 719.15025047957897
leaf_count=13933 1008 1027 4313 960 749 4930 4607 2002 9349 5484 1955 2212 864 2607
internal_value=1.11578e-05 -0.0235585 0.0390418 -0.0365796 -0.00111337 -0.0409392 0.0276989 -0.00613055 -0.0325323 -0.0111476 0.0026631 0.0155346 0.00860253 0.0145578
internal_weight=12980.4 8093.9 4886.52 5121.11 2972.78 4478.82 2813.87 642.299 2487.42 1855.44 744.749 1117.34 844.982 1073.36
internal_count=56000 43465 12535 31174 12291 28212 8222 2962 14279 8466 2982 3825 3076 3615
cat_boundaries=0 1 2 3 4
cat_threshold=18 33 12 2
is_linear=0
shrinkage=0.05


Tree=13
num_leaves=15
num_cat=1
split_feature=7 7 7 3 3 3 3 5 7 5 5 9 8 7
split_gain=4363.98 876.147 324.232 254.997 180.975 113.703 113.2 95.6852 91.8326 85.2427 75.7662 62.5501 62.4536 58.1834
threshold=0.28515000000000007 0.16805000000000003 0.39095000000000008 19.325000000000003 39.525000000000013 27.065000000000001 35.57500000000001 3.9450000000000007 0.097950000000000023 3.3950000000000005 3.6450000000000005 0 1.5000000000000002 0.085750000000000007
decision_type=2 2 2 2 2 2 2 2 2 2 2 1 2 2
left_child=1 4 5 7 8 10 9 -3 -1 -5 -2 -12 -10 -6
right_child=2 3 -4 6 13 -7 -8 -9 12 -11 11 -13 -14 -15
leaf_value=-0.051486788973496601 0.032000674028782705 -0.0090609950285205458 0.052799242733766127 0.017997940514237833 -0.034739910488860153 0.041780542561284328 0.024919362985258695 -0.031597708615229057 -0.041009198995884379 -0.0082063297203061637 0.031446744442532093 0.0049219168816912904 -0.021718200969888291 0.0089189053344130732
leaf_weight=1597.6103384643793 767.6299439817667 1028.3651553690434 2029.1323935389519 421.49228098988533 107.96827511489391 847.20401036739349 562.49109636247158 871.39583145081997 1441.2971300929785 1151.2804296016693 289.55597315728664 891.55546917021275 608.47878859937191 241.71262247860432
leaf_count=11469 2125 4691 4313 1474 606 2073 1750 4759 9150 4999 827 3197 3551 1016
internal_value=1.06521e-05 -0.0225644 0.0375811 -0.00612053 -0.0391475 0.0264918 0.00573328 -0.0194318 -0.0424393 -0.00116287 0.0197912 0.011795 -0.0353227 -0.00474213
internal_weight=12857.2 8032.09 4825.08 4035.02 3997.07 2795.95 2135.26 1899.76 3647.39 1572.77 1948.74 1181.11 2049.78 349.681
internal_count=56000 43465 12535 17673 25792 8222 8223 9450 24170 6473 6149 4024 12701 1622
cat_boundaries=0 1
cat_threshold=2
is_linear=0
shrinkage=0.05


Tree=14
num_leaves=15
num_cat=3
split_feature=7 7 7 3 3 8 3 7 9 9 9 5 5 3
split_gain=4014.67 749.047 353.546 165.973 163.734 139.687 131.2 129.148 100.594 81.4926 69.3216 69.2685 65.8005 64.381
threshold=0.22965000000000002 0.33525000000000005 0.14695000000000003 29.545000000000005 25.215000000000003 1.5000000000000002 27.885000000000002 0.42595000000000005 0 1 2 2.9250000000000003 3.4150000000000005 21.195000000000004
decision_type=2 2 2 2 2 2 2 2 1 1 1 2 2 2
left_child=2 3 6 5 11 9 -1 13 -8 -2 -6 -4 -10 -3
right_child=1 7 4 -5 10 -7 8 -9 12 -11 -12 -13 -14 -15
leaf_value=-0.046825999093389886 0.014825889564491782 0.026572701338410727 0.002230508038579129 0.029722152058733825 0.022567710237823325 0.020831572404700349 0.0038296538418196324 0.055523943478141484 -0.0083876971789236809 -0.010541499599957645 -0.0075920919491570902 -0.028761818689633074 -0.044122934922162467 0.045148412557149804
leaf_weight=2327.3541275262833 407.21395143866539 1016.4347717165947 201.95058433711529 817.7765009701252 235.12146547436714 810.06793311238289 241.82233563065529 1387.8007856458426 177.91439065337181 1282.1711973398924 807.93367010354996 1646.223508387804 479.89035502076149 894.46205073595047
leaf_count=16672 1438 2912 901 2321 775 2675 1008 2866 977 5456 3605 9217 3096 2081
internal_value=1.26186e-05 0.0270045 -0.0291739 0.0102131 -0.0164502 0.00380206 -0.040548 0.0438656 -0.024205 -0.00438612 -0.000605198 -0.0253772 -0.0340248 0.0353249
internal_weight=12734.1 6615.93 6118.21 3317.23 2891.23 2499.45 3226.98 3298.7 899.627 1689.39 1043.06 1848.17 657.805 1910.9
internal_count=56000 19749 36251 11890 14498 9569 21753 7859 5081 6894 4380 10118 4073 4993
cat_boundaries=0 1 2 3
cat_threshold=2 2 2
is_linear=0
shrinkage=0.05


Tree=15
num_leaves=15
num_cat=5
split_feature=7 7 7 3 3 7 2 2 8 9 2 9 5 8
split_gain=3671.9 774.305 287.476 196.776 174.249 148.916 106.655 93.3936 73.7692 73.6828 68.749 65.912 63.4985 61.1017
threshold=0.22085000000000002 0.32415000000000005 0.11475 24.155000000000005 13.305000000000001 0.42595000000000005 0 1 1.0000000180025095e-35 2 3 4 3.1650000000000005 1.5000000000000002
decision_type=2 2 2 2 2 2 1 1 2 1 1 1 2 2
left_child=2 4 12 8 13 10 -5 -6 -4 -9 -3 -8 -1 -2
right_child=1 5 3 6 7 -7 11 9 -10 -11 -12 -13 -14 -15
leaf_value=-0.02433905368177848 -0.019729421532046636 0.018126704293855073 -0.041802451468460927 0.015421640520161659 -0.0073524612762741809 0.054126037456063564 0.0080565231176880549 0.036072590464172265 -0.022834641625872516 0.013293759339916597 0.038736138686887057 -0.021922733295787346 -0.047699748031261049 0.0075576466294055497
leaf_weight=359.14910133183002 629.57078248262405 648.93254852294922 829.97237257659435 402.72029253840446 402.87000013887882 1353.4169109463692 237.51942802965641 477.08164650201797 1381.662658020854 1512.4105331599712 1522.5788592845201 754.70784649252892 1795.3722422420979 301.66938608884811
leaf_count=2363 2969 1992 5200 1607 1632 2866 926 1335 7897 5273 3846 3892 13054 1148
internal_value=1.46248e-05 0.0247565 -0.029395 -0.0207335 0.00743149 0.0410718 -0.00600942 0.0145695 -0.0299998 0.0189549 0.0328722 -0.0147349 -0.0438449 -0.0108941
internal_weight=12609.6 6848.53 5761.1 3606.58 3323.6 3524.93 1394.95 2392.36 2211.64 1989.49 2171.51 992.227 2154.52 931.24
internal_count=56000 21061 34939 19522 12357 8704 6425 8240 13097 6608 5838 4818 15417 4117
cat_boundaries=0 1 2 3 4 5
cat_threshold=1 4 2 12 2
is_linear=0
shrinkage=0.05


Tree=16
num_leaves=15
num_cat=3
split_feature=7 7 7 3 3 2 9 3 5 7 2 7 8 5
split_gain=3374.63 703.006 283.35 200.429 179.122 146.408 145.863 99.1084 89.8125 84.1906 72.5825 61.3285 53.7364 51.9087
threshold=0.28515000000000007 0.18755000000000002 0.39095000000000008 19.325000000000003 33.685000000000009 0 1 26.895000000000003 3.6850000000000005 0.11475 2 0.058150000000000007 1.0000000180025095e-35 3.4850000000000008
decision_type=2 2 2 2 2 1 1 2 2 2 1 2 2 2
left_child=1 3 7 -1 5 12 11 10 -7 -8 -2 -5 -3 -12
right_child=2 4 -4 6 -6 8 9 -9 -10 -11 13 -13 -14 -15
leaf_value=-0.043708663074854326 0.02604242169258765 -0.007459012457771007 0.048626781765391446 -0.041766030771749341 0.023298092968584452 -0.0019268423584100948 -0.041489858845413868 0.037824497263341687 -0.023805640015013649 -0.019699678159815506 0.02359398126647555 0.0063181300263083391 0.019854703251594302 -0.0021957371678918767
leaf_weight=2172.4951808825135 1030.2069586664438 272.35832035541534 1900.8430427834392 73.620453163981438 558.9574781358242 781.83655679225922 818.39499923586845 834.97352120280266 1171.6332881599665 986.50188371539116 288.31607621908188 489.9367636218667 521.06938295066357 589.48423460125923
leaf_count=15441 3046 1193 4313 476 1734 3253 5859 2112 5983 5397 853 2251 1878 2211
internal_value=1.89139e-05 -0.0199721 0.0337895 -0.032735 -0.00242721 -0.00768167 -0.0226267 0.0234655 -0.0149889 -0.0294695 0.0171323 -0.00014863 0.010356 0.00625546
internal_weight=12490.6 7846.8 4643.82 4540.95 3305.86 2746.9 2368.45 2742.98 1953.47 1804.9 1908.01 563.557 793.428 877.8
internal_count=56000 43465 12535 29424 14041 12307 13983 8222 9236 11256 6110 2727 3071 3064
cat_boundaries=0 1 2 3
cat_threshold=1 2 35
is_linear=0
shrinkage=0.05


Tree=17
num_leaves=15
num_cat=1
split_feature=7 7 7 3 3 3 5 7 8 2 8 8 5 7
split_gain=3087.96 576.078 335.512 179.015 161.897 105.861 85.6824 82.9358 81.8047 69.1251 63.734 59.2123 57.3073 55.0401
threshold=0.27365000000000006 0.16805000000000003 0.37885000000000008 19.445000000000004 39.525000000000013 16.795000000000005 3.6550000000000007 0.097950000000000023 1.0000000180025095e-35 0 1.5000000000000002 1.5000000000000002 4.035000000000001 0.49365000000000009
decision_type=2 2 2 2 2 2 2 2 2 1 2 2 2 2
left_child=1 4 5 8 7 -2 -5 -1 -3 -10 -8 -9 -7 -4
right_child=2 3 13 6 -6 12 10 11 9 -11 -12 -13 -14 -15
leaf_value=-0.046227589184377367 0.0072962936561148219 -0.03216066328681496 0.040478680960560107 0.017698965487965856 -0.0012588137859959258 0.034681629907331299 -0.011905025856327483 -0.036093831207770918 0.0057193166411834704 -0.019727257811149524 0.013033842141228286 -0.016978387859565219 0.01616487837145569 0.058755533640110248
leaf_weight=1483.7560241669416 1106.1872658133507 628.66638924181461 1492.334877461195 737.96074165403843 343.58867636322975 1025.25571359694 804.29810416698456 1376.0936846211553 444.09466484189034 646.79986947774887 372.44316792488098 585.95521697402 719.26790279150009 602.02403363585472
leaf_count=11469 3943 3510 3708 2567 1622 2699 3594 9150 1908 3406 1376 3551 2273 1224
internal_value=1.98923e-05 -0.0203674 0.0306195 -0.00613642 -0.0340001 0.0194238 0.00437857 -0.0372609 -0.0178319 -0.00950894 -0.00399871 -0.0304197 0.027088 0.0458089
internal_weight=12368.7 7423.66 4945.07 3634.26 3789.39 2850.71 1914.7 3445.8 1719.56 1090.89 1176.74 1962.05 1744.52 2094.36
internal_count=56000 42153 13847 16361 25792 8915 7537 24170 8824 5314 4970 12701 4972 4932
cat_boundaries=0 1
cat_threshold=33
is_linear=0
shrinkage=0.05


Tree=18
num_leaves=15
num_cat=4
split_feature=7 7 7 3 3 5 2 9 7 9 3 9 3 5
split_gain=2831.89 636.518 243.574 161.892 160.921 117.268 107.695 101.384 83.6688 73.6633 64.3333 75.1207 60.2851 54.9098
threshold=0.22085000000000002 0.35565000000000008 0.11475 19.325000000000003 28.055000000000003 3.4850000000000008 0 1 0.45485000000000003 2 27.065000000000001 3 21.325000000000003 4.0550000000000006
decision_type=2 2 2 2 2 2 1 1 2 1 2 1 2 2
left_child=2 4 10 13 5 -2 -5 -7 12 -8 -1 -12 -3 -4
right_child=1 8 3 6 -6 7 9 -9 -10 -11 11 -13 -14 -15
leaf_value=-0.04577306469455214 0.018212503431782667 0.025522411783017729 -0.021919793950709573 0.010725023458768582 0.025745911409834833 0.016691030122380702 0.0052468138826540292 -0.009430271559972175 0.053532419900243246 -0.02210311173267171 0.0033516613660122909 -0.036342988242442052 0.044848707005255978 -0.040567906291880139
leaf_weight=1433.1015224531293 930.88667829334736 884.95225701481104 972.25183711200953 531.65331120789051 1129.1795443594456 475.77989296615124 321.65615178644657 1540.6854191124439 928.65595662593842 1035.6371247917414 165.90178406983614 447.29355610907078 769.45568457245827 681.85446974635124
leaf_count=11546 3074 2539 5734 2271 3311 1675 1367 6603 2044 5612 744 3127 1815 4538
internal_value=1.95253e-05 0.0220401 -0.0262153 -0.0182573 0.00972268 0.00356397 -0.00823535 -0.00321542 0.0414453 -0.0156333 -0.0399472 -0.0261749 0.0345759 -0.0296664
internal_weight=12248.9 6659.6 5589.35 3543.05 4076.53 2947.35 1888.95 2016.47 2583.06 1357.29 2046.3 613.195 1654.41 1654.11
internal_count=56000 21061 34939 19522 14663 11352 9250 8278 6398 6979 15417 3871 4354 10272
cat_boundaries=0 1 2 3 4
cat_threshold=1 2 2 2
is_linear=0
shrinkage=0.05


Tree=19
num_leaves=15
num_cat=1
split_feature=7 7 7 3 3 2 5 3 5 8 5 5 1 8
split_gain=2613.19 558.606 250.081 178.707 142.1 139.074 100.045 91.4923 81.0612 76.207 59.4493 53.128 49.9646 44.8673
threshold=0.28515000000000007 0.16685000000000003 0.40505000000000008 35.57500000000001 39.525000000000013 0 3.7150000000000003 18.325000000000003 3.6750000000000003 2.5000000000000004 4.0150000000000006 3.8550000000000004 2130.3950000000004 1.0000000180025095e-35
decision_type=2 2 2 2 2 1 2 2 2 2 2 2 2 2
left_child=1 4 7 5 8 13 -7 10 9 -1 -2 -6 -9 -3
right_child=2 3 -4 -5 11 6 -8 12 -10 -11 -12 -13 -14 -15
leaf_value=-0.029299012197362685 0.020696780708550647 -0.0076897107075295295 0.046691230408281444 0.021330997402449911 0.018712211286411574 -0.0035496573175755677 -0.023979117763718177 0.033900864283863255 -0.040989297664855116 0.0086840985753448077 -0.0010040596381513107 -0.020616037054174176 0.011172225272862867 0.014546749000297746
leaf_weight=1069.7787386476994 773.71986421197653 346.40867841243744 1542.5153066143394 559.10555259883404 168.98378255963326 1030.0268753170967 1433.9582717716694 1318.6667643263936 2091.9675211012363 149.23168997466564 531.14743095636368 168.51373554766178 300.64305675029755 646.00563651323318
leaf_count=7535 2384 1572 3692 1772 710 4479 7606 3485 15543 880 1999 899 975 2469
internal_value=1.82487e-05 -0.0176964 0.0304046 -0.00482257 -0.0318497 -0.00906799 -0.0153912 0.0217743 -0.0349974 -0.0246392 0.0118814 -0.000933154 0.0297095 0.0067177
internal_weight=12130.7 7663.98 4466.69 4015.51 3648.48 3456.4 2463.99 2924.18 3310.98 1219.01 1304.87 337.498 1619.31 992.414
internal_count=56000 43465 12535 17898 25567 16126 12085 8843 23958 8415 4383 1609 4460 4041
cat_boundaries=0 1
cat_threshold=1
is_linear=0
shrinkage=0.05


Tree=20
num_leaves=15
num_cat=3
split_feature=7 7 7 3 3 9 3 9 8 7 8 3 2 5
split_gain=2391.03 377.417 371.434 149.224 119.525 104.872 94.644 90.9051 82.5217 81.2578 72.8622 67.9578 63.1591 60.2634
threshold=0.25645000000000007 0.15035000000000001 0.35565000000000008 12.145000000000001 27.885000000000002 0 25.645000000000003 1 2.5000000000000004 0.45485000000000003 1.5000000000000002 36.175000000000004 2 3.9950000000000006
decision_type=2 2 2 2 2 1 2 1 2 2 2 2 1 2
left_child=1 4 6 -3 -1 11 10 -6 -7 -4 12 -5 -2 -9
right_child=2 3 9 5 7 8 -8 13 -10 -11 -12 -13 -14 -15
leaf_value=-0.039143415424307777 0.013045376482658595 -0.027217917993806708 0.032272455062395074 0.0032687396905382426 0.0083545950166947821 -0.014947740225973708 0.025455798330476676 -0.013397613192974452 0.017592853541083735 0.051362465728219148 0.020417699510543744 0.036380662347987251 -0.0093638424393543123 -0.044331406860232667
leaf_weight=2173.2142830938101 505.09037166833878 852.24565389752388 1605.6551276892424 835.19147509336472 249.44954121112823 1520.9250991493464 953.41141971200705 352.75907441973686 220.82448025047779 879.79108461737633 605.49136200547218 187.46564769744873 786.96269176900387 287.0813250914216
leaf_count=17178 1736 4942 4354 3698 1039 7558 2738 2160 859 2044 1917 515 3220 2042
internal_value=1.8927e-05 -0.019914 0.0249645 -0.00896507 -0.0328226 -0.00331445 0.0126274 -0.0172964 -0.0107374 0.0390837 0.0061519 0.00933619 -0.000565259 -0.026999
internal_weight=12015.6 6679.16 5336.4 3616.65 3062.5 2764.41 2850.96 889.29 1741.75 2485.45 1897.54 1022.66 1292.05 639.84
internal_count=56000 39991 16009 17572 22419 12630 9611 5241 8417 6398 6873 4213 4956 4202
cat_boundaries=0 1 2 3
cat_threshold=18 2 33
is_linear=0
shrinkage=0.05


Tree=21
num_leaves=15
num_cat=4
split_feature=7 7 7 3 9 3 2 5 2 8 9 7 3 5
split_gain=2194.38 494.125 231.027 186.688 130.885 104.994 87.7977 84.7278 83.4484 61.7107 58.6011 55.4178 55.046 49.5889
threshold=0.28515000000000007 0.20275000000000001 0.40505000000000008 19.325000000000003 0 13.305000000000001 1 3.6650000000000005 2 1.5000000000000002 3 0.044150000000000009 14.735000000000001 3.7450000000000006
decision_type=2 2 2 2 1 2 1 2 1 2 1 2 2 2
left_child=1 3 6 9 11 -3 13 -6 -7 -1 -10 -5 -8 -2
right_child=2 5 -4 4 7 8 12 -9 10 -11 -12 -13 -14 -15
leaf_value=-0.041834341246622858 0.019843497440148898 -0.014991492068642701 0.04441959401460429 -0.050899764127263242 -0.0095889608059268241 0.022732330637925267 0.013842725057340006 -0.031220217983482842 0.012885368077911213 -0.02354818736528845 -0.0078614953345660724 0.0076742322956917788 0.031754697536447683 -0.0036900115556585547
leaf_weight=1583.0709272399545 401.9539502710104 769.21520219743252 1468.8380605131388 40.428755722939968 730.26848596334457 564.96053630113602 640.42241799086332 1203.6534525603056 541.31262724101543 671.5410435795784 868.83024515211582 574.74310321360826 1342.1141423583031 498.78504681587219
leaf_count=12124 1220 3804 3692 299 4243 1871 2114 8012 1973 4707 3769 2663 3645 1864
internal_value=2.00136e-05 -0.0162819 0.0282847 -0.0259464 -0.0166452 0.000644901 0.0200274 -0.022961 0.00674808 -0.0364263 0.000147573 0.00353919 0.0258679 0.00676792
internal_weight=11900.1 7548.02 4352.11 4803.71 2549.09 2744.32 2883.28 1933.92 1975.1 2254.61 1410.14 615.172 1982.54 900.739
internal_count=56000 43465 12535 32048 15217 11417 8843 12255 7613 16831 5742 2962 5759 3084
cat_boundaries=0 1 2 3 4
cat_threshold=2 12 1 18
is_linear=0
shrinkage=0.05


Tree=22
num_leaves=15
num_cat=3
split_feature=7 7 3 7 5 3 5 2 8 7 2 3 3 9
split_gain=2012.39 525.807 177.404 175.742 123.04 117.854 80.7394 78.3844 74.7614 71.1239 61.688 60.0567 60.039 58.2272
threshold=0.29865000000000003 0.20275000000000001 36.175000000000004 0.42595000000000005 3.6650000000000005 13.305000000000001 4.0250000000000012 0 2.5000000000000004 0.085750000000000007 1 33.685000000000009 18.705000000000002 2
decision_type=2 2 2 2 2 2 2 1 2 2 1 2 2 1
left_child=1 2 4 6 8 -3 -2 -7 -1 -4 -6 -9 -8 -11
right_child=3 5 9 -5 10 7 12 11 -10 13 -12 -13 -14 -15
leaf_value=-0.02164753653676163 0.029882531830683429 -0.014028349019509799 -0.030751665884992632 0.046123339183962969 -0.021272329637172575 0.022039337216838314 -0.00050964914905690174 -0.0038093618943863873 0.011483798321352174 0.028162889551290038 -0.040165600105693366 0.01867221750906382 0.022631546508155596 -0.0059906292529701101
leaf_weight=1341.556060731411 1602.8110374957323 890.90711426734924 145.42460294812918 1133.1443501859903 687.23212068527937 639.26869763433933 502.29574920237064 1252.6142242401838 193.05123601853848 204.24128919094801 1892.8050373792648 386.14767627418041 630.7772178798914 288.26376198232174
leaf_count=8965 4456 4316 925 2866 4674 2092 1854 5291 1058 679 14310 1215 1862 1437
internal_value=2.06715e-05 -0.0144148 -0.0249285 0.0295644 -0.0287296 0.00136153 0.0226631 0.00739084 -0.0174654 -0.000391495 -0.0354015 0.00150334 0.0123987 0.00870502
internal_weight=11790.5 7921.51 4752.57 3869.03 4114.64 3168.94 2735.88 2278.03 1534.61 637.93 2580.04 1638.76 1133.07 492.505
internal_count=56000 44962 32048 11038 29007 12914 8172 8598 10023 3041 18984 6506 3716 2116
cat_boundaries=0 1 2 3
cat_threshold=1 1 18
is_linear=0
shrinkage=0.05


Tree=23
num_leaves=15
num_cat=3
split_feature=7 7 7 8 3 3 5 9 3 2 5 5 9 3
split_gain=1839.64 486.469 170.294 170.053 138.373 107.226 98.7305 76.9426 75.2091 61.579 59.2291 54.4888 49.901 44.7286
threshold=0.29865000000000003 0.15035000000000001 0.42595000000000005 1.5000000000000002 33.965000000000011 27.885000000000002 3.6650000000000005 0 18.705000000000002 1 4.285000000000001 3.9950000000000006 2 22.545000000000005
decision_type=2 2 2 2 2 2 2 1 2 1 2 2 1 2
left_child=1 5 8 4 6 -1 -3 -7 10 -5 -2 -9 -6 -11
right_child=2 3 -4 9 12 7 -8 11 -10 13 -12 -13 -14 -15
leaf_value=-0.036080111634019807 0.018977028248930963 -0.0033327479634445798 0.045065444839129581 0.018530868708867963 0.036305858367172823 0.0084089841195035455 -0.022475153532965822 -0.011262179296960127 0.029392636614390674 -0.012902634053127686 -0.0060298824758652694 -0.041106705223631967 0.0028728361341694279 0.01267767171212212
leaf_weight=2068.7174036577344 930.36824442446232 1110.389399535954 1102.609244607389 844.61284270137548 141.33348811417818 248.75056523084641 1714.0566114485264 346.33472763001919 1466.7851982489228 384.00687665492296 315.6497849971056 275.53189105540514 429.81280675530434 303.05273915827274
leaf_count=17178 2887 4949 2866 3161 359 1039 9361 2160 4072 1961 1213 2042 1643 1109
internal_value=2.04323e-05 -0.0137971 0.0284979 -0.0041879 -0.0104239 -0.0298846 -0.0149611 -0.0150898 0.0217217 0.00963003 0.0126428 -0.0242315 0.0119749 -0.0015904
internal_weight=11682 7866.6 3815.41 4927.26 3395.59 2939.33 2824.45 870.617 2712.8 1531.67 1246.02 621.867 571.146 687.06
internal_count=56000 44962 11038 22543 16312 22419 14310 5241 8172 6231 4100 4202 2002 3070
cat_boundaries=0 1 2 3
cat_threshold=2 35 2
is_linear=0
shrinkage=0.05


Tree=24
num_leaves=15
num_cat=3
split_feature=7 7 7 2 9 8 3 5 7 3 5 3 5 9
split_gain=1697.29 437.496 208.59 147.395 144.508 126.06 92.4864 84.7294 76.0571 70.4535 63.4618 59.839 57.3812 41.9806
threshold=0.22085000000000002 0.35565000000000008 0.097950000000000023 0 1 1.5000000000000002 35.875000000000007 3.5950000000000002 0.49365000000000009 24.595000000000002 3.9150000000000005 21.325000000000003 3.6750000000000003 2
decision_type=2 2 2 1 1 2 2 2 2 2 2 2 2 1
left_child=2 4 -1 9 -2 7 10 -6 11 -4 -5 -3 -11 -8
right_child=1 8 3 6 5 -7 13 -9 -10 12 -12 -13 -14 -15
leaf_value=-0.037079472406293959 0.024604248260251042 0.021643545507141801 -0.0095395879405384652 -0.016622962789032924 0.0087762811321571467 0.016958577385309627 0.020974364380295069 -0.012229949968514061 0.052269489273704908 0.036339645648183316 -0.033084948483887246 0.040041694397006632 1.3565219290172721e-05 -0.011659346124098535
leaf_weight=1446.3137502446771 931.90541058778763 992.63960897177458 640.49249114096165 1218.4423101916909 743.84695953130722 982.5089371278882 154.70149970054626 1341.9280921295285 495.46106153726578 195.47611650824547 1146.3764381557703 817.85793367773294 240.37009105086327 226.42440026253462
leaf_count=12243 2935 3040 3816 7421 2628 3271 522 5829 1224 699 7972 2134 1136 1130
internal_value=2.34875e-05 0.0175205 -0.0209173 -0.0147775 0.00751092 0.00221303 -0.0208794 -0.00473668 0.0348521 0.000988857 -0.0246349 0.0300071 0.0164428 0.00188975
internal_weight=11574.7 6306.15 5268.6 3822.28 4000.19 3068.28 2745.94 2085.78 2305.96 1076.34 2364.82 1810.5 435.846 381.126
internal_count=56000 21061 34939 22696 14663 11728 17045 8457 6398 5651 15393 5174 1835 1652
cat_boundaries=0 1 2 3
cat_threshold=1 2 18
is_linear=0
shrinkage=0.05


Tree=25
num_leaves=15
num_cat=2
split_feature=7 7 3 9 9 8 7 7 3 3 8 8 5 7
split_gain=1555.35 461.208 164.7 129.491 108.453 108.433 99.4369 75.9389 68.6292 62.4793 61.411 60.3819 51.115 48.6166
threshold=0.20705000000000004 0.33525000000000005 19.325000000000003 0 1 1.5000000000000002 0.45485000000000003 0.11475 13.775 21.455000000000002 1.5000000000000002 1.0000000180025095e-35 3.7750000000000004 0.044150000000000009
decision_type=2 2 2 1 1 2 2 2 2 2 2 2 2 2
left_child=2 3 11 -2 13 8 9 -6 -5 12 -9 -1 -3 -4
right_child=1 6 4 5 7 -7 -8 10 -10 -11 -12 -13 -14 -15
leaf_value=-0.042639376773508576 0.020741698692965532 0.028988513611912597 -0.047202896936113903 -0.02091361676961917 -0.031996057544482467 0.013266810073378904 0.046559189691241037 -0.018912362496074954 -0.00099009629201751823 0.035181979272822995 0.005369107389446362 -0.025382067578808423 0.007274779861168615 0.0088732451860950561
leaf_weight=825.74437759071589 936.52554555982351 497.81310421228409 38.436713136732578 611.16508859395981 713.97982832044363 980.5053755864501 766.90505814552307 841.08957982063293 1460.2092464715242 879.3605515062809 374.95410444587469 1372.2517351806164 596.71097283810377 577.72267884016037
leaf_count=6828 3132 1403 299 3050 5859 3454 2044 4838 5781 2376 1827 10366 2036 2707
internal_value=2.59372e-05 0.0154808 -0.0218913 0.00462234 -0.0132113 -0.000406265 0.0312597 -0.0189781 -0.00689033 0.0252538 -0.0114306 -0.0319146 0.0172029 0.00508132
internal_weight=11473.4 6729.19 4744.18 3988.41 2546.18 3051.88 2740.79 1930.02 2071.37 1973.88 1216.04 2198 1094.52 616.159
internal_count=56000 23276 32724 15417 15530 12285 7859 12524 8831 5815 6665 17194 3439 3006
cat_boundaries=0 1 2
cat_threshold=2 2
is_linear=0
shrinkage=0.05


Tree=26
num_leaves=15
num_cat=3
split_feature=7 7 7 3 2 5 5 3 2 8 9 5 3 3
split_gain=1433.59 394.021 152.661 151.324 149.349 98.3045 96.9227 80.4033 77.0589 59.1433 49.1175 48.9218 56.6993 43.5804
threshold=0.29865000000000003 0.14695000000000003 0.42595000000000005 37.205000000000005 0 3.3250000000000006 3.8950000000000005 24.455000000000002 1 1.0000000180025095e-35 2 3.7450000000000006 11.105000000000002 17.965000000000003
decision_type=2 2 2 2 1 2 2 2 1 2 1 2 2 2
left_child=1 6 8 4 5 -3 7 -1 11 -6 -9 -2 -13 -10
right_child=2 3 -4 -5 9 -7 -8 10 13 -11 -12 12 -14 -15
leaf_value=-0.027776915201254096 0.020122702581097471 0.019076931563136161 0.042182336153407378 0.019834778683827575 -0.028300875520571901 -0.0043894565652791411 -0.036864025073599108 0.016444298661772466 0.016324424247330559 -0.010538881718786454 -0.014219096912525445 -0.039315165035813712 0.0043509552540437505 0.032038309282541359
leaf_weight=810.50180637836456 363.87920796871185 591.95253251492977 1019.5435753315687 590.34712445735931 740.8502609655261 1783.3176689445972 1375.0457438230515 197.32800796627998 793.20886232703924 1284.2567804977298 332.7388678342104 89.653007097542286 373.88221631199121 1026.3609203770757
leaf_count=6932 1105 2222 2866 1925 4184 8459 11595 951 2529 6419 2275 429 1305 2804
internal_value=2.59597e-05 -0.0122182 0.0257498 -0.00387287 -0.00706479 0.00146922 -0.027534 -0.017903 0.0193799 -0.0169853 -0.00273399 0.00640128 -0.00429307 0.0250886
internal_weight=11372.9 7706.34 3666.53 4990.72 4400.38 2375.27 2715.61 1340.57 2646.98 2025.11 530.067 827.414 463.535 1819.57
internal_count=56000 44962 11038 23209 21284 10681 21753 10158 8172 10603 3226 2839 1734 5333
cat_boundaries=0 1 2 3
cat_threshold=35 12 6
is_linear=0
shrinkage=0.05


Tree=27
num_leaves=15
num_cat=4
split_feature=7 7 7 3 9 5 2 8 8 7 9 5 2 3
split_gain=1316.22 309.104 220.218 145.946 121.36 122.979 107.226 70.4638 60.3581 53.8358 51.2932 49.4505 43.1705 42.1455
threshold=0.23845000000000002 0.37885000000000008 0.097950000000000023 34.745000000000012 0 3.7150000000000003 1 1.0000000180025095e-35 2.5000000000000004 0.50685000000000013 2 2.9450000000000007 3 25.365000000000006
decision_type=2 2 2 2 1 2 1 2 2 2 1 2 1 2
left_child=2 4 -1 6 -2 12 7 -4 -7 13 -5 -8 -6 -3
right_child=1 9 3 10 5 8 11 -9 -10 -11 -12 -13 -14 -15
leaf_value=-0.034238088815378459 0.02545755737495883 0.023761123150808906 -0.019575642725342901 0.022655678320667907 0.024771299442096988 -0.0078388435277514223 -0.0014445076567442489 0.0040259627020726458 0.019511771518287195 0.051680548729148859 -0.004009068757159377 -0.024764562744193863 0.0057826425355866351 0.043040866550990355
leaf_weight=1374.7933195009828 900.81525161862373 880.95281252264977 483.91810836642981 349.4914827644825 685.7098630592227 1482.6226318180561 256.95528489351273 900.01013555377722 230.50004104524851 383.92446727305651 357.26717875152826 1994.4870889335871 564.97381141036749 430.34359215199947
leaf_count=12243 2712 2758 3025 1216 2049 6015 1405 4749 730 1019 1670 13263 1991 1155
internal_value=2.59025e-05 0.0173429 -0.0168155 -0.0112794 0.00952112 0.00455542 -0.0153197 -0.00422087 -0.00413115 0.035126 0.00947937 -0.0220109 0.0164716 0.0301722
internal_weight=11276.8 5559.84 5716.92 4342.13 3864.62 2963.81 3635.37 1383.93 1713.12 1695.22 706.759 2251.44 1250.68 1311.3
internal_count=56000 18429 37571 25328 13497 10785 22442 7774 6745 4932 2886 14668 4040 3913
cat_boundaries=0 1 2 3 4
cat_threshold=2 33 22 35
is_linear=0
shrinkage=0.05


Tree=28
num_leaves=15
num_cat=2
split_feature=7 7 5 9 7 5 8 7 3 8 3 3 2 3
split_gain=1213.53 378.291 148.907 121.637 102.905 99.0276 89.1011 71.7308 67.2152 63.4239 62.0777 53.4508 48.2878 45.6048
threshold=0.20555000000000004 0.35565000000000008 3.9150000000000005 0 0.083350000000000021 3.7150000000000003 2.5000000000000004 0.49365000000000009 37.935000000000009 2.5000000000000004 19.325000000000003 21.325000000000003 1 22.795000000000005
decision_type=2 2 2 1 2 2 2 2 2 2 2 2 1 2
left_child=2 3 4 13 -1 12 8 11 -6 -7 -4 -3 -5 -2
right_child=1 7 10 5 6 9 -8 -9 -10 -11 -12 -13 -14 -15
leaf_value=-0.030670887712358409 0.011455613728636103 0.01823335921006396 -0.03803381135501957 0.018990192507455511 -0.013482811160629472 -0.0098414517721657265 0.023095829480168736 0.04903585030368058 0.017790581611797942 0.016409194794886225 -0.021156397888306432 0.036160939953561622 0.00061242434119112362 0.032717728339368576
leaf_weight=515.02341552078724 600.71639966219664 947.78898609429598 1036.685451477766 790.49213489890099 1400.2073979973793 1730.4229981079698 235.66339949518442 438.23517555743456 193.15788257867098 262.55096165835857 1181.6901314333081 756.37064599245787 656.68666659295559 438.3945931121707
leaf_count=4535 2248 3040 8970 2580 9103 7630 1149 1224 767 907 7978 2134 2533 1202
internal_value=3.07072e-05 0.0136997 -0.0198037 0.00542673 -0.0109949 0.000859123 -0.00541328 0.0309649 -0.00966534 -0.00636377 -0.0290842 0.0262399 0.0108046 0.0202995
internal_weight=11184.1 6621.66 4562.43 4479.26 2344.05 3440.15 1829.03 2142.39 1593.37 1992.97 2218.38 1704.16 1447.18 1039.11
internal_count=56000 23498 32502 17100 15554 13650 11019 6398 9870 8537 16948 5174 5113 3450
cat_boundaries=0 1 2
cat_threshold=2 35
is_linear=0
shrinkage=0.05


Tree=29
num_leaves=15
num_cat=3
split_feature=7 7 3 7 8 9 5 3 1 3 8 2 8 9
split_gain=1123.35 320.717 144.751 135.092 117.636 91.8886 75.9177 78.0324 71.1952 52.3837 50.4638 42.1217 41.547 39.5933
threshold=0.29865000000000003 0.13535000000000003 12.145000000000001 0.42595000000000005 2.5000000000000004 0 3.8950000000000005 24.455000000000002 2020.7300000000002 14.855000000000002 1.5000000000000002 1 1.0000000180025095e-35 2
decision_type=2 2 2 2 2 1 2 2 2 2 2 1 2 1
left_child=1 6 10 8 5 -4 7 -1 9 -2 -3 -12 -10 -9
right_child=3 2 4 -5 -6 -7 -8 13 12 -11 11 -13 -14 -15
leaf_value=-0.027907375812079756 0.010309840056894452 -0.025737152882915282 0.0077913194097634381 0.039481531905541579 0.023149313540391722 -0.0088584316606592616 -0.035512251571479705 0.016912383343354879 -0.018360896107281491 0.027244305026447348 0.009824479463956556 -0.02203397751362135 0.011014858221711664 -0.01247877719738996
leaf_weight=683.43658898770809 693.52445710450411 851.43252006173134 1310.7006208300591 943.97618705779314 501.95436819642782 2207.0728735029697 1150.0713674277067 172.9648694768548 179.64730932563543 1364.8595332056284 228.19643319398165 170.2125876173377 350.0123188123107 285.80327532440424
leaf_count=6231 2328 5203 5514 2866 1830 10910 10382 850 739 3942 1015 992 1163 2035
internal_value=3.24732e-05 -0.0108409 -0.00404387 0.0233012 0.000580789 -0.00265652 -0.0264406 -0.0172373 0.0173607 0.0215619 -0.0188834 -0.00415355 0.00100404 -0.00126382
internal_weight=11093.9 7561.85 5269.57 3532.02 4019.73 3517.77 2292.28 1142.2 2588.04 2058.38 1249.84 398.409 529.66 458.768
internal_count=56000 44962 25464 11038 18254 16424 19498 9116 8172 6270 7210 2007 1902 2885
cat_boundaries=0 1 2 3
cat_threshold=18 35 6
is_linear=0
shrinkage=0.05


Tree=30
num_leaves=15
num_cat=3
split_feature=7 7 5 3 7 2 8 7 3 3 2 3 5 2
split_gain=1027.42 328.605 134.648 107.009 84.3022 83.5658 82.9646 80.4257 67.8381 61.5035 55.2927 43.7226 41.3683 40.2645
threshold=0.20555000000000004 0.33775000000000005 3.6650000000000005 25.645000000000003 0.45485000000000003 0 2.5000000000000004 0.095650000000000013 24.025000000000002 39.525000000000013 1 11.105000000000002 3.1550000000000007 2
decision_type=2 2 2 2 2 1 2 2 2 2 1 2 2 1
left_child=2 3 6 5 10 12 8 -4 -1 -9 11 -3 -2 -10
right_child=1 4 7 -5 -6 -7 -8 9 13 -11 -12 -13 -14 -15
leaf_value=-0.020660292064540078 0.023539613991844472 -0.019575448607852344 -0.038817691188829669 0.015348678604656558 0.042253791019631233 -0.01135786827897271 0.020691980195628696 -0.022734288853943532 0.012183706785942676 0.0066288692098346487 0.027179362519988749 0.014914352344627372 0.0021840639898630001 -0.01291681272800814
leaf_weight=867.90904883295298 277.40473526716232 113.01534686982632 781.05478965491056 1361.6164887025952 667.39888907968998 1232.7367601171136 225.73917057365179 1788.3384214192629 343.68945255130529 196.73523637652397 1242.7507639229298 442.44662802666426 1189.6433654651046 276.51043430715799
leaf_count=6666 882 470 7676 4454 2044 5677 1179 12775 1719 851 3683 1450 4838 1636
internal_value=3.10232e-05 0.0126847 -0.0184007 0.00393701 0.0270719 -0.00182903 -0.00737044 -0.0252195 -0.0116604 -0.0198186 0.0213762 0.0076918 0.00621968 0.000972798
internal_weight=11007 6527.01 4479.98 4061.4 2465.61 2699.78 1713.85 2766.13 1488.11 1985.07 1798.21 555.462 1467.05 620.2
internal_count=56000 23498 32502 15851 7647 11397 11200 21302 10021 13626 5603 1920 5720 3355
cat_boundaries=0 1 2 3
cat_threshold=35 12 41
is_linear=0
shrinkage=0.05


Tree=31
num_leaves=15
num_cat=2
split_feature=7 7 2 7 3 9 5 5 8 5 3 3 3 5
split_gain=946.859 249.442 159.636 153.257 103.611 73.6953 71.5198 69.0358 56.9687 56.792 50.2135 40.8441 39.4945 38.9571
threshold=0.28315000000000007 0.11475 0 0.40505000000000008 16.335000000000004 1 3.5750000000000006 3.9350000000000005 1.0000000180025095e-35 3.1650000000000005 9.4050000000000029 39.525000000000013 36.175000000000004 3.9450000000000007
decision_type=2 2 1 2 2 1 2 2 2 2 2 2 2 2
left_child=1 9 8 5 13 -2 -7 -6 12 11 -8 -1 -3 -4
right_child=3 2 4 -5 7 6 10 -9 -10 -11 -12 -13 -14 -15
leaf_value=-0.014989094809978752 0.028045946616218488 -0.01074509086658982 -0.014352766648140156 0.034894015640913101 0.0029864128947744151 0.021251732268542659 -0.019480931784257523 -0.013913631106795395 0.015164355528365855 -0.032099461932240163 0.0061618786797048297 0.039230960917251562 0.027492273487977816 -0.031291938813317467
leaf_weight=258.17434934526682 636.55200652033091 454.65228504687548 757.68278555572033 1161.4290030300617 1288.9896468222141 734.21348868310452 225.02046525478363 1133.1545641720295 982.99741910398006 1376.0733325630426 1170.7143502756953 37.144003421068192 76.294101744890213 626.68479408323765
leaf_count=2212 1815 2437 4491 3692 5863 2217 965 6128 4179 13054 4065 151 246 4485
internal_value=3.12837e-05 -0.011003 -0.00570252 0.0196661 -0.0111458 0.0132423 0.00861304 -0.00492739 0.0079993 -0.0278354 0.00199483 -0.00784356 -0.00512699 -0.022072
internal_weight=10919.8 6991.85 5320.46 3927.93 3806.51 2766.5 2129.95 2422.14 1513.94 1671.39 1395.73 295.318 530.946 1384.37
internal_count=56000 43246 27829 12754 20967 9062 7247 11991 6862 15417 5030 2363 2683 8976
cat_boundaries=0 1 2
cat_threshold=1 2
is_linear=0
shrinkage=0.05


Tree=32
num_leaves=15
num_cat=3
split_feature=7 7 3 2 9 9 5 8 5 7 3 3 7 7
split_gain=871.019 286.627 127.056 116.857 97.4691 78.9893 82.3697 59.5036 53.7027 52.8509 51.0115 41.3116 40.8643 39.5697
threshold=0.20555000000000004 0.37885000000000008 19.325000000000003 0 1 2 3.5950000000000002 1.0000000180025095e-35 3.6650000000000005 0.50685000000000013 31.435000000000006 25.365000000000006 0.044150000000000009 0.091950000000000018
decision_type=2 2 2 1 1 1 2 2 2 2 2 2 2 2
left_child=2 3 7 10 12 -5 -7 -1 -6 11 -2 -3 -4 -9
right_child=1 9 4 5 8 6 -8 13 -10 -11 -12 -13 -14 -15
leaf_value=-0.037737270351197096 -0.010207838469415077 0.019115319297300877 -0.041850722338577395 0.024915540284100111 -0.0043831031491980551 0.018709570138645337 0.00010132344281724043 -0.034545805222742448 -0.022037823050107361 0.048345165898201967 0.012233925813646698 0.039072742910138562 0.011601112027959727 -0.014367007004904193
leaf_weight=735.53516109287739 1223.9040139093995 816.10275118052959 35.255812406539917 779.77490479499102 708.36622183769941 924.70007316768169 1656.8443535864353 331.02109581232071 1103.1783118396997 330.40176284313202 316.36444212496281 387.05744250863791 561.52406714856625 927.81896150112152
leaf_count=6774 5377 2758 299 2461 4308 3020 6663 3532 8126 1019 1045 1155 2694 6769
internal_value=3.19907e-05 0.0117544 -0.0170983 0.00584361 -0.00935075 0.0110474 0.00675458 -0.0264259 -0.0150699 0.0305984 -0.00554763 0.0256169 0.00811452 -0.0197427
internal_weight=10837.8 6435.15 4402.7 4901.59 2408.32 3361.32 2581.54 1994.38 1811.54 1533.56 1540.27 1203.16 596.78 1258.84
internal_count=56000 23498 32502 18566 15427 12144 9683 17075 12434 4932 6422 3913 2993 10301
cat_boundaries=0 1 2 3
cat_threshold=12 2 2
is_linear=0
shrinkage=0.05


Tree=33
num_leaves=15
num_cat=3
split_feature=7 7 2 7 8 3 3 2 3 8 5 2 3 7
split_gain=810.716 258.132 116.879 103.945 100.216 90.3565 81.6686 71.2442 69.9038 56.3256 56.1847 50.7779 31.6814 31.1063
threshold=0.30715000000000003 0.16345000000000001 0 0.45485000000000003 1.5000000000000002 39.525000000000013 13.415000000000001 1 30.155000000000005 1.5000000000000002 3.7750000000000004 2 18.085000000000004 0.099250000000000019
decision_type=2 2 1 2 2 2 2 1 2 2 2 1 2 2
left_child=1 5 -3 8 6 7 -4 9 10 -1 -2 -12 -6 -9
right_child=3 2 4 -5 12 -7 -8 13 -10 -11 11 -13 -14 -15
leaf_value=-0.01893947042794435 0.022039648690626523 -0.01840519217719323 -0.017536549996498878 0.039857621006405802 0.004756122671403692 0.0052851375996824318 0.0022112875044126646 -0.03553930318436286 0.033051762900326936 0.010944699523669221 -0.010744068170156671 0.012126494024764548 0.021190737256906136 -0.022626066015808331
leaf_weight=487.26262741535902 873.47150550782681 817.16963126510382 716.66536917537451 615.57969507575035 511.57065568864346 309.57329665124416 1919.2233512923121 846.66776882857084 527.914211794734 230.06262399256229 341.64206051081419 767.12301475554705 691.00706584006548 1104.0702442675829
leaf_count=4123 2691 4190 4011 2044 2253 1569 8127 8776 1507 1643 1364 2577 2341 8784
internal_value=3.22035e-05 -0.00875076 -0.00139427 0.0214687 0.0022807 -0.0202399 -0.00317174 -0.0232042 0.0169169 -0.00922125 0.0125763 0.00508188 0.0142288 -0.0281327
internal_weight=10759 7633.27 4655.64 3125.73 3838.47 2977.64 2635.89 2668.06 2510.15 717.325 1982.24 1108.77 1202.58 1950.74
internal_count=56000 45817 20922 10183 16732 24895 12138 23326 8139 5766 6632 3941 4594 17560
cat_boundaries=0 1 2 3
cat_threshold=4 1 12
is_linear=0
shrinkage=0.05


Tree=34
num_leaves=15
num_cat=2
split_feature=7 7 9 8 7 5 5 8 3 3 2 8 3 1
split_gain=740.375 240.262 122.092 105.416 100.092 69.954 66.711 76.2742 65.4949 54.6158 53.2176 54.5226 50.075 45.4031
threshold=0.30715000000000003 0.13535000000000003 0 1.5000000000000002 0.45485000000000003 3.6650000000000005 4.0150000000000006 1.5000000000000002 30.155000000000005 37.615000000000002 1 1.5000000000000002 27.065000000000001 1954.7650000000001
decision_type=2 2 1 2 2 2 2 2 2 2 1 2 2 2
left_child=1 6 9 5 8 -4 7 12 10 -3 -2 -12 -1 -9
right_child=4 2 3 -5 -6 -7 -8 13 -10 -11 11 -13 -14 -15
leaf_value=-0.031944341465491764 0.022387084519671554 0.0071819618576651235 -0.0025248958698836331 0.0048077051215677964 0.039005842695493821 -0.01847086629095859 -0.03272169789133219 0.012367259294644875 0.03199562589370443 0.039632244300573424 -0.0017603937826812519 0.020918122628556995 -0.0063296671237707269 -0.03006778797015075
leaf_weight=556.10611461102962 750.41425855457783 1091.1811799407005 1134.1620099693537 1327.9127089381218 598.08472903072834 1748.7269144579768 916.93942809104919 305.0331784337759 518.41722356528044 144.54382171481848 835.2956069111824 384.9142054989934 292.3245861902833 76.287709414958954
leaf_count=5661 2315 4817 5260 5861 2044 10020 9016 2254 1507 361 3124 1193 1888 679
internal_value=3.08459e-05 -0.0083632 -0.00277504 -0.00682525 0.0206652 -0.0122067 -0.0225177 -0.0148481 0.0162166 0.0109759 0.0120232 0.00538327 -0.0231723 0.00370919
internal_weight=10680.3 7593.22 5446.53 4210.8 3087.13 2882.89 2146.69 1229.75 2489.04 1235.73 1970.62 1220.21 848.431 381.321
internal_count=56000 45817 26319 21141 10183 15280 19498 10482 8139 5178 6632 4317 7549 2933
cat_boundaries=0 1 2
cat_threshold=2 33
is_linear=0
shrinkage=0.05


Tree=35
num_leaves=15
num_cat=4
split_feature=7 7 7 2 5 3 9 8 3 9 7 2 3 5
split_gain=682.608 174.396 156.272 132.082 90.4955 76.2621 72.5115 57.8392 50.0893 47.7842 43.8184 40.5386 39.1938 38.537
threshold=0.24775000000000003 0.39095000000000008 0.094350000000000003 0 4.0150000000000006 11.475000000000003 1 1.0000000180025095e-35 28.245000000000001 2 0.50685000000000013 3 36.175000000000004 3.4150000000000005
decision_type=2 2 2 1 2 2 1 2 2 1 2 1 2 2
left_child=2 4 -1 7 8 -5 -7 12 11 -6 -3 -2 -4 -9
right_child=1 10 3 5 9 6 -8 13 -10 -11 -12 -13 -14 -15
leaf_value=-0.028273355015920494 0.020416877573858988 0.024378986535109087 -0.015187331337185887 -0.028028689410895442 0.014573269519763569 0.0059997800749073188 -0.013659775557489038 0.030080308285314713 0.028274660707132634 -0.0058102077572811592 0.046422996262517419 0.0038043731761889681 0.024846233921435711 0.0066950558157504829
leaf_weight=1137.5063794106245 603.11646508425474 957.22466477751732 374.83636374026537 666.71982406079769 364.73441548645496 608.05438968539238 1986.9393146336079 244.2697609513998 526.37682036310434 1191.7473366484046 300.97195200622082 952.81923372298479 70.142932705581188 621.67756630480289
leaf_count=11555 1881 3294 2374 5192 1204 3005 12368 962 1506 4739 1019 3451 254 3196
internal_value=3.17061e-05 0.0137239 -0.0117117 -0.00757592 0.00816258 -0.0129367 -0.00908106 0.00581543 0.0149721 -0.000958656 0.02975 0.010426 -0.00875264 0.0133727
internal_weight=10607.1 4896.99 5710.15 4572.64 3638.79 3261.71 2594.99 1310.93 2082.31 1556.48 1258.2 1555.94 444.979 865.947
internal_count=56000 17094 38906 27351 12781 20565 15373 6786 6838 5943 4313 5332 2628 4158
cat_boundaries=0 1 2 3 4
cat_threshold=1 2 2 33
is_linear=0
shrinkage=0.05


Tree=36
num_leaves=15
num_cat=2
split_feature=7 7 3 9 5 9 8 5 5 7 7 3 8 3
split_gain=629.417 217.363 114.054 96.2206 91.2927 81.3029 54.937 51.6595 49.4858 49.3975 46.5483 41.2299 40.8486 40.2921
threshold=0.20705000000000004 0.37885000000000008 19.325000000000003 0 3.7150000000000003 1 1.5000000000000002 3.8950000000000005 3.1150000000000007 0.50685000000000013 0.11475 25.215000000000003 1.5000000000000002 18.445000000000004
decision_type=2 2 2 1 2 1 2 2 2 2 2 2 2 2
left_child=2 3 7 11 -5 -4 -6 12 -7 13 -10 -2 -1 -3
right_child=1 9 5 4 6 8 -8 -9 10 -11 -12 -13 -14 -15
leaf_value=-0.022451958273284622 0.011067509277158931 0.012615719635163983 0.0086272992894057925 0.010442170377563256 -0.010947572564209446 0.0059206938236758743 0.0061590260809942154 -0.031949522314638323 -0.028600399681279334 0.045719244820078157 -0.0099576434463281866 0.031456648027333951 -0.00041786602165725029 0.031572745860122459
leaf_weight=663.0586074963212 725.272978708148 545.55976309627295 593.51329809427261 1550.1104457974434 1460.1766324043274 296.85138153284788 688.62586086243391 955.65596991032362 509.96730519831181 290.634087421 980.59842160344124 378.39454314112663 307.59811878949404 588.08771695196629
leaf_count=5762 2653 1973 3006 5480 6584 1729 2576 9210 5050 1019 5745 1051 2222 1940
internal_value=3.36128e-05 0.0101968 -0.0146558 0.00510176 0.00120136 -0.00732299 -0.00546448 -0.0236938 -0.0126027 0.0273299 -0.0163805 0.017962 -0.0154922 0.0225072
internal_weight=10534.1 6226.86 4307.24 4802.58 3698.91 2380.93 2148.8 1926.31 1787.42 1424.28 1490.57 1103.67 970.657 1133.65
internal_count=56000 23276 32724 18344 14640 15530 9160 17194 12524 4932 10795 3704 7984 3913
cat_boundaries=0 1 2
cat_threshold=2 2
is_linear=0
shrinkage=0.05


Tree=37
num_leaves=15
num_cat=2
split_feature=7 7 2 5 7 3 3 8 2 5 5 3 8 3
split_gain=582.597 194.126 133.306 89.5523 87.8894 67.8154 64.8772 52.9309 54.8132 50.6288 44.0118 39.3546 35.0986 32.8368
threshold=0.30715000000000003 0.11475 0 3.9550000000000005 0.49365000000000009 14.125000000000002 30.155000000000005 1.5000000000000002 1 3.1650000000000005 3.4550000000000005 22.415000000000003 2.5000000000000004 39.525000000000013
decision_type=2 2 1 2 2 2 2 2 1 2 2 2 2 2
left_child=1 9 10 5 6 -4 7 8 -2 13 -3 -5 -12 -1
right_child=4 2 3 11 -6 -7 -8 -9 -10 -11 12 -13 -14 -15
leaf_value=-0.010790443166716542 0.018241645599250688 0.021043111141130836 -0.014593380554760411 -0.022512965023621753 0.042761188900921544 0.0040922789159976028 0.030944140120634955 0.023644023073717147 -0.0014146607482800162 -0.027526443734535378 -6.070929401762093e-05 -0.0081505608669390425 0.02508750513086035 0.03794329550941912
leaf_weight=242.90525089204311 573.59049011766911 498.01176413148642 685.96873761713505 1050.4500710144639 334.45795315876603 1641.9586098641157 545.48079317808151 634.21385591477156 899.43942006677389 1256.243478089571 1023.8372074812651 881.03945212811232 157.49079619348049 37.2454734146595
leaf_count=2212 1880 1883 4073 7106 1224 7432 1671 1983 3425 13054 4995 4329 582 151
internal_value=3.36103e-05 -0.00742517 -0.00332185 -0.00801524 0.0186872 -0.00142551 0.0156071 0.0115986 0.00637493 -0.0232487 0.00857205 -0.0159844 0.00334702 -0.00397803
internal_weight=10462.3 7475.15 5938.76 4259.42 2987.18 2327.93 2652.72 2107.24 1473.03 1536.39 1679.34 1931.49 1181.33 280.151
internal_count=56000 45817 30400 22940 10183 11505 8959 7288 5305 15417 7460 11435 5577 2363
cat_boundaries=0 1 2
cat_threshold=1 33
is_linear=0
shrinkage=0.05


Tree=38
num_leaves=15
num_cat=2
split_feature=7 7 5 2 8 9 5 7 3 7 3 3 3 3
split_gain=535.919 191.428 101.698 91.6916 90.3923 72.0277 64.744 52.0452 50.6416 46.7243 44.2061 40.72 37.6486 33.3185
threshold=0.20555000000000004 0.37885000000000008 3.9150000000000005 0 1.5000000000000002 1 4.1250000000000009 0.082050000000000026 19.325000000000003 0.50685000000000013 41.855000000000011 8.7750000000000004 18.445000000000004 21.075000000000003
decision_type=2 2 2 1 2 1 2 2 2 2 2 2 2 2
left_child=2 3 5 13 6 11 -5 -7 -4 12 -9 -1 -3 -2
right_child=1 9 8 4 -6 7 -8 10 -10 -11 -12 -13 -14 -15
leaf_value=-0.030329383976309056 0.0086596360725771492 0.011539951741763773 -0.030751163531002657 0.00099846246954136703 0.012249601253417536 -0.028911979020057078 -0.016213285428520411 -0.0095546505346935616 -0.014656215266691589 0.044366830941781447 0.024312841630628468 0.014854075338617261 0.030088979436887042 0.024509014221574248
leaf_weight=53.025188878178596 744.06480772793293 536.84803026914597 896.90077819675207 1541.3797927498817 1092.0846602618694 335.63071000576019 843.12411551177502 1253.2982840687037 1093.6843457370996 271.56219802424312 101.50299234688282 462.98028336465359 567.76824371516705 602.90928131341934
leaf_count=490 2756 1973 8970 6131 3868 3551 3980 8561 7978 1019 407 2545 1940 1831
internal_value=3.51556e-05 0.00937369 -0.0137563 0.00467361 0.000354742 -0.00635036 -0.00510007 -0.0113026 -0.0219435 0.0258017 -0.00696915 0.00987229 0.0211297 0.0156764
internal_weight=10396.8 6199.74 4197.02 4823.56 3476.59 2206.44 2384.5 1690.43 1990.59 1376.18 1354.8 516.005 1104.62 1346.97
internal_count=56000 23498 32502 18566 13979 15554 10111 12519 16948 4932 8968 3035 3913 4587
cat_boundaries=0 1 2
cat_threshold=1 2
is_linear=0
shrinkage=0.05


Tree=39
num_leaves=15
num_cat=4
split_feature=7 7 8 9 7 2 9 3 5 3 2 5 3 5
split_gain=494.782 166.381 136.873 101.841 88.5207 71.0606 63.4863 60.8819 58.6697 52.6912 46.2508 34.333 34.2932 35.4905
threshold=0.29865000000000003 0.094350000000000003 1.5000000000000002 0 0.45485000000000003 1 2 12.255000000000001 3.7450000000000006 33.965000000000011 3 4.0150000000000006 18.945000000000004 3.1050000000000004
decision_type=2 2 2 1 2 1 1 2 2 2 1 2 2 2
left_child=1 12 3 9 6 11 -2 -5 -8 -3 -10 -4 -1 -14
right_child=4 2 5 7 -6 -7 8 -9 10 -11 -12 -13 13 -15
leaf_value=-0.035296285636029115 0.026825100129085344 -0.0027827626958720842 0.023201930585557258 -0.028129044232598956 0.035188299157895953 -0.0037598701345460104 0.018294619790016693 -0.010582004385194327 -0.019613546993884318 0.021846165907116924 0.0057357843637494479 0.0048786043713164064 0.009096450904083982 -0.022804360837236037
leaf_weight=480.69716121256351 605.05774010717869 1146.2831378877163 625.44461873173714 644.55074480175972 524.8659459091723 848.90469168871641 858.81938527524471 2124.2978462427855 207.14227305352688 264.78464540839195 973.66079890727997 434.2619156986475 104.26693442463875 488.53629779815674
leaf_count=5974 1828 6408 2522 4737 2044 4569 2786 12123 888 885 3492 2163 768 4813
internal_value=3.44208e-05 -0.00724444 -0.00403847 -0.0091023 0.0164733 0.00704835 0.0127234 -0.0146399 0.00833478 0.00186219 0.00113321 0.0155815 -0.0253657 -0.0171758
internal_weight=10331.6 7162.03 6088.53 4179.92 3169.55 1908.61 2644.68 2768.85 2039.62 1411.07 1180.8 1059.71 1073.5 592.803
internal_count=56000 44962 33407 24153 11038 9254 8994 16860 7166 7293 4380 4685 11555 5581
cat_boundaries=0 1 2 3 4
cat_threshold=6 35 2 4
is_linear=0
shrinkage=0.05


Tree=40
num_leaves=15
num_cat=4
split_feature=7 7 9 2 3 8 3 9 7 5 7 2 8 3
split_gain=457.201 169.27 96.3513 93.1916 83.0547 66.2569 63.6087 56.362 53.1965 53.276 39.1549 38.9376 34.4037 33.6041
threshold=0.20275000000000001 0.39095000000000008 0 1 13.415000000000001 1.0000000180025095e-35 9.5150000000000023 2 0.080750000000000002 4.4450000000000012 0.50685000000000013 3 1.0000000180025095e-35 18.445000000000004
decision_type=2 2 1 1 2 2 2 1 2 2 2 1 2 2
left_child=2 3 6 12 -5 -4 -1 -6 -7 -10 13 -8 -2 -3
right_child=1 10 5 4 7 8 11 -9 9 -11 -12 -13 -14 -15
leaf_value=-0.032883401462246969 -0.023192455870929229 0.010693531289881542 -0.026930614262242605 -0.003268177249915627 0.021058135170652692 -0.028521747053708208 0.02279856282223261 0.0067453386977055557 -0.0035042284342156928 -0.027733454476968095 0.04313132593611213 -0.00096852377415763405 -0.0027407467554939925 0.03020018637263111
leaf_weight=118.0162416473031 317.76711189001799 432.63386721909046 1135.8839152976871 1211.2346785664558 1120.8796705827117 378.17287359386683 229.16991966962814 1847.8681661561131 1315.8716522753239 271.45560606569052 255.14488427713513 601.50842571258545 575.53414569795132 458.86622035875916
leaf_count=1183 1529 1655 10174 5252 3618 4365 1217 6851 8986 2251 1019 3872 2389 1639
internal_value=3.38788e-05 0.00854538 -0.0130344 0.00461681 0.0077418 -0.0172669 0.000984236 0.0122586 -0.0117373 -0.00769227 0.0258698 0.00590871 -0.00995805 0.0208015
internal_weight=10270 6219.93 4050.08 5073.28 4179.98 3101.38 948.695 2968.75 1965.5 1587.33 1146.64 830.678 893.301 891.5
internal_count=56000 23952 32048 19639 15721 25776 6272 10469 15602 11237 4313 5089 3918 3294
cat_boundaries=0 1 2 3 4
cat_threshold=2 4 18 1
is_linear=0
shrinkage=0.05


Tree=41
num_leaves=15
num_cat=3
split_feature=7 2 7 7 8 2 8 3 5 5 5 3 3 9
split_gain=422.375 122.416 113.201 87.1838 72.8258 70.9249 55.0217 53.4793 53.4425 52.7843 37.306 36.2108 33.6545 33.2635
threshold=0.25645000000000007 0 0.42595000000000005 0.15155000000000005 1.5000000000000002 1 1.5000000000000002 46.140000000000008 4.035000000000001 3.9550000000000005 3.0650000000000004 10.755000000000001 20.325000000000003 2
decision_type=2 1 2 2 2 1 2 2 2 2 2 2 2 1
left_child=1 6 4 7 5 -2 10 12 -7 11 -1 -5 -3 -12
right_child=2 3 -4 9 -6 8 -8 -9 -10 -11 13 -13 -14 -15
leaf_value=0.017401851829269326 0.016657329056020333 -0.030880642438633796 0.029872847147533535 -0.01807731312861521 0.018691063667324002 0.0054397065455961055 0.015652006752335575 0.020064225029714153 -0.01171007092860446 -0.015535294821664714 0.0090562737748909519 0.0032632500699987577 -0.016599572805714762 -0.012944756186540875
leaf_weight=172.48684173822403 720.45081267505884 832.73337591439486 712.18127906322479 239.80352584272623 1132.5965391248465 1088.1922145187855 546.15047004073858 70.537070021033287 775.34099104255438 1062.8246460556984 218.07529573887587 1093.3218872696161 844.5752182751894 701.18659519404173
leaf_count=892 2375 9514 2866 1526 3604 3914 2848 359 3250 6494 1178 5036 7146 4998
internal_value=3.46622e-05 -0.00886385 0.0116497 -0.0134169 0.00813645 0.0034939 0.00272386 -0.0219333 -0.0016939 -0.00724049 -0.00374378 -0.000607475 -0.0237322 -0.00775516
internal_weight=10210.5 5781.69 4428.76 4143.8 3716.58 2583.98 1637.9 1747.85 1863.53 2395.95 1091.75 1333.13 1677.31 919.262
internal_count=56000 39991 16009 30075 13143 9539 9916 17019 7164 13056 7068 6562 16660 6176
cat_boundaries=0 1 2 3
cat_threshold=1 1 2
is_linear=0
shrinkage=0.05


Tree=42
num_leaves=15
num_cat=3
split_feature=7 7 3 8 2 7 3 5 5 3 2 9 5 3
split_gain=391.076 144.654 127.789 109.473 77.8885 73.109 61.4319 53.872 51.1872 36.0085 32.9438 30.2588 25.851 23.6909
threshold=0.30715000000000003 0.086950000000000013 35.57500000000001 1.0000000180025095e-35 0 0.50685000000000013 30.155000000000005 3.0050000000000003 4.285000000000001 51.295000000000009 1 2 3.1650000000000005 15.295000000000002
decision_type=2 2 2 2 1 2 2 2 2 2 1 1 2 2
left_child=1 12 3 7 -5 6 8 -3 10 11 -2 -4 13 -1
right_child=5 2 9 4 -6 -7 -8 -9 -10 -11 -12 -13 -14 -15
leaf_value=-0.03441933212755665 0.0030684040543566826 0.0049912937093544449 0.021717832790374605 0.010495769566895789 -0.0058386622806875467 0.041974582108525033 0.028562293987660022 -0.019097467127680689 -0.0035271806337864547 0.043187331424499521 0.019095770494126346 0.0023944468179494163 -0.028866381946191833 0.0054053658326411831
leaf_weight=51.212786108255386 485.88168938457966 267.55133531242609 332.3212217092514 1018.3879172727466 2483.9924764111638 240.70319395512342 522.8875831887126 1696.1980349645019 558.5990211777389 89.851637542247772 1037.7135558463633 516.11712435632944 732.44797770678997 117.9687674343586
leaf_count=620 1810 1362 1106 4791 14568 1019 1699 11248 2196 263 3459 2276 8626 957
internal_value=3.39644e-05 -0.00609095 -0.00344558 -0.00637284 -0.00107089 0.0157485 0.0132797 -0.0158129 0.00940636 0.0135735 0.0141458 0.0102962 -0.0248077 -0.00703959
internal_weight=10151.8 7306.05 6404.42 5466.13 3502.38 2845.79 2605.08 1963.75 2082.19 938.29 1523.6 848.438 901.63 169.182
internal_count=56000 45817 35614 31969 19359 10183 9164 12610 7465 3645 5269 3382 10203 1577
cat_boundaries=0 1 2 3
cat_threshold=1 12 18
is_linear=0
shrinkage=0.05


Tree=43
num_leaves=15
num_cat=4
split_feature=7 7 5 2 3 9 5 9 8 3 9 1 7 7
split_gain=360.796 138.812 89.3144 87.4522 66.9969 59.3016 64.6236 45.2977 42.5295 37.9388 36.8859 33.9455 32.7751 31.7047
threshold=0.20275000000000001 0.40035000000000004 3.1650000000000005 0 19.325000000000003 1 3.1350000000000002 2 1.0000000180025095e-35 22.545000000000005 3 3449.2350000000001 0.50685000000000013 0.11475
decision_type=2 2 2 1 2 1 2 1 2 2 1 2 2 2
left_child=2 3 10 9 8 -5 -7 -6 -4 -2 11 -1 -3 -9
right_child=1 12 4 5 7 6 -8 13 -10 -11 -12 -13 -14 -15
leaf_value=0.02068340252848986 -0.011680624651425831 0.019653277857365977 -0.034902793614208054 0.020637996479923652 0.0045742272951160498 0.021992939803167969 0.0016703740364674175 -0.024190133710757913 -0.016801033222839299 0.003721230716461927 -0.0069671020043859059 -0.030382762232547173 0.041297163054623616 -0.0080076276171704083
leaf_weight=324.55718415230513 946.93779517710209 739.33500635251403 510.94142116606236 804.87482500076294 466.72888725996017 470.91890492290258 2244.0535007342696 458.00906275212765 914.83998909592628 688.46059272438288 364.94968630373478 33.479495286941528 232.67310929298401 896.20760837197304
leaf_count=1906 4404 2879 5696 2659 2501 1501 8944 4984 8610 2546 2663 253 1019 5435
internal_value=3.67857e-05 0.0076432 -0.0117006 0.00436831 -0.0152372 0.00879053 0.00519664 -0.00885882 -0.0233476 -0.00517034 0.00417836 0.0152725 0.0249454 -0.0134232
internal_weight=10097 6127.25 3969.71 5155.25 3246.73 3519.85 2714.97 1820.95 1425.78 1635.4 722.986 358.037 972.008 1354.22
internal_count=56000 23952 32048 20054 27226 13104 10445 12920 14306 6950 4822 2159 3898 10419
cat_boundaries=0 1 2 3 4
cat_threshold=12 2 2 22
is_linear=0
shrinkage=0.05


Tree=44
num_leaves=15
num_cat=4
split_feature=7 8 7 3 7 9 2 8 2 3 3 5 9 5
split_gain=333.061 118.612 107.021 92.8696 78.582 66.2388 66.189 55.6968 49.1633 33.3325 32.6855 32.2339 26.2018 24.7894
threshold=0.28315000000000007 2.5000000000000004 0.095650000000000013 35.57500000000001 0.45485000000000003 0 1 1.5000000000000002 2 8.7750000000000004 25.215000000000003 4.0050000000000008 3 3.4150000000000005
decision_type=2 2 2 2 2 1 1 2 1 2 2 2 1 2
left_child=1 2 11 6 5 10 -4 8 -7 -3 -2 -1 -5 -11
right_child=4 9 3 12 -6 7 -8 -9 -10 13 -12 -13 -14 -15
leaf_value=-0.016602457621933499 0.015774847994107381 -0.015518299078013552 -0.022769850088431607 0.019592528690472399 0.031545470865507894 0.011388890708714145 -0.0061041197585379545 0.01693513100906225 -0.0063800241435305041 0.029399719775336303 0.039344903354814151 -0.035842056826198919 0.00058295763339152732 0.0089184188056347403
leaf_weight=516.66262915730476 465.87009666860104 99.214032620191574 719.7977976500988 357.19678461551666 465.00159396231174 611.75796344876289 3378.9781272485852 727.35699869692326 1019.8530488088727 209.80565139651299 217.63884211704135 386.77617937326431 368.04526080936193 497.96072527766228
leaf_count=5591 1535 731 5028 1234 2044 2125 20373 2390 4037 892 623 4953 1660 2784
internal_value=3.57903e-05 -0.00663495 -0.00916394 -0.00619751 0.0124584 0.00951304 -0.00911574 0.00543615 0.000321589 0.0112818 0.0230828 -0.0249306 0.0102648 0.0150882
internal_weight=10041.9 6534.44 5727.46 4824.02 3507.48 3042.48 4098.78 2358.97 1631.61 806.98 683.509 903.439 725.242 707.766
internal_count=56000 43246 38839 28295 12754 10710 25401 8552 6162 4407 2158 10544 2894 3676
cat_boundaries=0 1 2 3 4
cat_threshold=2 4 33 22
is_linear=0
shrinkage=0.05


Tree=45
num_leaves=15
num_cat=1
split_feature=7 7 9 3 8 1 8 3 3 7 5 7 7 7
split_gain=306.727 122.223 81.1014 66.4167 57.9312 56.3854 65.1354 54.6622 47.4035 38.684 36.689 35.2307 34.1754 33.9353
threshold=0.20275000000000001 0.35565000000000008 0 33.685000000000009 1.0000000180025095e-35 1526.1550000000002 1.5000000000000002 9.4050000000000029 21.325000000000003 0.086950000000000013 3.6750000000000003 0.15035000000000001 0.034650000000000007 0.50685000000000013
decision_type=2 2 1 2 2 2 2 2 2 2 2 2 2 2
left_child=2 3 7 4 -2 6 11 -1 13 -8 -6 -4 -9 -3
right_child=1 8 5 -5 10 -7 9 12 -10 -11 -12 -13 -14 -15
leaf_value=-0.030754656564438571 -0.0081992757986144183 0.0076073686175906381 -0.023311023371136389 0.016997829611595929 0.012333368680889377 -0.025961033208117754 -0.021324345928027188 -0.044143255038773928 0.028397439083963135 0.0078949341775429935 -0.00034309641069092526 -0.0075993304725594322 0.0085491227364245057 0.03524519897543154
leaf_weight=108.605952039361 1349.1119835749269 838.32692063227296 834.59500924870372 682.50593665987253 953.51356536149979 829.88204166293144 139.07079308480024 29.059888675808907 706.68873773887753 556.19097793847322 1415.0795904025435 628.75911179184914 792.642513576895 125.62402012199163
leaf_count=1154 6060 3162 8974 2180 3334 7777 1642 327 2637 3426 5980 3957 4791 599
internal_value=3.54539e-05 0.00707348 -0.0108646 0.00269718 6.02459e-05 -0.0148471 -0.0106129 0.00207187 0.0185745 0.0019838 0.00476916 -0.0165895 0.00653183 0.0113074
internal_weight=9989.66 6070.85 3918.81 4400.21 3717.71 2988.5 2158.62 930.308 1670.64 695.262 2368.59 1463.35 821.702 963.951
internal_count=56000 23952 32048 17554 15374 25776 17999 6272 6398 5068 9314 12931 5118 3761
cat_boundaries=0 1
cat_threshold=2
is_linear=0
shrinkage=0.05


Tree=46
num_leaves=15
num_cat=2
split_feature=7 2 7 7 8 5 5 3 8 3 5 5 2 3
split_gain=283.404 116.453 98.7977 62.7497 61.2817 64.4317 55.2954 46.5059 42.3699 39.2279 37.2231 31.3575 28.5696 28.4143
threshold=0.30715000000000003 0 0.15155000000000005 0.50685000000000013 3.5000000000000004 4.2150000000000007 4.2950000000000008 46.140000000000008 2.5000000000000004 30.155000000000005 3.4450000000000007 3.6750000000000003 1 10.405000000000003
decision_type=2 1 2 2 2 2 2 2 2 2 2 2 1 2
left_child=1 8 7 6 5 -4 9 11 10 12 -1 -3 -2 -8
right_child=3 2 4 -5 -6 -7 13 -9 -10 -11 -12 -13 -14 -15
leaf_value=0.013297068069016166 0.002096690589204447 -0.012185696894873727 -0.0013034252254814154 0.039551687119133365 0.02729611339595327 -0.01650519173160277 -0.021323095916668741 0.020083757156280926 0.023252820203657022 0.030798667054461184 -0.0025992729805202476 -0.026637861635703398 0.017021852267419143 0.0042892756575659214
leaf_weight=520.22463901340961 486.28041075915098 627.23937860876322 2363.4668289124966 213.43496211245656 143.11647887527943 985.93083533644676 131.86595658957958 69.79481466114521 270.96161658316851 355.80664302408695 1241.0329572930932 964.52221885323524 1015.2652447484434 546.53587995842099
leaf_count=2546 1836 5815 11263 1019 525 5662 584 359 1205 1177 7597 10845 3488 2079
internal_value=3.2925e-05 -0.00519037 -0.00917526 0.0136772 -0.00441097 -0.00578899 0.0114552 -0.0192187 0.00493549 0.0159113 0.00211067 -0.0209766 0.0123292 -0.00076115
internal_weight=9935.48 7186.29 5154.07 2749.19 3492.51 3349.4 2535.75 1661.56 2032.22 1857.35 1761.26 1591.76 1501.55 678.402
internal_count=56000 45817 34469 10183 17450 16925 9164 17019 11348 6501 10143 16660 5324 2663
cat_boundaries=0 1 2
cat_threshold=1 12
is_linear=0
shrinkage=0.05


Tree=47
num_leaves=15
num_cat=4
split_feature=7 8 7 3 2 5 2 7 5 3 9 5 9 7
split_gain=260.406 121.72 95.2818 57.3617 56.494 55.673 54.3862 53.5418 50.8328 45.0693 43.9452 32.534 30.7672 27.5323
threshold=0.32415000000000005 1.5000000000000002 0.14695000000000003 11.695000000000002 0 3.4150000000000005 1 0.50685000000000013 4.245000000000001 19.325000000000003 2 3.0750000000000006 3 0.20975000000000002
decision_type=2 2 2 2 1 2 1 2 2 2 1 2 1 2
left_child=1 2 9 -4 13 -6 -5 8 12 -1 -7 -11 -2 -3
right_child=7 4 3 6 5 10 -8 -9 -10 11 -12 -13 -14 -15
leaf_value=-0.029412642972795552 0.030991719194817708 -0.024373710007246464 -0.016199301944962882 -0.01593262224940592 0.021852935065627813 0.018767384931968133 0.0019881942056849062 0.038874476681410808 0.00044383622504278803 0.0096176867207643894 -0.0017388938469544745 -0.016234122049042714 0.013087645326821896 0.0014173096998738375
leaf_weight=640.37863552942872 324.59694086387753 212.8886747919023 808.19491815567017 500.37771756201982 553.5692548006773 330.42709240317345 2404.6714906170964 206.52423019334674 632.03606508299708 145.13100095838308 1088.6216049231589 699.0377360060811 1143.9800142347813 198.13122801482677
leaf_count=8237 1039 1838 4937 2657 2484 1544 10884 1019 2486 985 6532 6406 4160 792
internal_value=3.41711e-05 -0.0044425 -0.00873121 -0.00444358 0.00490873 0.0084066 -0.00115976 0.0147315 0.0123058 -0.0194251 0.00318528 -0.0117713 0.0173996 -0.0117375
internal_weight=9888.57 7581.43 5197.79 3713.24 2383.64 1972.62 2905.05 2307.14 2100.61 1484.55 1419.05 844.169 1468.58 411.02
internal_count=56000 47296 34106 18478 13190 10560 13541 8704 7685 15628 8076 7391 5199 2630
cat_boundaries=0 1 2 3 4
cat_threshold=4 4 2 2
is_linear=0
shrinkage=0.05


Tree=48
num_leaves=15
num_cat=3
split_feature=7 9 7 8 5 5 7 3 3 3 5 2 3 2
split_gain=241.903 90.7291 80.307 80.1094 65.5923 56.709 50.8847 42.3238 40.3167 39.2437 35.731 32.6015 30.8419 26.4348
threshold=0.24775000000000003 0 0.42595000000000005 1.0000000180025095e-35 4.0150000000000006 4.4450000000000012 0.080750000000000002 9.5150000000000023 9.4050000000000029 24.745000000000001 3.0250000000000004 1 40.395000000000003 2
decision_type=2 1 2 2 2 2 2 2 2 2 2 1 2 1
left_child=1 7 4 10 9 6 -5 -1 -6 13 -3 -9 -10 -2
right_child=2 3 -4 5 8 -7 -8 11 12 -11 -12 -13 -14 -15
leaf_value=-0.019312136282111834 0.015256777256764206 -0.0012440272718048833 0.025160402482429151 -0.022113732249114219 -0.0187892945755808 -0.021811705290172595 0.00066567563538725237 0.021223743644451933 -0.00021277216975142349 0.021048521910556658 -0.023544000411381095 0.0023747393496812005 0.027537322806956633 0.0014737177263525053
leaf_weight=159.45867915078998 558.70388187468052 210.67203943431377 623.79390804097056 278.494907297194 279.0954132899642 445.15186367556453 1897.8599468134344 316.30168167501688 1308.8854206502438 726.35936313122511 1229.7671971693635 789.44496982172132 105.41725672036409 912.87308928370476
leaf_count=1454 1852 1390 2866 3498 1282 3780 11673 1501 5026 2336 10896 4714 310 3422
internal_value=3.53237e-05 -0.00717942 0.00854672 -0.0108037 0.00586616 -0.0056142 -0.00227569 0.00450412 -0.00152911 0.0115582 -0.0202919 0.00802222 0.00190953 0.00684049
internal_weight=9842.28 5327.15 4515.13 4061.95 3891.33 2621.51 2176.35 1265.21 1693.4 2197.94 1440.44 1105.75 1414.3 1471.58
internal_count=56000 38906 17094 31237 14228 18951 15171 7669 6618 7610 12286 6215 5336 5274
cat_boundaries=0 1 2 3
cat_threshold=2 1 33
is_linear=0
shrinkage=0.05


Tree=49
num_leaves=15
num_cat=2
split_feature=7 7 3 9 8 5 7 9 8 5 1 5 3 3
split_gain=224.109 94.1151 74.9004 73.0775 63.2312 60.2376 50.6652 47.9598 45.3656 40.115 34.1913 33.6551 32.0731 31.7334
threshold=0.20275000000000001 0.40035000000000004 19.325000000000003 0 2.5000000000000004 3.0050000000000003 0.052350000000000008 1 3.5000000000000004 4.2950000000000008 2261.3000000000006 3.1050000000000004 19.445000000000004 25.645000000000003
decision_type=2 2 2 1 2 2 2 1 2 2 2 2 2 2
left_child=2 3 8 13 5 -5 -4 11 9 -1 -9 -8 -3 -2
right_child=1 12 6 4 -6 -7 7 10 -10 -11 -12 -13 -14 -15
leaf_value=-0.014453142383241741 0.0089271023048890976 0.011981838192579475 -0.028776742664562566 0.014606735381870016 0.016936413149169712 -0.0048029160467220264 0.032110701967192651 -0.0029246604245185665 0.02110363397033034 -0.032767518983309846 -0.023838775457724521 0.0042052359523665223 0.031131260028427084 0.026837104988385457
leaf_weight=1176.419466663152 790.38589899986982 467.14750996232033 176.2136216647923 458.6704159155488 490.44876404851675 2978.8073061034083 129.69742892682552 1048.6277488991618 70.718065779656172 403.45096033066511 237.50960374251008 588.49711355566978 418.65973768755794 360.55103294551373
leaf_count=11542 2980 2091 1988 1579 1654 12752 546 7377 525 4764 1972 3334 1807 1089
internal_value=3.5904e-05 0.00609596 -0.00939636 0.00346697 0.000197766 -0.00220256 -0.00330559 -0.00102659 -0.0174221 -0.0191833 -0.00678074 0.00922927 0.021107 0.0144675
internal_weight=9795.8 5964.67 3831.13 5078.86 3927.93 3437.48 2180.55 2004.33 1650.59 1579.87 1286.14 718.195 885.807 1150.94
internal_count=56000 23952 32048 20054 15985 14331 15217 13229 16831 16306 9349 3880 3898 4069
cat_boundaries=0 1 2
cat_threshold=2 6
is_linear=0
shrinkage=0.05


Tree=50
num_leaves=15
num_cat=2
split_feature=7 3 7 8 1 8 7 5 8 3 2 5 3 9
split_gain=206.712 109.074 94.9492 61.2821 50.4776 52.5233 49.3264 45.2058 42.5539 45.1253 33.8513 33.7142 29.0583 24.8882
threshold=0.32415000000000005 39.525000000000013 0.16805000000000003 1.0000000180025095e-35 2606.6000000000004 1.5000000000000002 0.50685000000000013 3.8050000000000002 1.5000000000000002 9.5150000000000023 0 3.6550000000000007 51.295000000000009 1
decision_type=2 2 2 2 2 2 2 2 2 2 1 2 2 1
left_child=1 2 4 10 5 -1 7 -2 9 -9 -4 -5 13 -3
right_child=6 12 3 11 -6 -7 -8 8 -10 -11 -12 -13 -14 -15
leaf_value=-0.016249141189883212 0.019441489413589697 0.022316149396538906 -0.025140092942477894 0.0096637118363138361 -0.030341551678447244 0.00099348881216947019 0.037370259780047474 -0.028178295484063084 0.018914006227137098 0.0034232817251625631 -0.0058700901034054696 -0.0015217159672489917 0.03884920159284716 0.0017190657468518272
leaf_weight=1362.9044926576316 895.69741981104016 241.5173159763217 270.87472282350063 1108.3756047263741 388.33321998268366 652.21535073965788 192.23124324530363 132.47030644118786 352.52875893935561 677.34278836846352 1297.7644138336182 1708.7956524416804 103.04343235492706 366.1018783301115
leaf_count=14241 3184 836 1592 4219 4384 5545 1019 614 1244 2643 6353 8036 338 1752
internal_value=3.5064e-05 -0.00395339 -0.00590573 -0.00152565 -0.0138866 -0.0106752 0.0133158 0.0110178 0.00449324 -0.00183107 -0.00943661 0.00288463 0.0146445 0.0103691
internal_weight=9750.2 7499.93 6789.26 4385.81 2403.45 2015.12 2250.27 2058.04 1162.34 809.813 1568.64 2817.17 710.663 607.619
internal_count=56000 47296 44370 20200 24170 19786 8704 7685 4501 3257 7945 12255 2926 2588
cat_boundaries=0 1 2
cat_threshold=4 18
is_linear=0
shrinkage=0.05


Tree=51
num_leaves=15
num_cat=2
split_feature=7 9 8 3 7 7 1 9 8 3 3 3 5 1
split_gain=188.486 85.8159 79.5288 73.3356 52.5108 46.8861 45.2578 43.0824 42.4708 38.0427 36.1843 35.9828 34.9736 31.2841
threshold=0.19755000000000003 0 1.0000000180025095e-35 19.325000000000003 0.39095000000000008 0.052350000000000008 2306.3700000000003 1 3.5000000000000004 10.755000000000001 31.435000000000006 13.305000000000001 2.9250000000000003 2261.3000000000006
decision_type=2 1 2 2 2 2 2 1 2 2 2 2 2 2
left_child=3 10 6 8 11 -5 9 -7 12 -3 -2 -4 -1 -9
right_child=1 2 4 5 -6 7 -8 13 -10 -11 -12 -13 -14 -15
leaf_value=0.0024278168618914308 0.012628043219421101 -0.019273780684611316 -0.0052040420507251158 -0.027620234103345943 0.022028479919952389 0.0093265205870798392 -0.024025333741896894 -0.0024458252558123305 0.020807739651809626 0.001448130589355857 0.033808850245529418 0.0079138970558241522 -0.02174207021391893 -0.023149927800919734
leaf_weight=168.25270234793425 1123.0302448309958 273.54487569257617 732.05566000938416 171.812723480165 486.4173105545342 688.88142878562212 299.86196799203753 994.50968447327614 67.806049216538668 1110.7911318205297 245.32112668454647 1810.611843727529 1311.8321083858609 220.7044192366302
leaf_count=1438 4279 1430 3287 1988 2101 3766 1559 7139 506 4688 759 6723 14429 1908
internal_value=3.41225e-05 0.00541201 0.00218249 -0.00898832 0.0070277 -0.00283838 -0.00651584 -0.000562302 -0.0172147 -0.00267934 0.0163717 0.00413545 -0.0189951 -0.00620289
internal_weight=9705.43 6081.63 4713.28 3623.8 3029.08 2075.91 1684.2 1904.1 1547.89 1384.34 1368.35 2542.67 1480.08 1215.21
internal_count=56000 24826 19788 31174 12111 14801 7677 12813 16373 6118 5038 10010 15867 9047
cat_boundaries=0 1 2
cat_threshold=2 6
is_linear=0
shrinkage=0.05


Tree=52
num_leaves=15
num_cat=2
split_feature=7 2 3 7 7 2 5 8 5 3 5 5 5 7
split_gain=178.379 99.0574 75.1461 63.5822 46.9914 45.069 41.6998 36.5882 40.3833 34.0291 31.9928 25.1913 24.3122 24.1976
threshold=0.32415000000000005 0 11.475000000000003 0.13875000000000001 0.50685000000000013 1 4.2250000000000005 1.5000000000000002 3.7350000000000008 24.455000000000002 3.0250000000000004 3.5250000000000004 4.5750000000000011 0.18145000000000003
decision_type=2 1 2 2 2 1 2 2 2 2 2 2 2 2
left_child=1 9 13 10 5 12 -5 8 -7 -1 -4 -11 -2 -3
right_child=4 2 3 6 -6 7 -8 -9 -10 11 -12 -13 -14 -15
leaf_value=0.00041911948597064689 0.020028682881357639 -0.028249481674104095 0.0057286204648717871 0.0029733086269179737 0.036466891230686693 0.010426280554516965 -0.0096480836880946975 0.016832202011951854 -0.014506867290464014 0.025458604247265138 -0.018386062748054793 0.0070373882313568177 -0.0036898412079516447 -0.012938230679491056
leaf_weight=1287.4726362787187 953.42833757773042 426.3945125490427 160.40637727081776 2242.78009557724 184.30932709947228 273.30330760776997 920.56762393563986 294.33758699148893 391.4615413993597 282.25969754159451 912.75482434034348 541.37195662409067 120.84018917754292 673.15600947290659
leaf_count=7981 3400 5349 1300 10202 1019 1019 4990 1062 1705 1111 9974 2626 499 3763
internal_value=3.25102e-05 -0.0036749 -0.00729338 -0.00427745 0.0124705 0.0102448 -0.000705311 0.00222534 -0.00425537 0.00547719 -0.0147757 0.0134198 0.0171982 -0.0189365
internal_weight=9664.84 7447.16 5336.06 4236.51 2217.68 2033.37 3163.35 959.102 664.765 2111.1 1073.16 823.632 1074.27 1099.55
internal_count=56000 47296 35578 26466 8704 7685 15192 3786 2724 11718 11274 3737 3899 9112
cat_boundaries=0 1 2
cat_threshold=1 49
is_linear=0
shrinkage=0.05


Tree=53
num_leaves=15
num_cat=4
split_feature=7 5 8 7 2 5 2 3 3 3 2 3 8 9
split_gain=163.634 84.2965 64.5442 55.197 50.5895 46.4304 46.1022 42.9498 37.6507 30.8759 30.3394 28.3376 22.6521 22.551
threshold=0.27365000000000006 3.6650000000000005 1.5000000000000002 0.095650000000000013 0 4.245000000000001 1 34.745000000000012 14.005000000000001 8.7750000000000004 2 27.885000000000002 2.5000000000000004 3
decision_type=2 2 2 2 1 2 1 2 2 2 1 2 2 1
left_child=1 6 4 -3 -2 8 11 10 -6 -8 -5 12 -1 -11
right_child=2 3 -4 7 5 -7 9 -9 -10 13 -12 -13 -14 -15
leaf_value=0.00034287744584627174 0.015575249071932952 -0.024339186352776276 0.018650664705657457 -0.0012497040058797957 -0.0077289937127961008 -0.012397209064811589 -0.027039049260353845 0.0058352404180741779 0.010652235426330101 0.0072737096509257583 -0.013381447348058063 0.019294376086052993 0.0233480771547269 -0.0081379922104731148
leaf_weight=772.89906941726804 679.19174580276012 553.81101666763425 1082.6584715507925 739.0435388609767 403.11479176580906 551.25480907037854 139.66765293851495 521.53056316822767 886.35129953920841 379.23419329151511 1788.0029097162187 416.69723336398602 121.2153030410409 590.85417609289289
leaf_count=5015 2475 7676 3834 4357 1728 2450 1203 2269 3360 2083 13277 1751 573 3949
internal_value=3.1849e-05 -0.00500936 0.00845714 -0.00985509 0.00406061 -0.000289414 0.00220553 -0.00720254 0.00490127 -0.00527164 -0.009897 0.00850878 0.00352935 -0.00211817
internal_weight=9625.53 6022.96 3602.57 3602.39 2519.91 1840.72 2420.57 3048.58 1289.47 1109.76 2527.05 1310.81 894.114 970.088
internal_count=56000 42153 13847 27579 10013 7538 14574 19903 5088 7235 17634 7339 5588 6032
cat_boundaries=0 1 2 3 4
cat_threshold=1 41 1 18
is_linear=0
shrinkage=0.05


Tree=54
num_leaves=15
num_cat=3
split_feature=7 8 7 9 3 7 3 2 9 5 8 7 3 3
split_gain=152.459 94.2534 66.1916 60.614 49.7597 45.2751 43.1863 42.1778 41.6495 38.4014 32.7183 29.2607 28.4467 24.535
threshold=0.32415000000000005 1.5000000000000002 0.097950000000000023 0 40.82500000000001 0.50685000000000013 11.475000000000003 1 2 3.7450000000000006 1.5000000000000002 0.17045000000000002 22.415000000000003 18.945000000000004
decision_type=2 2 2 1 2 2 2 1 1 2 2 2 2 2
left_child=1 2 13 12 7 8 -5 -3 -2 -10 -11 -9 -4 -1
right_child=5 4 3 6 -6 -7 -8 11 9 10 -12 -13 -14 -15
leaf_value=-0.033126282470171485 0.022826114960945488 0.0089508823383655216 -0.0032152417932261482 -0.021262397919965079 0.029408389670914133 0.035637594084956224 -0.0061269536046402832 -0.016745157237105231 0.015005306849446268 -0.0070864071844281788 0.013133630262273682 0.0014035603830081049 0.010615944997258013 -0.013524086373615541
leaf_weight=280.50072427839041 440.66521257162094 1192.9454002380371 797.51592232659459 590.2917615622282 187.18385480344296 177.45302130281925 2315.6028798669577 342.93955451622605 631.80955700948834 652.51601721718907 284.95527262985706 619.20589914172888 691.638686388731 382.53427921980619
leaf_count=4556 1557 6332 4836 4454 668 1019 13231 3477 2348 2716 1064 2713 2820 4209
internal_value=3.0294e-05 -0.00339818 -0.00723673 -0.00500685 0.00488973 0.0116182 -0.00918868 0.00272221 0.00944763 0.00547447 -0.000918003 -0.0050449 0.00319567 -0.0219288
internal_weight=9587.76 7400.36 5058.08 4395.05 2342.27 2187.4 2905.89 2155.09 2009.95 1569.28 937.471 962.145 1489.15 663.035
internal_count=56000 47296 34106 25341 13190 8704 17685 12522 7685 6128 3780 6190 7656 8765
cat_boundaries=0 1 2 3
cat_threshold=6 35 2
is_linear=0
shrinkage=0.05


Tree=55
num_leaves=15
num_cat=5
split_feature=7 2 5 7 9 2 5 9 3 3 3 9 7 8
split_gain=140.452 73.5405 59.9259 58.3031 40.9604 38.1044 36.2925 40.9998 31.3418 29.5231 26.6357 26.4292 23.5114 23.1409
threshold=0.20845000000000002 0 3.9150000000000005 0.36825000000000008 1 2 3.1250000000000004 3 12.845000000000001 41.855000000000011 25.215000000000003 4 0.082050000000000026 1.5000000000000002
decision_type=2 1 2 2 1 1 2 1 2 2 2 1 2 2
left_child=2 8 4 6 13 -4 -3 -8 -2 12 -5 -10 -6 -1
right_child=1 3 5 10 9 -7 7 -9 11 -11 -12 -13 -14 -15
leaf_value=0.0035601178517787979 -0.014030768091868668 0.018090412829774392 -0.0055068296236291722 0.014446325650721105 -0.021169584117725213 -0.020406164131921718 0.014757828252124751 -0.00034724921705243391 0.0098956133663235558 0.017747446823172499 0.033582000437758851 -0.004610237334126922 -0.0045568938140485892 0.026425008354818515
leaf_weight=348.54017412289977 489.38029020652175 487.09773830324411 793.53085210546851 601.35509524866939 256.35364560782909 1000.4628079943359 574.00769793987274 1919.8111515343189 484.06883302330971 122.84297970682383 264.11822621151805 840.05528112500906 1207.4887774139643 159.93074893951416
leaf_count=2266 2442 1600 6838 2544 3400 10336 2004 7834 1852 564 1113 3662 8727 818
internal_value=3.12023e-05 0.00505686 -0.00728092 0.00895451 -0.00153283 -0.0139802 0.00564958 0.00320079 -0.00324251 -0.00548426 0.0203818 0.00074297 -0.00750352 0.0106563
internal_weight=9549.04 5659.89 3889.15 3846.39 2095.16 1793.99 2980.92 2493.82 1813.5 1586.69 865.473 1324.12 1463.84 508.471
internal_count=56000 23051 32949 15095 15775 17174 11438 9838 7956 12691 3657 5514 12127 3084
cat_boundaries=0 1 2 3 4 5
cat_threshold=12 2 3 2 18
is_linear=0
shrinkage=0.05


Tree=56
num_leaves=15
num_cat=2
split_feature=7 8 3 2 7 8 5 2 5 3 3 7 5 3
split_gain=129.361 72.669 61.9001 54.4857 46.6496 45.4781 45.3219 43.9643 43.2236 29.457 27.7213 23.9388 22.1327 20.3569
threshold=0.25645000000000007 1.0000000180025095e-35 29.975000000000005 0 0.50685000000000013 1.5000000000000002 3.0250000000000004 1 3.9950000000000006 40.82500000000001 36.865000000000002 0.14695000000000003 4.705000000000001 24.155000000000005
decision_type=2 2 2 1 2 2 2 1 2 2 2 2 2 2
left_child=1 6 4 13 5 7 -1 -2 9 -5 -8 -10 -4 -3
right_child=2 3 12 8 -6 -7 10 -9 11 -11 -12 -13 -14 -15
leaf_value=0.0052201245611120904 0.0099010825277052461 0.0030485754438252235 0.020905922139322377 -0.0015355184224553424 0.032171794249850033 0.011532288356228439 -0.018780172960933421 -0.0059163350118809251 -0.022723805803087277 0.023015514699603265 -0.00023648824450444412 -0.0067945757624858164 -0.013002008683265365 0.017277969899355011
leaf_weight=292.81340393796563 592.4111665263772 616.89359138533473 785.17815151810646 1313.1050122268498 134.04644581675529 941.15782097354531 1391.2602993100882 1591.2822257839143 373.51319523528218 131.68264631181955 235.68516013398767 642.17980392277241 49.305410638451576 423.07235287874937
leaf_count=1815 2169 4054 2820 9103 807 3356 12739 6638 4683 505 1213 3936 219 1943
internal_value=3.06514e-05 -0.00503501 0.00673707 -0.00074475 0.00361755 0.00236298 -0.0128444 -0.00159933 -0.00479512 0.000745197 -0.0160992 -0.0127021 0.0188631 0.00878609
internal_weight=9513.59 5420.21 4093.38 3500.45 3258.9 3124.85 1919.76 2183.69 2460.48 1444.79 1626.95 1015.69 834.484 1039.97
internal_count=56000 39991 16009 24224 12970 12163 15767 8807 18227 9608 13952 8619 3039 5997
cat_boundaries=0 1 2
cat_threshold=1 1
is_linear=0
shrinkage=0.05


Tree=57
num_leaves=15
num_cat=3
split_feature=7 9 8 7 5 5 3 7 3 7 3 2 2 5
split_gain=121.897 86.6789 75.7347 45.0755 42.1563 40.8689 38.6048 35.4851 29.9936 29.5728 27.6859 24.8463 24.7658 20.2534
threshold=0.33525000000000005 0 1.0000000180025095e-35 0.080750000000000002 4.4250000000000007 4.2550000000000008 37.935000000000009 0.11695000000000001 12.255000000000001 0.056650000000000006 27.065000000000001 1 2 2.6850000000000005
decision_type=2 1 2 2 2 2 2 2 2 2 2 1 1 2
left_child=1 6 7 13 -5 10 9 -3 -9 -1 12 -11 -2 -4
right_child=5 2 3 4 -6 -7 -8 8 -10 11 -12 -13 -14 -15
leaf_value=-0.026662635494587597 0.021032924700212001 -0.027931749105568112 0.022723111794951706 0.002751287989563271 -0.011493975012132404 0.00012363548705282304 0.026754311325102528 -0.022695304575482581 -0.0068519999779159116 0.012885711960421029 0.028451377375387783 -7.5011188590382626e-05 0.0048689004682207068 -0.023397782610636342
leaf_weight=71.446321927011013 413.01033339649439 351.00705655664206 23.580469362437725 2794.7584429308772 634.73589723929763 571.99571237713099 211.29291288554668 385.56312107667327 1313.9702090322971 647.82897214591503 337.03514476120472 848.98721305653453 586.56604228913784 286.63712561875582
leaf_count=913 1578 5008 231 15000 4067 2468 663 2911 7247 3158 1374 4809 2439 4134
internal_value=3.03662e-05 -0.0028176 -0.00577883 -0.00155116 0.000107012 0.0113125 0.00680532 -0.0135037 -0.0104799 0.00411494 0.0160897 0.00563442 0.0118489 -0.0197079
internal_weight=9478.41 7569.81 5790.25 3739.71 3429.49 1908.61 1779.56 2050.54 1699.53 1568.26 1336.61 1496.82 999.576 310.218
internal_count=56000 48141 38598 23432 19067 7859 9543 15166 10158 8880 5391 7967 4017 4365
cat_boundaries=0 1 2 3
cat_threshold=2 3 17
is_linear=0
shrinkage=0.05


Tree=58
num_leaves=15
num_cat=4
split_feature=7 2 2 5 7 3 8 3 8 3 3 9 9 7
split_gain=112.616 67.8615 59.5087 54.9193 51.8659 36.3733 35.7019 37.7414 34.8376 35.7793 30.0699 26.6898 26.4356 23.2712
threshold=0.19755000000000003 0 1 3.4950000000000006 0.37885000000000008 30.605000000000004 2.5000000000000004 46.140000000000008 3.5000000000000004 19.075000000000003 22.545000000000005 2 3 0.06235000000000001
decision_type=2 1 1 2 2 2 2 2 2 2 2 1 1 2
left_child=2 10 5 11 6 -1 7 -3 9 -5 -2 13 -12 -4
right_child=1 4 3 8 -6 -7 -8 -9 -10 -11 12 -13 -14 -15
leaf_value=-0.022453860683356017 -0.0088015607352968026 0.0022389314415827469 -0.016521542822742773 -0.018435368864269951 0.020052317708796882 -0.00191790513436958 0.019018278636373825 0.034197474953074826 0.026516377890848708 -0.0030595538693530908 0.019749441516324448 -0.0012169139804096112 -0.0012958997047796176 0.021708039057950514
leaf_weight=790.37011272832751 1121.5413371287286 2806.8103893101215 42.624969393014908 644.98113711178303 719.46679327636957 296.91305893659592 409.6635165438056 92.556028909981251 67.525909528136253 912.82065447419882 184.89485413953662 396.24860714003444 606.57119029015303 352.07421990856528
leaf_count=8864 5436 11377 451 7480 3234 1902 1355 257 455 6970 633 3059 2534 1993
internal_value=3.0775e-05 0.00422268 -0.00707559 -0.00264339 0.00789164 -0.0167134 0.00525566 0.00329343 -0.00790853 -0.00944884 -0.00352663 0.00813171 0.0039088 0.0170571
internal_weight=9445.06 5941.5 3503.56 2416.28 4028.5 1087.28 3309.03 2899.37 1625.33 1557.8 1913.01 790.948 791.466 394.699
internal_count=56000 24826 31174 20408 16223 10766 12989 11634 14905 14450 8603 5503 3167 2444
cat_boundaries=0 1 2 3 4
cat_threshold=12 20 22 2
is_linear=0
shrinkage=0.05


Tree=59
num_leaves=15
num_cat=2
split_feature=7 2 8 7 7 3 5 3 3 5 9 8 5 5
split_gain=104.184 77.659 72.2379 52.621 41.0423 39.114 37.857 38.7501 37.1093 36.9505 31.591 29.4617 24.0292 23.5473
threshold=0.32415000000000005 0 1.5000000000000002 0.13765000000000002 0.50685000000000013 40.82500000000001 3.2750000000000004 9.5150000000000023 11.575000000000001 4.0150000000000006 1 2.5000000000000004 3.0150000000000001 4.3050000000000006
decision_type=2 1 2 2 2 2 2 2 2 2 1 2 2 2
left_child=1 13 3 12 6 9 -2 11 -5 -4 -9 -8 -3 -1
right_child=4 2 5 8 -6 -7 7 10 -10 -11 -12 -13 -14 -15
leaf_value=-0.01011348809031499 0.021393170760456968 0.0039408979503371749 0.011456418007138175 -0.011654788751991585 0.033688872217113558 0.03184774019790676 -0.019565045739161183 0.022294248295584157 0.0017883343050618017 -0.0031937353388909748 0.0034987418388687376 0.025061455553072643 -0.017652620581939813 -0.025894644979389321
leaf_weight=959.65153801441193 400.58410260826349 151.47996271774173 1048.6323606744409 644.61451357975602 162.77920154482126 149.81209091097116 234.69691745564342 280.41973179578781 2473.7445250377059 726.79340837523341 999.85246502608061 41.136677663773298 823.17621201276779 314.49574710056186
leaf_count=6753 1468 1324 5394 4127 1019 518 1041 1026 11736 4648 4015 135 10135 2661
internal_value=3.10634e-05 -0.0028055 -0.000416175 -0.00417331 0.00978093 0.00756333 0.00774347 0.00419526 -0.000999104 0.00546392 0.00785904 -0.0127116 -0.0142948 -0.0139512
internal_weight=9411.87 7292.4 6018.25 4093.02 2119.47 1925.24 1956.69 1556.11 3118.36 1775.43 1280.27 275.834 974.656 1274.15
internal_count=56000 47296 37882 27322 8704 10560 7685 6217 15863 10042 5041 1176 11459 9414
cat_boundaries=0 1 2
cat_threshold=4 2
is_linear=0
shrinkage=0.05


Tree=60
num_leaves=15
num_cat=3
split_feature=9 8 7 5 5 3 7 2 7 7 7 3 2 7
split_gain=102.809 88.3583 56.0794 46.7559 46.738 39.896 38.5329 34.4828 32.4211 26.0989 23.1462 22.8928 19.6465 18.459
threshold=0 1.0000000180025095e-35 0.39095000000000008 4.4250000000000007 3.1450000000000005 30.815000000000001 0.080750000000000002 1 0.056650000000000006 0.15155000000000005 0.32715000000000005 31.235000000000003 2 0.13425000000000004
decision_type=1 2 2 2 2 2 2 1 2 2 2 2 1 2
left_child=5 4 3 6 13 8 -3 -6 -1 -9 12 -5 -10 -2
right_child=1 2 -4 11 7 -7 -8 9 10 -11 -12 -13 -14 -15
leaf_value=-0.030575280513328397 -0.016788631488174475 -0.016942777621288863 0.018107474624453182 -0.016205423002679731 -0.0271821780059914 0.021772790532918692 0.0034964481260921672 -0.022124929269327107 -0.0052938233924269967 -0.0071104300964621187 0.018105789480506153 0.0039891152125455893 0.0081029226952418123 0.0088812351812691363
leaf_weight=56.165175639092922 83.005063384771347 245.69727315381169 444.35474464297295 600.36140317842364 369.67833470180631 510.83358584716916 3169.7675988227129 365.39356299489737 394.53195805847645 1378.4183667302132 367.18618279322982 181.52555422484875 837.54076654464006 376.38391249626875
leaf_count=822 879 3442 2101 4425 2968 1886 16356 4916 2475 7154 1438 941 4524 1673
internal_value=3.24496e-05 -0.00283789 0.00127858 -0.00051468 -0.0102682 0.00955168 0.00201254 -0.0134067 0.0058055 -0.0102306 0.00713803 -0.0115197 0.00383335 0.00416422
internal_weight=9380.84 7214.59 4641.71 4197.35 2572.88 2166.26 3415.46 2113.49 1655.42 1743.81 1599.26 781.887 1232.07 459.389
internal_count=56000 44855 27265 25164 17590 11145 19798 15038 9259 12070 8437 5366 6999 2552
cat_boundaries=0 1 2 3
cat_threshold=2 4 20
is_linear=0
shrinkage=0.05


Tree=61
num_leaves=15
num_cat=4
split_feature=2 7 8 3 3 7 5 5 9 8 5 9 11 7
split_gain=94.6738 77.1291 56.6521 43.9943 43.229 42.5935 35.9474 34.3585 27.8069 21.4962 23.8989 20.9385 18.4577 17.6832
threshold=0 0.22085000000000002 1.5000000000000002 35.57500000000001 11.475000000000003 0.33775000000000005 4.4450000000000012 4.035000000000001 1 2.5000000000000004 3.0750000000000006 2 3 0.39095000000000008
decision_type=1 2 2 2 2 2 2 2 1 2 2 1 1 2
left_child=5 4 3 7 -2 8 11 -3 -1 10 -10 -6 -8 -4
right_child=1 2 13 -5 6 -7 12 -9 9 -11 -12 -13 -14 -15
leaf_value=0.015347918749091201 -0.021665058971586947 0.00033997832338998992 0.0080575535396852013 0.015027390736960203 0.0052857083216226019 0.021777749080791813 -0.0037644647142575116 -0.012002339397566154 0.01421477527591785 0.016252051369558953 -0.0031742658309635153 -0.0064100036302453872 -0.026895851345309564 0.024749531083371513
leaf_weight=495.71608260273933 557.58165955916047 1347.4042683802545 963.93224092945457 314.37808377295732 503.9252495393157 465.27654538303614 125.96275997906923 966.46542193740606 233.48018361628056 223.78151082992554 1198.5450092703104 1490.3925316333771 278.2177691757679 188.62403821572661
leaf_count=2299 6655 5685 3494 1149 3062 1874 1184 4676 1112 1026 7535 12535 2822 892
internal_value=2.85028e-05 -0.00310705 0.00161909 -0.00243511 -0.00915776 0.00807624 -0.00622674 -0.00482407 0.00512452 0.0019374 -0.000315333 -0.00345685 -0.0197678 0.0108465
internal_weight=9353.68 6736.88 3780.8 2628.25 2956.08 2616.8 2398.5 2313.87 2151.52 1655.81 1432.03 1994.32 404.181 1152.56
internal_count=56000 42154 15896 11510 26258 13846 19603 10361 11972 9673 8647 15597 4006 4386
cat_boundaries=0 1 2 3 4
cat_threshold=1 2 2 1
is_linear=0
shrinkage=0.05


Tree=62
num_leaves=15
num_cat=2
split_feature=8 7 3 5 3 7 5 1 3 2 1 9 5 7
split_gain=90.4612 83.3659 63.8305 55.7275 38.8049 36.6195 35.2182 28.5885 24.0963 23.6288 18.3054 17.5352 17.0769 21.7431
threshold=2.5000000000000004 0.17285000000000003 36.175000000000004 4.205000000000001 9.1650000000000009 0.39095000000000008 3.0250000000000004 2130.3950000000004 30.155000000000005 0 455.85000000000008 1 3.6650000000000005 0.21825000000000003
decision_type=2 2 2 2 2 2 2 2 2 1 2 1 2 2
left_child=1 4 3 5 -1 -3 10 -5 12 -8 -6 -4 -2 -14
right_child=8 2 11 7 6 -7 9 -9 -10 -11 -12 -13 13 -15
leaf_value=-0.02666134956211362 0.017534707360932569 0.0010040473845919161 0.03117733542312609 -0.0050107844538953249 0.029237115248941722 0.015986061604628385 -0.0044962752403661889 -0.02209372229820877 0.026110277303879489 -0.016353563099149631 0.0011884020763668879 0.010846745847405562 -0.0090144693743935723 0.011518952557956392
leaf_weight=295.25985427573323 353.3078119084239 3071.3795387707651 139.96030551195145 1321.9181296862662 74.438360072672367 467.40539961308241 932.88203164562583 298.4847144857049 270.17535457760096 798.00139869749546 234.87870404869318 533.58856846392155 211.24742345511913 321.24569865688682
leaf_count=4167 1626 13336 447 6500 481 2260 8743 1734 1086 8776 1801 1984 1843 1216
internal_value=2.86998e-05 -0.00182548 0.00137164 -0.000521687 -0.00980173 0.00299475 -0.00732622 -0.00819254 0.0131013 -0.010102 0.00815444 0.015812 0.00905872 0.00336819
internal_weight=9324.17 8168.2 5832.74 5159.19 2335.46 3538.78 2040.2 1620.4 1155.98 1730.88 309.317 673.549 885.801 532.493
internal_count=56000 50229 26261 23830 23968 15596 19801 8234 5771 17519 2282 2431 4685 3059
cat_boundaries=0 1 2
cat_threshold=35 2
is_linear=0
shrinkage=0.05


Tree=63
num_leaves=15
num_cat=4
split_feature=9 8 7 2 5 5 2 3 7 3 7 2 3 7
split_gain=88.8237 76.2464 45.8007 41.5858 39.2972 34.8509 33.8958 33.7516 29.1702 25.3292 20.3962 19.8403 19.4014 17.3538
threshold=0 1.0000000180025095e-35 0.39095000000000008 1 4.4250000000000007 3.1450000000000005 2 30.815000000000001 0.056650000000000006 12.145000000000001 0.41485000000000005 3 31.235000000000003 0.26495000000000007
decision_type=1 2 2 1 2 2 1 2 2 2 2 1 2 2
left_child=7 3 4 -2 6 -5 -3 8 -1 -7 11 -10 -6 -9
right_child=1 2 -4 5 12 9 -8 13 10 -11 -12 -13 -14 -15
leaf_value=-0.029548929228050781 -0.023316690247277238 0.0081468574597739728 0.016653739319538036 0.0071769503826724411 -0.014912187940752728 -0.02055999343747637 -0.0020723406207680838 0.014392100020473031 0.01040254770194528 -0.0062097544222914159 0.026823340163163057 -0.0011971424591186493 0.0037528694716456265 0.035391248433146387
leaf_weight=54.490914769470692 443.95825903117657 1313.161920350045 430.72591217979789 377.20360178872943 593.35974217578769 399.0375805310905 2082.8485571444035 366.56792571395636 794.10616348311305 1329.0159304365516 114.13955947756767 680.65141672641039 180.2588776089251 136.28840987384319
leaf_count=822 3478 6866 2101 2042 4425 3430 12932 1386 3945 8640 564 3928 941 500
internal_value=2.93018e-05 -0.00265056 0.00119014 -0.00958518 -0.000418092 -0.00651889 0.00190077 0.00891853 0.00547188 -0.00955336 0.00672634 0.00511962 -0.0105654 0.0202596
internal_weight=9295.81 7149.57 4600.36 2549.22 4169.63 2105.26 3396.01 2146.24 1643.39 1728.05 1588.9 1474.76 773.619 502.856
internal_count=56000 44855 27265 17590 25164 14112 19798 11145 9259 12070 8437 7873 5366 1886
cat_boundaries=0 1 2 3 4
cat_threshold=2 4 33 35
is_linear=0
shrinkage=0.05


Tree=64
num_leaves=15
num_cat=1
split_feature=2 7 3 8 5 5 3 3 5 7 8 7 7 1
split_gain=83.5444 70.6216 62.9762 59.7717 61.0143 30.3709 26.2402 22.3193 17.168 17.6026 16.4908 15.9568 15.4925 13.9354
threshold=0 0.33525000000000005 46.140000000000008 3.5000000000000004 3.1650000000000005 4.2550000000000008 21.745000000000001 27.885000000000002 2.9250000000000003 0.42595000000000005 1.0000000180025095e-35 0.26155000000000006 0.49365000000000009 353.28500000000003
decision_type=1 2 2 2 2 2 2 2 2 2 2 2 2 2
left_child=6 2 3 4 -2 7 11 12 -8 10 -10 -1 -3 -7
right_child=1 5 -4 -5 -6 13 8 -9 9 -11 -12 -13 -14 -15
leaf_value=-0.022647348636658987 0.0086113339027700242 0.010168978872258524 0.026138624179537245 0.022711795784786527 -0.004656702266361357 0.020591121426842426 0.016669516429562953 0.030047116652028673 -0.018796151932680773 0.026186928075114326 -0.0022213311979685435 -0.0089235309377459372 0.033069644377639699 -0.002693803144222926
leaf_weight=455.23965195193887 1063.6289640367031 717.20515748113394 216.85474723577499 249.09343434497714 4616.8828701041639 74.157246347516775 89.734547577798367 239.11097415164113 231.88693553954363 36.593871630728245 418.21271089464426 405.56126830726862 80.414746575057507 381.56024667620659
leaf_count=4837 5537 2794 802 1177 31043 284 418 1030 1502 195 2353 1804 511 1713
internal_value=2.82374e-05 0.00222868 -0.00013922 -0.00111297 -0.00216914 0.0119762 -0.0101754 0.0166937 -0.00355125 -0.00625464 -0.00819266 -0.0162349 0.0125931 0.00120515
internal_weight=9276.14 7638.91 6146.46 5929.61 5680.51 1492.45 1637.23 1036.73 776.428 686.694 650.1 860.801 797.62 455.717
internal_count=56000 44891 38559 37757 36580 6332 11109 4335 4468 4050 3855 6641 3305 1997
cat_boundaries=0 1
cat_threshold=4
is_linear=0
shrinkage=0.05


Tree=65
num_leaves=15
num_cat=2
split_feature=9 7 3 2 5 7 3 7 8 5 8 1 7 3
split_gain=80.9555 68.1585 55.7374 45.1356 41.6789 31.8658 32.2242 30.7879 26.1355 23.1384 23.78 23.0648 20.5479 17.7502
threshold=0 0.15035000000000001 11.575000000000001 1 4.0150000000000006 0.034650000000000007 30.815000000000001 0.44635000000000008 1.5000000000000002 2.8850000000000002 1.0000000180025095e-35 1954.7650000000001 0.32175000000000004 27.885000000000002
decision_type=1 2 2 1 2 2 2 2 2 2 2 2 2 2
left_child=5 4 9 -4 8 -1 12 -5 13 -3 -11 -10 -7 -2
right_child=1 2 3 7 -6 6 -8 -9 11 10 -12 -13 -14 -15
leaf_value=-0.041555309873203349 -0.017444439703285623 0.010342475903164706 -0.0047096973624055904 0.0049901860581330693 -0.022335887251830701 0.0027526124817475184 0.020520728685780313 0.028299211373356149 0.013077349956953966 -0.021570092656115702 -0.0062834146831640516 -0.021646452542036218 0.016029666078393449 0.00066653398931127848
leaf_weight=28.328661605715752 395.76766592636704 132.35925891622901 1400.7821921147406 2816.0171488784254 588.87865097820759 1237.0642092078924 489.38115989044309 146.39699567481875 250.58231764286757 387.73013036698103 740.44789092242718 56.09983442351222 378.93236110173166 204.42978458479047
leaf_count=405 5361 553 6918 12118 8297 7400 1823 841 2060 2525 3940 635 1517 1607
internal_value=2.95764e-05 -0.00253264 -1.11567e-05 0.00266519 -0.0120108 0.0085423 0.00931507 0.0061488 -0.00525469 -0.00925934 -0.0115804 0.00657733 0.00588986 -0.0113031
internal_weight=9253.2 7119.49 5623.73 4363.2 1495.76 2133.71 2105.38 2962.41 906.88 1260.54 1128.18 306.682 1616 600.197
internal_count=56000 44855 26895 19877 17960 11145 10740 12959 9663 7018 6465 2695 8917 6968
cat_boundaries=0 1 2
cat_threshold=2 12
is_linear=0
shrinkage=0.05


Tree=66
num_leaves=15
num_cat=2
split_feature=2 3 7 5 7 7 8 7 3 9 5 6 0 5
split_gain=77.0138 59.977 50.2105 39.0482 34.3823 31.947 28.4993 24.0561 23.3055 20.7254 20.2217 18.6864 18.4469 18.0316
threshold=0 11.475000000000003 0.13875000000000001 4.4150000000000009 0.33775000000000005 0.45485000000000003 3.5000000000000004 0.18145000000000003 7.1550000000000011 1 3.0250000000000004 14.500000000000002 55.500000000000007 2.6450000000000005
decision_type=1 2 2 2 2 2 2 2 2 1 2 2 2 2
left_child=4 6 10 5 8 -4 7 -2 13 -10 -3 -11 -12 -1
right_child=1 2 3 -5 -6 -7 -8 -9 9 11 12 -13 -14 -15
leaf_value=0.034529737190311986 -0.024676448748238905 0.0058051411149716405 0.0032532162052695303 -0.0078864744004185586 0.019918701379789325 0.026325502071396268 0.020819274001893266 -0.0094695003180286404 0.015646752180227815 0.0026021007168083275 -0.011563925925143437 0.040232416643517864 -0.041446593233541995 -0.01585817798230197
leaf_weight=16.765758343040943 354.63059172406793 158.00931452214718 3292.3361510783434 807.85328940674663 447.1920451913029 154.3053744956851 60.569270439445972 982.98283917270601 450.51073162257671 1453.2317242845893 778.00408523529768 30.781757198274136 53.013175629079342 186.96310369670391
leaf_count=68 5180 1300 14926 4292 1874 924 333 5225 2035 8374 9281 154 693 1341
internal_value=2.68913e-05 -0.00282355 -0.000371968 0.00198868 0.00732673 0.00430815 -0.0120172 -0.0135474 0.00470325 0.00640034 -0.0105021 0.0034391 -0.0136125 -0.0112706
internal_weight=9227.15 6641.7 5243.52 4254.49 2585.45 3446.64 1398.18 1337.61 2138.25 1934.52 989.027 1484.01 831.017 203.729
internal_count=56000 42154 31416 20142 13846 15850 10738 10405 11972 10563 11274 8528 9974 1409
cat_boundaries=0 1 2
cat_threshold=1 2
is_linear=0
shrinkage=0.05


Tree=67
num_leaves=15
num_cat=2
split_feature=8 7 3 5 9 5 2 7 3 5 7 3 3 3
split_gain=75.7003 63.8126 45.7195 40.8933 38.4984 35.3642 25.3705 24.5947 20.674 18.0428 20.5697 17.3832 20.7296 16.4838
threshold=2.5000000000000004 0.20275000000000001 33.685000000000009 2.6450000000000005 0 4.3050000000000006 1 0.06235000000000001 28.775000000000002 3.5250000000000004 0.30715000000000003 19.325000000000003 20.565000000000001 46.140000000000008
decision_type=2 2 2 2 1 2 1 2 2 2 2 2 2 2
left_child=1 5 3 -3 -5 6 -1 -8 9 -2 -11 -7 -13 -4
right_child=8 2 13 4 -6 11 7 -9 -10 10 -12 12 -14 -15
leaf_value=0.0021197441980551138 0.018101011804197518 0.019582906691461392 0.0096246748756852601 0.0050089375575164885 -0.0051027820934089066 -0.025990490060048322 -0.027024459172186918 -0.0061826402469145943 0.023263393974841645 -0.0034843154311113506 0.017531134473145357 0.025727160850184422 -0.013542064931552808 0.028676329321727551
leaf_weight=928.29243554547429 286.88763247989118 244.1655250415206 580.57192687317729 1481.3927974030375 2533.429964505136 304.20866626128554 157.09696054086089 1257.4664864204824 300.40437929332256 394.01708775758743 161.85547437518835 33.908175062388182 400.12176401540637 140.25736015662551
leaf_count=7187 1322 868 2237 6174 11723 4349 2439 10982 1239 2596 614 334 3483 453
internal_value=2.71949e-05 -0.0016818 0.00181754 -0.000156814 -0.00137103 -0.00733386 -0.0043158 -0.00848967 0.0120508 0.00798575 0.00269609 -0.0168557 -0.0103186 0.0134352
internal_weight=9204.08 8060.91 4979.82 4258.99 4014.82 3081.09 2342.86 1414.56 1143.16 842.76 555.873 738.239 434.03 720.829
internal_count=56000 50229 21455 18765 17897 28774 20608 13421 5771 4532 3210 8166 3817 2690
cat_boundaries=0 1 2
cat_threshold=18 33
is_linear=0
shrinkage=0.05


Tree=68
num_leaves=15
num_cat=1
split_feature=2 8 7 5 3 3 7 5 8 3 3 5 1 0
split_gain=70.4188 62.9455 53.5035 36.9864 34.9355 33.5072 33.1857 29.4941 24.1845 19.6567 18.5232 17.2033 16.3457 16.997
threshold=0 1.5000000000000002 0.13765000000000002 3.1550000000000007 33.965000000000011 40.82500000000001 0.37185000000000007 4.0150000000000006 1.0000000180025095e-35 18.945000000000004 6.0850000000000009 3.0750000000000006 1858.3050000000001 45.500000000000007
decision_type=1 2 2 2 2 2 2 2 2 2 2 2 2 2
left_child=8 2 9 -4 -5 6 7 -3 -1 -2 -10 -11 13 -12
right_child=1 5 3 4 -6 -7 -8 -9 10 11 12 -13 -14 -15
leaf_value=-0.017532286484358998 -0.020824245928863463 0.010071488837074337 0.011425677873519977 -0.0029242697079648362 0.010814796473541589 0.030007270424757239 0.024618958534201596 -0.0024135226038751716 -0.02942686153683112 0.011729575521290255 -0.048183292873844645 -0.010214922461884549 -0.0014128413117514939 0.012243470450269812
leaf_weight=587.2041242737323 367.35295870527625 1152.9499749690294 747.9187971688807 2981.6757093295455 544.5930492207408 170.29652356728911 238.78051101416349 799.06401254236698 68.233474459499121 108.41755817085505 34.639239907264709 452.71233604475856 912.08767656609416 15.351158857345579
leaf_count=4416 5955 5781 3107 15678 2171 618 1115 4962 564 740 283 4764 5759 87
internal_value=2.68566e-05 0.00205526 -0.00101555 0.00134992 -0.000795034 0.00882321 0.00713773 0.00496484 -0.00939922 -0.0118741 -0.00481747 -0.00593513 -0.00298605 -0.0299847
internal_weight=9181.28 7563.76 5202.67 4274.19 3526.27 2361.09 2190.79 1952.01 1617.52 928.483 1030.31 561.13 962.078 49.9904
internal_count=56000 44891 32415 20956 17849 12476 11858 10743 11109 11459 6693 5504 6129 370
cat_boundaries=0 1
cat_threshold=4
is_linear=0
shrinkage=0.05


Tree=69
num_leaves=15
num_cat=2
split_feature=9 8 7 5 7 5 7 3 2 3 7 3 5 12
split_gain=70.6816 60.94 37.5793 33.3175 31.4155 31.2726 28.2346 29.0188 25.923 24.3533 22.7784 18.923 16.4166 17.1387
threshold=0 1.0000000180025095e-35 0.080750000000000002 4.4250000000000007 0.11695000000000001 3.1450000000000005 0.034650000000000007 38.695000000000007 1 39.945000000000007 0.32715000000000005 31.235000000000003 2.6850000000000005 9.4550000000000018
decision_type=1 2 2 2 2 2 2 2 1 2 2 2 2 2
left_child=6 4 12 8 -2 -6 -1 10 -4 -7 -8 -5 13 -3
right_child=1 2 3 11 5 9 7 -9 -10 -11 -12 -13 -14 -15
leaf_value=-0.040215233468038375 -0.023396787883874351 -0.019508951235022824 0.0098418600055629885 -0.011098211925937499 0.0063480612316074523 -0.01098716154416758 0.0039547467142903641 0.026627184461965377 0.00094067093022277143 0.010059976395937496 0.017500203007032186 0.0071858088164898446 -0.019949767986765576 0.05738207550482817
leaf_weight=26.954971425235271 312.43586463108659 11.770021770149471 1323.7079059164971 616.33563257008791 387.77204760909081 1662.9992234110832 1492.1898922473192 201.91991236433387 2131.9326355252415 147.48614053428173 389.86591977998614 181.14160133898258 263.59178802743554 12.063309371471403
leaf_count=405 5008 129 6243 4036 1821 10161 8434 677 11765 600 1629 856 4134 102
internal_value=2.5171e-05 -0.00237951 0.00107423 0.00226099 -0.00862884 -0.00650086 0.00802292 0.00874221 0.00438709 -0.00925881 0.00678406 -0.00693375 -0.0163286 0.0214739
internal_weight=9162.17 7051.24 4540.54 4253.12 2510.69 2198.26 2110.93 2083.98 3455.64 1810.49 1882.06 797.477 287.425 23.8333
internal_count=56000 44855 27265 22900 17590 12582 11145 10740 18008 10761 10063 4892 4365 231
cat_boundaries=0 1 2
cat_threshold=2 33
is_linear=0
shrinkage=0.05


Tree=70
num_leaves=15
num_cat=2
split_feature=2 3 3 7 5 7 8 7 3 7 9 6 5 5
split_gain=65.1683 51.5191 44.4827 45.3615 32.1648 30.4122 24.6623 21.5121 20.4882 18.4663 17.7559 17.2324 15.571 13.8097
threshold=0 11.475000000000003 51.295000000000009 0.35565000000000008 2.3950000000000005 0.33775000000000005 3.5000000000000004 0.093150000000000024 7.1550000000000011 0.50685000000000013 1 14.500000000000002 2.6450000000000005 3.4850000000000008
decision_type=1 2 2 2 2 2 2 2 2 2 1 2 2 2
left_child=5 6 3 4 -3 8 7 -2 12 -5 -10 -12 -1 -9
right_child=1 2 -4 9 -6 -7 -8 13 10 -11 11 -13 -14 -15
leaf_value=0.031843373216440513 -0.03423985971999266 0.021130314884741815 0.03533351722428292 0.0073651421424107272 -0.0037127940730701165 0.018766739007293157 0.019398689758180945 -0.0028539861651712731 0.014490035263020867 0.031947116247966471 0.0023503082105060212 0.038492578050435419 -0.015031301526931572 -0.014321187843527162
leaf_weight=16.747140441089869 103.52076039090753 131.50809979438782 82.983431983739138 706.13029531389475 4194.1845461949706 436.80477144010365 60.386098887771368 385.5019474029541 447.6641467474401 83.253992959856987 1446.218798622489 30.772711258381605 185.16672417148948 832.17239120788872
leaf_count=68 2130 619 287 3045 26886 1874 333 2218 2035 579 8374 154 1341 6057
internal_value=2.44492e-05 -0.00261074 -0.000331581 -0.000930559 -0.0029434 0.00676737 -0.0111854 -0.012624 0.00431147 0.0100689 0.00590414 0.00315848 -0.0107341 -0.0107067
internal_weight=9143.02 6579.64 5198.06 5115.08 4325.69 2563.37 1381.58 1321.2 2126.57 789.384 1924.66 1476.99 201.914 1217.67
internal_count=56000 42154 31416 31129 27505 13846 10738 10405 11972 3624 10563 8528 1409 8275
cat_boundaries=0 1 2
cat_threshold=1 2
is_linear=0
shrinkage=0.05


Tree=71
num_leaves=15
num_cat=2
split_feature=8 2 7 3 5 7 5 3 9 3 5 7 7 5
split_gain=63.027 55.1413 45.8902 39.4405 27.6575 27.346 26.2135 20.6579 19.5008 17.8596 15.4208 17.5115 14.6132 13.1389
threshold=2.5000000000000004 0 0.30085000000000006 51.295000000000009 3.6050000000000004 0.50685000000000013 3.2750000000000004 21.745000000000001 1 28.775000000000002 3.4450000000000007 0.18385000000000004 0.34395000000000003 4.1850000000000014
decision_type=2 1 2 2 2 2 2 2 1 2 2 2 2 2
left_child=1 7 3 4 -3 6 -4 13 12 10 -2 -12 -9 -1
right_child=9 2 5 -5 -6 -7 -8 8 -10 -11 11 -13 -14 -15
leaf_value=-0.011782646378201103 0.017340594209106365 0.0022038798551082201 0.017451552460768002 0.035311419796288192 -0.0057709502269659308 0.031625056950611935 0.0024102295531074863 -0.00025601964107354436 -0.012318156699774206 0.021537265142784354 -0.010680262512506035 0.008290657078477686 0.02720029291876503 -0.026420486080190347
leaf_weight=508.71833525598049 258.41846642270684 1732.9282292872667 362.34987832605839 65.923615030944347 2908.8738362640142 103.58081659674644 1404.6815421767533 279.5687398687005 344.79681383818388 296.7226441912353 169.89097243919969 408.0571324788034 55.610606152564287 223.54037207737565
leaf_count=3830 1182 10211 1375 224 22042 742 5662 1562 2246 1239 1683 1667 222 2113
internal_value=2.67594e-05 -0.00153943 0.000393649 -0.00223845 -0.0027942 0.00701286 0.00551897 -0.0104546 -0.00422491 0.0110465 0.00726091 0.0026877 0.00437097 -0.0163408
internal_weight=9123.66 7990.57 6578.34 4707.73 4641.8 1870.61 1767.03 1412.23 679.976 1133.09 836.367 577.948 335.179 732.259
internal_count=56000 50229 40256 32477 32253 7779 7037 9973 4030 5771 4532 3350 1784 5943
cat_boundaries=0 1 2
cat_threshold=4 22
is_linear=0
shrinkage=0.05


Tree=72
num_leaves=15
num_cat=1
split_feature=9 8 7 5 7 3 7 3 3 7 7 7 3 5
split_gain=62.5066 54.1953 33.0105 29.097 28.4361 27.0187 25.9045 26.1719 24.4276 24.0776 19.9005 17.5789 16.4019 14.6448
threshold=0 1.0000000180025095e-35 0.080750000000000002 4.4250000000000007 0.11695000000000001 10.755000000000001 0.034650000000000007 27.065000000000001 24.155000000000005 0.49365000000000009 0.29865000000000003 0.095650000000000013 31.235000000000003 2.6850000000000005
decision_type=1 2 2 2 2 2 2 2 2 2 2 2 2 2
left_child=6 4 13 8 -2 -6 -1 11 -4 -7 -9 -8 -5 -3
right_child=1 2 3 12 5 9 7 10 -10 -11 -12 -13 -14 -15
leaf_value=-0.039327391064784382 -0.022397253825734865 0.019937942908118497 0.00085464317160439647 -0.010377851812283548 -0.017625461658819678 -0.0044169142135283583 -0.015274794972636641 0.012104615830389166 0.0095525599665546076 0.031385711963368812 0.034125946961760627 0.0059786053693907321 0.0066878245509596193 -0.018969467016111186
leaf_weight=26.076524782925844 304.85361560434103 24.228745017200708 2150.9079472832382 612.68046183697879 412.5117415599525 1729.2689149454236 102.22066407650709 529.28117056563497 1289.7904162369668 45.297342907637358 126.66829168982804 1311.1546565350145 180.26470759883523 257.71001341938972
leaf_count=405 5008 231 12087 4036 2922 9366 1426 2076 5921 294 534 6704 856 4134
internal_value=2.67887e-05 -0.00224061 0.00102329 0.00213057 -0.00815818 -0.00614545 0.00757645 0.00826014 0.00412065 -0.00345159 0.0164931 0.00441238 -0.00648763 -0.0154512
internal_weight=9102.92 7007.51 4515.58 4233.64 2491.93 2187.08 2095.4 2069.32 3440.7 1774.57 655.949 1413.38 792.945 281.939
internal_count=56000 44855 27265 22900 17590 12582 11145 10740 18008 9660 2610 8130 4892 4365
cat_boundaries=0 1
cat_threshold=2
is_linear=0
shrinkage=0.05


Tree=73
num_leaves=15
num_cat=2
split_feature=2 3 7 3 5 5 7 8 7 3 9 6 7 5
split_gain=58.2647 44.2769 40.9324 36.2723 30.5468 27.5948 26.408 20.0656 23.6324 17.9279 14.9711 15.823 14.1907 13.9745
threshold=0 16.335000000000004 0.42595000000000005 51.295000000000009 4.245000000000001 3.1050000000000004 0.33775000000000005 2.5000000000000004 0.18145000000000003 7.1550000000000011 1 14.500000000000002 0.10275000000000002 2.6450000000000005
decision_type=1 2 2 2 2 2 2 2 2 2 1 2 2 2
left_child=6 4 3 5 7 -3 9 8 -2 13 -11 -12 -6 -1
right_child=1 2 -4 -5 12 -7 -8 -9 -10 10 11 -13 -14 -15
leaf_value=0.030314378891828572 -0.016791069124274038 0.0083198644620801378 0.021841236958562316 0.03229852554783328 -0.039984092992612616 -0.0030907340837614504 0.01773632828124742 0.0094151011333128195 -0.002690775678069661 0.013539109395010072 0.0023298539435613382 0.036936538870834097 -0.014607673177942638 -0.014087741816962353
leaf_weight=16.761219713836908 404.11497901752591 630.98567944765091 212.93497949838638 79.449037089943886 59.33298172056675 3223.8833592943847 427.81002063304186 225.5153424590826 1106.0148063004017 445.79120524227619 1441.8005979508162 30.828379061073065 594.52230357192457 183.68351147323847
leaf_count=68 5573 3066 1253 273 1370 19560 1874 1250 5470 2035 8374 154 4339 1341
internal_value=2.51635e-05 -0.00247471 0.000645866 -0.000517048 -0.00789519 -0.00121797 0.00642167 -0.00441062 -0.00648986 0.0041456 0.00563505 0.00310688 -0.0170825 -0.00998256
internal_weight=9083.43 6536.75 4147.25 3934.32 2389.5 3854.87 2546.67 1735.65 1510.13 2118.86 1918.42 1472.63 653.855 200.445
internal_count=56000 42154 24152 22899 18002 22626 13846 12293 11043 11972 10563 8528 5709 1409
cat_boundaries=0 1 2
cat_threshold=1 2
is_linear=0
shrinkage=0.05


Tree=74
num_leaves=15
num_cat=1
split_feature=2 8 7 3 3 7 5 5 1 8 5 12 3 1
split_gain=55.4934 50.3317 42.2271 30.7959 27.4352 27.5311 22.8146 20.2928 21.9606 19.4154 18.9132 16.2117 15.8649 15.0135
threshold=0 1.5000000000000002 0.20555000000000004 13.885000000000003 40.82500000000001 0.37185000000000007 4.0150000000000006 3.0250000000000004 434.42500000000001 1.0000000180025095e-35 4.5850000000000009 7.9650000000000007 6.0850000000000009 1858.3050000000001
decision_type=1 2 2 2 2 2 2 2 2 2 2 2 2 2
left_child=9 2 7 -4 5 6 -3 8 -2 -1 -5 -9 -11 -14
right_child=1 4 3 10 -6 -7 -8 11 -10 12 -12 -13 13 -15
leaf_value=-0.015749256527516117 0.026328474455148611 0.0089540375303193472 -0.0046591044885776383 0.0076057510639038059 0.027333177077991613 0.02274556297473523 -0.0020658560955364638 -0.014702484510378934 -0.0031856092871604524 -0.02725508474109711 -0.007294312522853486 -0.0046728827242311444 -0.028644924120402638 -0.0010691789417770926
leaf_weight=577.5567034278065 84.499794766306877 1146.0521967113018 987.60218141973019 1938.320819279179 166.22291159257293 227.48583010025322 792.77705228701234 688.76027067378163 223.47773446142673 67.005871273577213 236.82760868035257 975.34096194058657 49.230413001030684 903.58806609734893
leaf_count=4416 501 5781 4745 7830 618 1115 4962 7036 1634 564 1076 9593 370 5759
internal_value=2.60635e-05 0.00183856 -0.000926363 0.00265356 0.00792649 0.00640166 0.00445183 -0.00666303 0.00508804 -0.00839354 0.00597564 -0.00884305 -0.00427586 -0.0025794
internal_weight=9064.75 7467.37 5134.83 3162.75 2332.54 2166.32 1938.83 1972.08 307.978 1597.38 2175.15 1664.1 1019.82 952.818
internal_count=56000 44891 32415 13651 12476 11858 10743 18764 2135 11109 8906 16629 6693 6129
cat_boundaries=0 1
cat_threshold=4
is_linear=0
shrinkage=0.05


Tree=75
num_leaves=15
num_cat=1
split_feature=9 8 7 8 5 5 7 3 1 7 7 8 3 7
split_gain=55.9296 46.1329 29.046 28.1183 25.5528 25.536 23.7707 23.7207 21.4816 17.9605 17.1425 16.0476 15.6296 13.819
threshold=0 1.0000000180025095e-35 0.080750000000000002 3.5000000000000004 4.455000000000001 3.8850000000000002 0.034650000000000007 38.695000000000007 2306.3700000000003 0.41485000000000005 0.13205000000000003 2.5000000000000004 7.6050000000000013 0.47345000000000004
decision_type=1 2 2 2 2 2 2 2 2 2 2 2 2 2
left_child=6 5 -3 4 -4 10 -1 9 12 11 -2 -8 -7 -12
right_child=1 2 3 -5 -6 8 7 -9 -10 -11 13 -13 -14 -15
leaf_value=-0.038428829127483716 -0.015876579490373403 -0.014697910227103837 0.002711758443449396 0.01787587630559228 -0.0079149338253900036 -0.028512284068611018 0.0029855805993172133 0.024269080229741061 -0.027158599954199565 0.024931160064766408 -0.0012110598192816011 0.017586596446052285 -0.0075565734693696851 0.028457460772910462
leaf_weight=25.212815968319774 201.81196410208941 277.23244417831302 3278.2151274587959 256.33564389497042 680.56893189623952 96.488243859261274 1532.7294924817979 195.86921351402998 212.23335848003626 115.42978359386325 1024.9258584268391 211.88255297020078 899.94911791570485 37.806667171418667
leaf_count=405 2742 4365 17478 1146 4276 973 8465 677 1925 645 5142 953 6570 238
internal_value=2.46133e-05 -0.00212596 0.000890805 0.00192581 0.000880275 -0.00760863 0.00719102 0.00784058 -0.0127966 0.00607431 -0.00263134 0.00478601 -0.00966528 -7.84677e-05
internal_weight=9046.69 6965.57 4492.35 4215.12 3958.78 2473.22 2081.12 2055.91 1208.67 1860.04 1264.54 1744.61 996.437 1062.73
internal_count=56000 44855 27265 22900 21754 17590 11145 10740 9468 10063 8122 9418 7543 5380
cat_boundaries=0 1
cat_threshold=2
is_linear=0
shrinkage=0.05


Tree=76
num_leaves=15
num_cat=2
split_feature=2 3 3 7 5 7 8 7 3 3 9 5 5 3
split_gain=51.421 38.7643 34.2219 34.459 33.1975 23.3217 19.3619 18.8385 15.7928 14.0031 13.8802 13.0327 12.5874 10.7104
threshold=0 11.475000000000003 51.295000000000009 0.42595000000000005 4.4150000000000009 0.33775000000000005 3.5000000000000004 0.083350000000000021 6.0850000000000009 46.140000000000008 1 2.9850000000000008 3.9050000000000007 19.445000000000004
decision_type=1 2 2 2 2 2 2 2 2 2 1 2 2 2
left_child=5 6 3 4 -3 8 7 -2 -1 10 -10 -9 -7 -5
right_child=1 2 -4 13 -6 12 -8 11 9 -11 -12 -13 -14 -15
leaf_value=-0.011592682761798111 -0.03448420869993981 0.00013732939693849404 0.031361582206124387 0.0040635201679601598 -0.010539628095094558 0.025988237958300398 0.017312250129570009 0.0036563278830525556 0.0086641265878447844 0.025594143217754186 8.4050245915814483e-05 -0.011550285450386236 0.0085291546787250247 0.024360858790705466
leaf_weight=149.51630223914981 78.375178996473551 3893.8474520221353 80.710235297679901 109.22592006810009 892.43285460397601 195.75963937118649 60.143522761762142 160.9709531031549 901.5880835801363 77.220769643783569 983.58250760287046 1061.1152839902788 224.1001992393285 162.74663219414651
leaf_count=1076 1793 23067 287 637 6430 867 333 901 4654 280 5962 7711 1007 995
internal_value=2.29933e-05 -0.00233205 -0.000346819 -0.000871052 -0.00185881 0.00604981 -0.00983005 -0.0111223 0.0039212 0.00511911 0.00424107 -0.00954325 0.0167961 0.0163426
internal_weight=9031.34 6499.57 5138.96 5058.25 4786.28 2531.77 1360.6 1300.46 2111.91 1962.39 1885.17 1222.09 419.86 271.973
internal_count=56000 42154 31416 31129 29497 13846 10738 10405 11972 10896 10616 8612 1874 1632
cat_boundaries=0 1 2
cat_threshold=1 22
is_linear=0
shrinkage=0.05


Tree=77
num_leaves=15
num_cat=1
split_feature=9 8 7 3 7 5 5 7 3 3 7 7 1 12
split_gain=50.1306 41.8869 26.4164 24.9467 24.256 23.5319 23.3436 21.915 21.5688 19.4855 19.0068 15.1939 13.8069 13.396
threshold=0 1.0000000180025095e-35 0.39095000000000008 7.4450000000000012 0.11695000000000001 2.9250000000000003 3.1450000000000005 0.034650000000000007 27.065000000000001 39.945000000000007 0.33525000000000005 0.095650000000000013 1233.9700000000003 5.4650000000000007
decision_type=1 2 2 2 2 2 2 2 2 2 2 2 2 2
left_child=7 4 3 -3 12 -5 -6 -1 11 -8 -10 13 -2 -9
right_child=1 2 -4 5 6 -7 9 8 10 -11 -12 -13 -14 -15
leaf_value=-0.037577018873561956 -0.012919629381392673 -0.011841712563220327 0.013107011085403906 0.011969858644788993 0.0057515701706137741 -0.00047453187171567711 -0.0093723265191870114 0.018085404843519476 0.011633284020772745 0.0095384742573175335 0.037441376001358537 0.0054005623769233478 -0.0363226985752187 -0.024060202162578346
leaf_weight=24.46619058586657 198.99641720950603 419.71726462990046 398.06442171707749 427.38509475067258 383.22912938892841 3235.7341068647802 1640.7456057500094 22.134992115199566 565.1583832539618 146.13325087726116 79.904704712331295 1302.6114280875772 93.592016626149416 78.316943857818842
leaf_count=405 3203 3140 2101 2055 1821 19969 10161 293 2218 600 392 6704 1805 1133
internal_value=2.39997e-05 -0.00201451 0.000862157 -0.000340427 -0.0072515 0.000985993 -0.00541243 0.0068233 0.00744114 -0.00781238 0.0149887 0.00394656 -0.0206984 -0.0145181
internal_weight=9016.19 6943.6 4480.9 4082.84 2462.7 3663.12 2170.11 2072.59 2048.13 1786.88 645.063 1403.06 292.588 100.452
internal_count=56000 44855 27265 25164 17590 22024 12582 11145 10740 10761 2610 8130 5008 1426
cat_boundaries=0 1
cat_threshold=2
is_linear=0
shrinkage=0.05


Tree=78
num_leaves=15
num_cat=2
split_feature=2 8 7 3 9 3 8 5 7 5 5 5 7 7
split_gain=48.1854 41.6363 35.7827 25.3094 24.8265 25.8843 22.3756 20.8196 17.576 18.0891 16.7967 15.6829 11.8019 11.4967
threshold=0 1.5000000000000002 0.20555000000000004 13.885000000000003 1 4.7150000000000007 3.5000000000000004 3.6050000000000004 0.052350000000000008 3.6850000000000005 3.3850000000000002 4.2950000000000008 0.50685000000000013 0.18875000000000003
decision_type=1 2 2 2 1 2 2 2 2 2 2 2 2 2
left_child=11 2 8 12 6 -6 7 -3 -2 -10 -5 -1 -4 -13
right_child=1 4 3 10 5 -7 -8 -9 9 -11 -12 13 -14 -15
leaf_value=-0.0049841336179070302 -0.023155171538226403 0.01671751103484579 -0.0051299844346640788 0.013101542691642773 -0.04215746844093745 0.0017489796786904176 0.026180473688618363 0.0038630076910973403 0.00089896898730542772 -0.0091636902939353782 0.0029517794399690237 -0.029497017462085596 0.025679154196335964 -0.010796757923342632
leaf_weight=1185.0379621349275 137.74394134245813 491.83672925829887 955.67215135321021 543.24524677544832 32.216787446290255 713.85708097927272 204.88865654915571 873.72627197392285 789.14026956260204 1024.460238430649 1616.9961799457669 116.65460845082998 29.182940507307649 284.42481376975775
leaf_count=7906 2423 2292 4542 2075 257 4013 912 5002 5909 10432 6831 1694 203 1509
internal_value=2.24111e-05 0.00171773 -0.000806987 0.00249261 0.00727346 -0.000304163 0.0108004 0.00851933 -0.00612081 -0.00479094 0.00551881 -0.00785061 -0.00414184 -0.0164144
internal_weight=8999.08 7412.97 5096.44 3145.1 2316.53 746.074 1570.45 1365.56 1951.34 1813.6 2160.24 1586.12 984.855 401.079
internal_count=56000 44891 32415 13651 12476 4270 8206 7294 18764 16341 8906 11109 4745 3203
cat_boundaries=0 1 2
cat_threshold=4 26
is_linear=0
shrinkage=0.05


Tree=79
num_leaves=15
num_cat=1
split_feature=7 2 3 7 5 8 1 3 3 3 6 7 3 7
split_gain=46.223 45.4786 35.3103 32.8268 34.3159 16.5704 17.764 16.0066 14.5322 10.8957 7.25746 6.94859 5.82518 5.46354
threshold=0.49365000000000009 0 51.295000000000009 0.15535000000000002 2.6250000000000004 2.5000000000000004 1219.9650000000004 8.7750000000000004 45.225000000000001 12.495000000000003 10.500000000000002 0.28515000000000007 19.445000000000004 0.60805000000000009
decision_type=2 1 2 2 2 2 2 2 2 2 2 2 2 2
left_child=1 5 3 7 -5 6 8 -3 -1 11 -11 -7 13 -2
right_child=12 2 -4 4 -6 9 -8 -9 -10 10 -12 -13 -14 -15
leaf_value=0.0019127905387203784 0.010222505627546454 -0.024737602811388187 0.029847096353725407 0.016320066373022562 -0.0022142031004068522 -0.0090623897235619245 0.026324127274215806 -0.0079426631576182266 0.02319028222676817 0.024833933850263123 0.00047502639588918952 0.021723040407895675 0.03611193468981462 0.041192686142195102
leaf_weight=1998.8626811653376 77.416952785104513 158.44473939761519 79.133962996304035 261.0948875695467 4595.2134193480015 58.781035229563713 80.327981848269701 1241.4609552565962 80.653777647763491 201.86687023565173 36.081890188157558 23.061224482953548 75.133349115028977 15.543797528371213
leaf_count=11436 557 2866 282 1008 22510 363 388 14550 309 813 173 78 564 103
internal_value=2.05442e-05 -0.000478893 -0.0027248 -0.00315526 -0.00120827 0.00524549 0.00368156 -0.00989239 0.00277025 0.0158383 0.0211921 7.36097e-05 0.0257605 0.0165269
internal_weight=8983.08 8814.98 6335.35 6256.21 4856.31 2479.64 2159.84 1399.91 2079.52 319.791 237.949 81.8423 168.094 92.9608
internal_count=56000 54776 41216 40934 23518 13560 12133 17416 11745 1427 986 441 1224 660
cat_boundaries=0 1
cat_threshold=1
is_linear=0
shrinkage=0.05


Tree=80
num_leaves=15
num_cat=2
split_feature=9 8 7 8 2 5 7 3 7 3 5 7 8 3
split_gain=45.4222 36.5871 24.2295 22.9073 21.2068 20.8693 19.7827 20.2399 16.7822 17.4514 16.9912 15.7399 14.4588 13.5296
threshold=0 1.0000000180025095e-35 0.080750000000000002 3.5000000000000004 1 4.4850000000000012 0.034650000000000007 38.695000000000007 0.15155000000000005 3.4150000000000005 3.1450000000000005 0.30475000000000008 2.5000000000000004 24.905000000000005
decision_type=1 2 2 2 1 2 2 2 2 2 2 2 2 2
left_child=6 4 -3 5 -2 -4 -1 11 9 -6 -10 12 -8 -13
right_child=1 2 3 -5 8 -7 7 -9 10 -11 -12 13 -14 -15
leaf_value=-0.036430333490544954 -0.01690876629499146 -0.013635836834695277 0.0023338440681866862 0.016172874446630087 0.042184680524782595 -0.0076765622260714416 0.00079807606075305731 0.022467318265072908 0.0087259845203725307 -0.015650130859434515 -0.0047132256890971809 0.0085396950749642656 0.016019843432171024 0.028593151955164889
leaf_weight=23.512801818549633 420.82488473318517 270.97024518437684 3321.6044584345073 254.06820287927985 10.675461502745746 614.34847832471132 1203.2912170402706 191.11629400402308 281.99120908230543 387.60974006354809 1345.9118568208069 356.68047006800771 176.310537353158 109.05596833489835
leaf_count=405 3478 4365 17855 1146 195 3899 7268 677 1193 5570 7154 1485 825 485
internal_value=2.28971e-05 -0.00192181 0.000770994 0.00171178 -0.00683365 0.0007667 0.00651541 0.00709607 -0.00461316 -0.0137962 -0.00237347 0.00547023 0.00277393 0.0133883
internal_weight=8967.97 6908 4460.99 4190.02 2447.01 3935.95 2059.97 2036.45 2026.19 398.285 1627.9 1845.34 1379.6 465.736
internal_count=56000 44855 27265 22900 17590 21754 11145 10740 14112 5765 8347 10063 8093 1970
cat_boundaries=0 1 2
cat_threshold=2 4
is_linear=0
shrinkage=0.05


Tree=81
num_leaves=15
num_cat=2
split_feature=7 3 2 8 5 5 3 3 9 1 7 3 3 7
split_gain=42.7695 42.0509 39.0982 33.9636 36.852 15.4906 11.1991 10.3807 9.21129 8.12435 11.9994 12.9057 5.6388 5.32596
threshold=0.49365000000000009 46.140000000000008 0 3.5000000000000004 3.1650000000000005 4.2250000000000005 7.745000000000001 21.745000000000001 1 751.22000000000014 0.21685000000000001 51.295000000000009 19.445000000000004 0.60805000000000009
decision_type=2 2 1 2 2 2 2 2 1 2 2 2 2 2
left_child=1 2 5 4 -4 7 -7 -1 -5 -3 11 -11 13 -2
right_child=12 9 3 8 -6 6 -8 -9 -10 10 -12 -13 -14 -15
leaf_value=-0.0097498328176719665 0.0097848024928481516 0.02695731706996847 0.0075715592643771272 0.022687838997420658 -0.0019887495275943512 -0.040682449245606045 -0.013645358663835351 0.00016228674027208195 0.0015422592290369962 -0.01949917170227651 0.024663115918114913 0.020178252717643987 0.035457245764568372 0.040732566871333968
leaf_weight=574.72565844282508 76.664799066260457 138.00420891493559 1230.8456448465586 198.58920631743968 5503.7913590017706 40.873973170295358 384.45928874053061 486.44951268285513 82.739433888345957 47.38642805814743 68.784852229058743 31.608574531972408 72.597415827214718 14.991851391270755
leaf_count=4348 557 524 6325 888 35340 485 3006 2772 441 289 229 129 564 103
internal_value=2.16246e-05 -0.000454904 -0.00109183 0.000474986 -0.000238881 -0.00841957 -0.0165103 -0.00521841 0.0174029 0.0183091 0.00985732 -0.00346549 0.0250687 0.0159773
internal_weight=8952.51 8788.26 8502.47 7015.97 6734.64 1486.51 425.333 1061.18 281.329 285.784 147.78 78.995 164.254 91.6567
internal_count=56000 54776 53605 42994 41665 10611 3491 7120 1329 1171 647 418 1224 660
cat_boundaries=0 1 2
cat_threshold=4 26
is_linear=0
shrinkage=0.05


Tree=82
num_leaves=15
num_cat=1
split_feature=9 7 7 8 5 8 7 3 3 5 7 5 7 7
split_gain=41.1692 34.7633 23.0213 22.7883 21.1933 19.6095 18.3466 18.3685 15.7018 14.5722 13.1307 13.102 12.8983 12.6419
threshold=0 0.26305000000000006 0.54360000000000008 1.0000000180025095e-35 4.7350000000000012 1.5000000000000002 0.034650000000000007 30.815000000000001 8.7750000000000004 4.455000000000001 0.049150000000000006 3.0250000000000004 0.30475000000000008 0.41485000000000005
decision_type=1 2 2 2 2 2 2 2 2 2 2 2 2 2
left_child=6 3 4 10 5 -3 -1 13 -5 -10 -2 -12 -9 -8
right_child=1 2 -4 8 -6 -7 7 12 9 -11 11 -13 -14 -15
leaf_value=-0.03563716408623651 -0.032404404922228347 -6.925591778335928e-05 0.032146034813493089 -0.012241078967461495 -0.016903372945255131 0.0093090214419886113 0.0030046585784129646 0.011752654469306971 0.0010142682090579708 -0.0098411999360007406 0.0023544098650612232 -0.011252883857873611 0.034665337286383692 0.021351234728261337
leaf_weight=22.891290606930852 60.59075965732336 1898.8626982104033 60.408490946516395 334.2609236985445 142.60953265242279 785.964919090271 1471.7376844193786 387.78701473772526 1960.9867240339518 363.91877377405763 210.59082840383053 1073.1210308540612 71.812213372439146 97.45723569393158
leaf_count=405 1232 7914 466 3247 656 3051 8353 1469 13404 3255 1335 10295 354 564
internal_value=2.4001e-05 -0.00182853 0.00234873 -0.0048458 0.00167871 0.0026835 0.0062186 0.0067734 -0.0021589 -0.000695437 -0.0101441 -0.00902034 0.0155343 0.00418267
internal_weight=8943 6891.31 2887.85 4003.47 2827.44 2684.83 2051.69 2028.79 2659.17 2324.91 1344.3 1283.71 459.599 1569.19
internal_count=56000 44855 12087 32768 11621 10965 11145 10740 19906 16659 12862 11630 1823 8917
cat_boundaries=0 1
cat_threshold=2
is_linear=0
shrinkage=0.05


Tree=83
num_leaves=15
num_cat=1
split_feature=2 3 7 3 5 5 7 8 7 7 3 6 7 5
split_gain=40.5072 30.8225 28.1218 23.9621 22.4952 19.5231 19.2565 13.5526 13.4832 12.9104 12.5949 12.1721 12.6689 11.4181
threshold=0 16.335000000000004 0.40505000000000008 51.295000000000009 4.245000000000001 4.4150000000000009 0.33775000000000005 3.5000000000000004 0.18145000000000003 0.10275000000000002 6.0850000000000009 2.5000000000000004 0.056650000000000006 3.9050000000000007
decision_type=1 2 2 2 2 2 2 2 2 2 2 2 2 2
left_child=6 4 3 5 7 -3 10 8 -2 -6 -1 -12 -13 -8
right_child=1 2 -4 -5 9 -7 13 -9 -10 -11 11 12 -14 -15
leaf_value=-0.010449286852369923 -0.012168124407948228 0.00058330710159657049 0.01587043478732568 0.026807224637406302 -0.037826450844374603 -0.0086785574986127986 0.024326976224915017 0.017317249964032611 -0.0018681874479723013 -0.012383462312873312 0.034720530701662859 -0.015206249730466173 0.004878466492555425 0.0074425561252521276
leaf_weight=147.92410338670015 429.03506618924439 3029.7789177745581 275.77874322235584 75.222170419991016 52.683476442471147 697.43745341338217 187.35841622389853 70.884898975491524 1206.5011096820235 582.85007537342608 29.922083802521229 79.140461839735508 1839.3173513077199 219.49215491488576
leaf_count=1076 5984 17400 1615 268 1370 4869 867 361 5948 4339 142 1114 9640 1007
internal_value=2.2923e-05 -0.0020809 0.000541876 -0.00058149 -0.00665186 -0.00115536 0.00540166 -0.00364869 -0.00458741 -0.0146604 0.00347956 0.0045515 0.00402748 0.0153391
internal_weight=8923.33 6420.17 4078.22 3802.44 2341.95 3727.22 2503.15 1706.42 1635.54 635.534 2096.3 1948.38 1918.46 406.851
internal_count=56000 42154 24152 22537 18002 22269 13846 12293 11932 5709 11972 10896 10754 1874
cat_boundaries=0 1
cat_threshold=1
is_linear=0
shrinkage=0.05


Tree=84
num_leaves=15
num_cat=2
split_feature=9 5 7 3 2 7 3 5 5 0 7 7 8 3
split_gain=37.4435 30.8618 31.6664 27.3552 20.3737 17.0226 20.2427 16.0644 18.1716 15.5647 14.9858 14.8695 14.8081 12.5377
threshold=0 2.9250000000000003 0.15155000000000005 11.575000000000001 1 0.30475000000000008 24.905000000000005 4.0150000000000006 3.9650000000000003 18.500000000000004 0.052350000000000008 0.034650000000000007 2.5000000000000004 46.140000000000008
decision_type=1 2 2 2 1 2 2 2 2 2 2 2 2 2
left_child=5 -2 7 9 -5 11 -7 8 -3 -4 -9 -1 13 -13
right_child=1 2 3 4 -6 6 -8 10 -10 -11 -12 12 -14 -15
leaf_value=-0.034723568313415033 0.0075752634045741342 -0.0071516128219865811 -0.03374826893004982 -0.0044249827540543902 0.0033878056765501881 0.0077871986945391705 0.030761090266554721 -0.037341646931837572 0.025952896585759978 -0.0067186675321848719 -0.01313352308724575 0.0011785442151771553 0.01676213878636373 0.026366021827769939
leaf_weight=22.17187880910933 782.92491211742163 638.45662266388535 53.456980055198073 1222.438819590956 2560.4979401528835 352.08321807347238 130.48276462964714 73.024824511259794 41.396125050261617 1030.0552109386772 461.74455132894218 1293.7632405236363 196.13554410263896 48.387623339891434
leaf_count=405 4113 7534 358 6239 11686 1485 615 1610 538 5996 6781 7606 882 152
internal_value=2.24013e-05 -0.00174766 -0.00295398 -0.00114887 0.000858893 0.00594265 0.0141509 -0.0101656 -0.00503072 -0.00814172 -0.0166291 0.00342002 0.00403632 0.00214339
internal_weight=8907.02 6864 6081.07 4866.45 3782.94 2043.02 482.566 1214.62 679.853 1083.51 534.769 1560.46 1538.29 1342.15
internal_count=56000 44855 40742 24279 17925 11145 2100 16463 8072 6354 8391 9045 8640 7758
cat_boundaries=0 1 2
cat_threshold=2 12
is_linear=0
shrinkage=0.05


Tree=85
num_leaves=15
num_cat=1
split_feature=7 2 8 3 5 7 0 3 3 8 3 7 3 3
split_gain=36.8138 36.1344 28.0209 23.8169 20.6298 20.5081 18.3874 15.4988 13.6624 13.1392 12.0521 9.42884 8.98327 8.32105
threshold=0.50685000000000013 0 1.5000000000000002 11.475000000000003 4.2250000000000005 0.27365000000000006 35.500000000000007 8.7750000000000004 38.305000000000007 2.5000000000000004 2.4050000000000007 0.095650000000000013 17.965000000000003 12.495000000000003
decision_type=2 1 2 2 2 2 2 2 2 2 2 2 2 2
left_child=1 8 3 6 -5 7 -3 -4 9 10 -1 -10 -7 -11
right_child=-2 2 5 4 -6 12 -8 -9 11 13 -12 -13 -14 -15
leaf_value=-0.029508214463680151 0.026793566265759329 -0.020885653307142368 -0.015988554108784147 -0.0002582848124200664 -0.0087107346008241365 0.0035219183629593034 -0.0060491609016529724 0.00084003874806408234 -0.0092679257434955895 -0.00011245213988957638 0.0025472801863974347 0.019949008428566926 0.014833570454198539 0.018719075048203134
leaf_weight=26.790358077734709 123.57280153594911 346.18786349520087 153.26448727212846 2450.6737289596349 1020.441167589277 341.55234511196613 528.76632681488991 1097.455148793757 30.040276039391756 81.377031236886978 1915.1742695197463 205.43281938135624 363.43116563372314 206.81077870726585
leaf_count=202 1019 3149 1416 14840 7441 1314 4490 7323 222 443 11079 776 1401 885
internal_value=2.07685e-05 -0.000365619 -0.00237277 -0.00461212 -0.00274852 0.00259097 -0.0119707 -0.00125548 0.00475137 0.00354881 0.00206023 0.016152 0.00939142 0.0134551
internal_weight=8890.97 8767.4 6301.77 4346.07 3471.11 1955.7 874.954 1250.72 2465.63 2230.15 1941.96 235.473 704.984 288.188
internal_count=56000 54981 41374 29920 22281 11454 7639 8739 13607 12609 11281 998 2715 1328
cat_boundaries=0 1
cat_threshold=1
is_linear=0
shrinkage=0.05


Tree=86
num_leaves=15
num_cat=2
split_feature=2 3 7 9 5 5 8 1 7 5 13 0 7 6
split_gain=34.9732 31.4413 31.3321 28.9586 24.1275 22.8914 12.5382 13.245 12.2495 12.0737 10.6781 15.5916 10.958 8.3063
threshold=0 47.155000000000008 0.47345000000000004 1 3.3250000000000006 2.6650000000000005 1.0000000180025095e-35 4633.0550000000012 0.19895000000000004 2.9050000000000007 1.0000000180025095e-35 25.500000000000004 0.41485000000000005 10.500000000000002
decision_type=1 2 2 1 2 2 2 2 2 2 2 2 2 2
left_child=6 2 3 4 -2 -5 9 10 13 -1 11 -8 -12 -9
right_child=1 -3 -4 5 -6 -7 7 8 -10 -11 12 -13 -14 -15
leaf_value=0.0067376457168840734 0.013089210194694254 0.021470681531341532 0.021569729215892595 0.011943624695546964 0.0018534615576038462 -0.0030156763060280212 0.031985586607034093 -0.0026943358753520876 0.0095300915010651851 -0.015467572532744485 -0.014548130472692889 -0.0053578149161665721 0.014891123726309317 -0.033866788993892089
leaf_weight=68.124077225103974 629.81150509789586 188.4518736563623 176.37514399550855 269.8206203058362 1955.9771769158542 4095.2252918723971 32.824730379506946 116.23581854999065 274.23533042147756 492.75006292574108 398.2586278822273 124.54551089927554 31.923875078558922 23.362542301416397
leaf_count=403 3054 765 1294 1343 11544 26891 169 1213 1155 4013 2858 848 174 276
internal_value=1.99615e-05 0.00147273 0.000937211 0.000404588 0.0045844 -0.00207866 -0.0067391 -0.00341203 0.00342583 -0.012749 -0.00822111 0.00288401 -0.0122754 -0.00851395
internal_weight=8877.92 7315.66 7127.21 6950.83 2585.79 4365.05 1562.26 1001.39 413.834 560.874 587.553 157.37 430.183 139.598
internal_count=56000 44891 44126 42832 14598 28234 11109 6693 2644 4416 4049 1017 3032 1489
cat_boundaries=0 1 2
cat_threshold=4 18
is_linear=0
shrinkage=0.05


Tree=87
num_leaves=15
num_cat=1
split_feature=7 3 7 3 7 5 8 12 5 3 9 5 1 5
split_gain=33.5804 27.4924 23.6487 27.579 23.4247 22.6696 22.3472 18.7791 18.0063 14.2176 13.3417 13.197 11.2749 10.0322
threshold=0.24775000000000003 35.57500000000001 0.052350000000000008 51.295000000000009 0.54360000000000008 4.0250000000000012 3.5000000000000004 3.3450000000000002 2.9250000000000003 9.4050000000000029 0 4.1950000000000012 921.20500000000004 4.7150000000000007
decision_type=2 2 2 2 2 2 2 2 2 2 1 2 2 2
left_child=2 4 7 6 5 10 8 -1 -4 -7 -2 -9 -8 -3
right_child=1 13 3 -5 -6 9 12 11 -10 -11 -12 -13 -14 -15
leaf_value=0.035402418343849607 0.010274720574615941 0.017497601891466347 0.0053465530400037828 0.028656786839570004 0.030883118053771426 -0.012835039674131528 0.023496555917146136 -0.013184631343068413 -0.0044587339306484943 -0.00076722463578734817 0.0017869948506470741 -0.039520273657399199 -0.00077378221440757274 -0.013164882234796017
leaf_weight=12.926658347249029 726.32872024923563 390.95047054439783 532.13524144887924 69.26037310808897 65.723614377900958 299.07156765088439 117.58163030818105 163.79057790525258 3762.0437708888203 1273.3702880274504 1282.0974871963263 67.393454456701875 79.027572073042393 26.488038020208478
leaf_count=210 2830 1566 3068 241 552 1455 574 2585 30259 5346 5222 1472 497 123
internal_value=2.01642e-05 0.00336406 -0.00280891 -0.00199114 0.00196646 0.00141031 -0.00248263 -0.0178754 -0.00324078 -0.00308254 0.00492721 -0.0212698 0.013876 0.0154719
internal_weight=8868.19 4064.03 4804.16 4560.05 3646.59 3580.87 4490.79 244.111 4294.18 1572.44 2008.43 231.184 196.609 417.439
internal_count=56000 17094 38906 34639 15405 14853 34398 4267 33327 6801 8052 4057 1071 1689
cat_boundaries=0 1
cat_threshold=18
is_linear=0
shrinkage=0.05


Tree=88
num_leaves=15
num_cat=5
split_feature=8 7 7 3 2 2 7 3 5 9 9 9 3 7
split_gain=32.4152 28.0524 22.825 22.0374 20.7889 18.9671 17.4278 13.7096 12.8835 12.6747 12.6191 12.5213 12.1482 15.6695
threshold=1.0000000180025095e-35 0.37185000000000007 0.052350000000000008 51.295000000000009 0 1 0.16345000000000001 25.365000000000006 3.0050000000000003 2 3 4 24.595000000000002 0.22085000000000002
decision_type=2 2 2 2 1 1 2 2 2 1 1 1 2 2
left_child=2 3 -1 4 10 12 -6 9 -7 -3 -2 -10 13 -4
right_child=1 7 5 -5 6 8 -8 -9 11 -11 -12 -13 -14 -15
leaf_value=-0.029071683580148163 -0.0030430969375769288 0.012840098575754711 -0.024345313299278568 0.030485273360468135 -0.0070492547617754591 0.0091822770142235954 0.00077602445009650894 0.02408139391367 -0.0084532672062488396 -0.0048191654898511078 0.008191697296450624 0.00057741844315062623 -0.0020286794050437063 -0.0074811915660798452
leaf_weight=85.414588684216142 317.49018398672342 319.29272999055684 210.59271993115544 59.738647937774658 983.12895078584552 288.40510187111795 2553.2185246385634 172.87412472814322 535.80719970352948 141.90032295696437 1120.0671588070691 1278.1835569832474 383.92527948319912 400.17809454537928
leaf_count=1740 1822 1526 2895 201 11246 1445 11699 977 3836 759 5693 7955 2212 1994
internal_value=2.1109e-05 0.00228831 -0.00401488 0.00103657 0.000664719 -0.00329638 -0.00139963 0.0121737 -0.000575731 0.00758344 0.00570541 -0.00214292 -0.00893244 -0.0133865
internal_weight=8850.22 5667.71 3182.51 5033.64 4973.9 3097.09 3536.35 634.067 2102.4 461.193 1437.56 1813.99 994.696 610.771
internal_count=56000 33923 22077 30661 30460 20337 22945 3262 13236 2285 7515 11791 7101 4889
cat_boundaries=0 1 2 3 4 5
cat_threshold=1 20 26 1 8
is_linear=0
shrinkage=0.05


Tree=89
num_leaves=15
num_cat=1
split_feature=9 8 3 7 7 3 7 3 7 1 1 5 7 3
split_gain=31.8041 26.3529 17.6926 17.4321 16.4853 16.2396 14.603 15.367 14.4158 13.222 12.5216 12.0309 11.5165 10.7708
threshold=0 1.0000000180025095e-35 2.6650000000000005 0.26305000000000006 0.11695000000000001 10.755000000000001 0.034650000000000007 38.695000000000007 0.49365000000000009 1233.9700000000003 1057.4700000000003 2.9250000000000003 0.41485000000000005 9.4050000000000029
decision_type=1 2 2 2 2 2 2 2 2 2 2 2 2 2
left_child=6 4 -3 11 9 -6 -1 12 -7 -2 -5 -4 13 -8
right_child=1 2 3 10 5 8 7 -9 -10 -11 -12 -13 -14 -15
leaf_value=-0.033240890572578501 -0.0096997595500964307 -0.024329631958496769 0.0074775761660613484 0.0084780645247219955 -0.013387729739870131 -0.0029379861091495783 -0.0055184791072251591 0.019678954922854049 0.027046611788721649 -0.03358201767465286 -0.00014365791382745595 -0.0027956516185330214 0.020669291264243793 0.0053019767075165349
leaf_weight=21.068661276251078 186.41772648319602 66.596096256747842 322.83123875036836 1026.6565903034061 399.4738376121968 1699.5368504524231 270.81198886036873 183.21679987385869 38.068987380713224 83.810771046206355 712.38939291983843 2274.5512641314417 101.93982984870672 1446.7200148068368
leaf_count=405 3203 526 1804 4180 2922 9366 1870 677 294 1805 3020 17735 645 7548
internal_value=2.03109e-05 -0.00161642 0.000681491 0.00108215 -0.00582168 -0.00433604 0.00550329 0.00598744 -0.00223557 -0.0173942 0.00495206 -0.00151163 0.00457861 0.00358921
internal_weight=8834.09 6810.33 4403.02 4336.43 2407.31 2137.08 2023.76 2002.69 1737.61 270.228 1739.05 2597.38 1819.47 1717.53
internal_count=56000 44855 27265 26739 17590 12582 11145 10740 9660 5008 7200 19539 10063 9418
cat_boundaries=0 1
cat_threshold=2
is_linear=0
shrinkage=0.05


Tree=90
num_leaves=15
num_cat=3
split_feature=8 2 7 3 9 5 3 3 9 8 7 5 7 3
split_gain=30.8542 27.1133 21.803 20.8546 16.1451 14.3653 12.8812 11.494 14.3271 11.4569 10.9262 24.957 10.4638 10.7584
threshold=2.5000000000000004 0 0.50685000000000013 35.57500000000001 1 3.6050000000000004 30.155000000000005 21.745000000000001 2 5.5000000000000009 0.21825000000000003 4.0250000000000012 0.22085000000000002 9.1650000000000009
decision_type=2 1 2 2 1 2 2 2 1 2 2 2 2 2
left_child=1 7 3 4 -3 -5 9 12 -9 10 11 -2 13 -1
right_child=6 2 -4 5 -6 -7 -8 8 -10 -11 -12 -13 -14 -15
leaf_value=-0.038378921695215611 0.0068490095503675784 0.003748307289470123 0.025490407177588794 0.015923531755364033 -0.0026843598717517458 0.0023250634808171084 0.01778089756348147 0.00468083601375707 -0.0098179771025381744 0.041231351011581589 0.0090983742136447662 -0.02025055144133573 -0.0072970799839920039 -0.013984035475198246
leaf_weight=59.109912907704711 246.16671349853277 1259.0628145914525 81.613278659060597 302.23425680957735 4184.6160148847848 537.43042658828199 249.44807119481266 324.20550247095525 334.75410129316151 18.170585069805384 456.32340033352375 125.96915717609227 445.80357875861228 193.6604502722621
leaf_count=1067 1558 7139 742 1277 28384 2714 1086 1784 2246 78 1797 1252 2227 2649
internal_value=1.86948e-05 -0.00109646 0.000278136 -6.09078e-05 -0.00119336 0.00725905 0.00785712 -0.00747491 -0.00277334 0.00488076 0.00393759 -0.00241286 -0.0119856 -0.020072
internal_weight=8818.57 7722.49 6364.96 6283.34 5443.68 839.665 1096.08 1357.53 658.96 846.63 828.459 372.136 698.574 252.77
internal_count=56000 50229 40256 39514 35523 3991 5771 9973 4030 4685 4607 2810 5943 3716
cat_boundaries=0 1 2 3
cat_threshold=4 2 22
is_linear=0
shrinkage=0.05


Tree=91
num_leaves=15
num_cat=1
split_feature=2 5 7 3 3 3 7 7 7 0 7 1 8 6
split_gain=28.9242 21.7164 21.4594 17.2079 16.3291 15.8222 15.7683 13.0964 19.0496 12.2664 11.6839 11.3348 10.9013 12.3804
threshold=0 4.245000000000001 0.26305000000000006 27.065000000000001 16.335000000000004 51.295000000000009 0.33775000000000005 0.052350000000000008 0.069150000000000003 63.500000000000007 0.10275000000000002 1219.9650000000004 2.5000000000000004 14.500000000000002
decision_type=1 2 2 2 2 2 2 2 2 2 2 2 2 2
left_child=6 2 5 -4 10 9 11 -6 -9 -2 -3 12 13 -1
right_child=1 4 3 -5 7 -7 -8 8 -10 -11 -12 -13 -14 -15
leaf_value=3.8909715717888997e-05 -0.0028312141031249646 -0.036039777349584849 0.001428955981321351 0.012581102009964077 -0.035650406444693479 0.027217988800412214 0.013748100372950621 0.039785202271854891 -0.0030588523187263981 -0.029604419631272662 -0.010857428502885284 0.021001162392347849 0.011490606705143409 0.029429888125746036
leaf_weight=1702.7945749871433 2614.5252466704696 47.990799784660339 1395.6348483115435 457.30352267622948 26.812973925843835 40.26466716080904 393.44992980733514 23.570003736764193 1111.6286270488054 40.538625955581665 574.29702000878751 79.730566684156656 265.15617172420025 33.600277066230774
leaf_count=10176 20422 1370 5823 1928 579 140 1874 354 6828 371 4339 400 1212 184
internal_value=1.80866e-05 -0.00177341 5.87925e-05 0.00419718 -0.00644598 -0.0027877 0.00458758 -0.0029315 -0.00206677 -0.00327295 -0.0129631 0.00286057 0.0021076 0.000657421
internal_weight=8807.3 6332.57 4548.27 1852.94 1784.3 2695.33 2474.73 1162.01 1135.2 2655.06 622.288 2081.28 2001.55 1736.39
internal_count=56000 42154 28684 7751 13470 20933 13846 7761 7182 20793 5709 11972 11572 10360
cat_boundaries=0 1
cat_threshold=1
is_linear=0
shrinkage=0.05


Tree=92
num_leaves=15
num_cat=1
split_feature=8 3 7 3 3 5 7 7 0 9 5 7 1 8
split_gain=27.386 28.4762 26.6142 20.8882 17.8958 17.7648 15.0689 14.5533 14.4785 10.816 9.79475 9.10156 7.05612 7.52147
threshold=3.5000000000000004 9.1650000000000009 0.34395000000000003 46.140000000000008 35.875000000000007 3.1650000000000005 0.54360000000000008 0.093150000000000024 55.500000000000007 0 3.0250000000000004 0.079450000000000007 293.47000000000008 5.5000000000000009
decision_type=2 2 2 2 2 2 2 2 2 1 2 2 2 2
left_child=1 7 3 5 6 -3 -4 -1 10 -10 -9 -5 -2 -14
right_child=12 2 4 11 -6 -7 -8 8 9 -11 -12 -13 13 -15
leaf_value=-0.027416740368909245 0.03588932349478207 0.0044374413979565907 0.0039216449293193179 -0.013829621315472301 0.024599569240389953 -0.0026548322366369711 0.031892987621418525 0.003969877490934472 0.024976630768442722 -0.0081327156301748121 -0.0096660612454061209 0.016723158278758251 0.0090185078848534963 0.038434462370873307
leaf_weight=83.281256176531315 30.438458606600761 1084.7665950469673 1027.7811479121447 25.084736764431 131.87376613542438 4688.8420388735831 47.625109378248453 152.40784699469805 50.500653434544802 35.873271889984608 902.59024604409933 220.71011267229915 290.78050298988819 20.983033889904618
leaf_count=1978 121 5731 4663 197 685 32094 432 805 286 250 6335 830 1504 89
internal_value=1.77518e-05 -0.000545893 0.000649872 -0.000710084 0.00741546 -0.0013207 0.00524565 -0.00758645 -0.00607144 0.0132987 -0.00769051 0.0134759 0.0138218 0.0113458
internal_weight=8793.54 8451.34 7226.68 6019.4 1207.28 5773.61 1075.41 1224.65 1141.37 86.3739 1055 245.795 342.202 311.764
internal_count=56000 54286 44632 38852 5780 37825 5095 9654 7676 536 7140 1027 1714 1593
cat_boundaries=0 1
cat_threshold=10
is_linear=0
shrinkage=0.05


Tree=93
num_leaves=15
num_cat=1
split_feature=9 8 7 5 1 3 12 7 8 7 3 7 7 12
split_gain=27.3047 23.0405 16.3505 14.8615 15.8199 14.4983 16.1788 13.5998 13.3347 13.2549 13.2365 14.7934 12.9813 12.3377
threshold=0 1.0000000180025095e-35 0.080750000000000002 4.2950000000000008 2306.3700000000003 33.685000000000009 12.025 0.11695000000000001 4.5000000000000009 0.034650000000000007 27.065000000000001 0.33525000000000005 0.10405000000000002 7.205000000000001
decision_type=1 2 2 2 2 2 2 2 2 2 2 2 2 2
left_child=9 3 13 7 -5 8 -7 12 -4 -1 -11 -12 -2 -3
right_child=1 2 5 4 -6 6 -8 -9 -10 10 11 -13 -14 -15
leaf_value=-0.032331908301033531 -0.008875270925876479 -0.026393677810155725 -0.00030389991241378369 -0.0084912144793991562 -0.030068209772541106 0.0024063294441446885 0.018810332384154367 -0.0015414587825686909 0.022372705499578777 0.0028311704678602089 0.0088285767802343314 0.033357728801681384 -0.040893283534756887 -0.0034974702096784321
leaf_weight=20.389274017885327 166.96610704064369 87.61712840385735 3400.1276183445007 511.0644769705832 100.12970324605703 426.10872069001198 230.12773545272648 1576.1172265019268 63.087863154709339 1374.406429361552 549.53715603798628 67.013749955222011 36.911454020068049 170.95758217200637
leaf_count=405 3020 1521 19681 4064 1034 2004 943 8912 272 8130 2218 392 560 2844
internal_value=2.03075e-05 -0.00150079 0.000653274 -0.00544682 -0.0121557 0.001422 0.00821828 -0.00312662 0.000128196 0.00511625 0.00557348 0.0116433 -0.015181 -0.0114695
internal_weight=8780.56 6769.22 4378.03 2391.19 611.194 4119.45 656.236 1779.99 3463.22 2011.35 1990.96 616.551 203.878 258.575
internal_count=56000 44855 27265 17590 5098 22900 2947 12492 19953 11145 10740 2610 3580 4365
cat_boundaries=0 1
cat_threshold=2
is_linear=0
shrinkage=0.05


Tree=94
num_leaves=15
num_cat=1
split_feature=2 3 5 7 7 12 0 12 8 8 7 8 5 0
split_gain=27.1618 19.867 20.3261 18.9365 17.2539 15.4674 13.6178 12.9785 17.1562 12.245 12.0915 11.9657 10.7918 10.4327
threshold=0 46.140000000000008 3.1650000000000005 0.23845000000000002 0.18875000000000003 2.6650000000000005 41.500000000000007 4.5750000000000011 1.0000000180025095e-35 3.5000000000000004 0.027450000000000006 2.5000000000000004 2.3150000000000004 60.500000000000007
decision_type=1 2 2 2 2 2 2 2 2 2 2 2 2 2
left_child=1 2 6 9 10 -6 12 -7 -9 -4 -2 -5 -1 -12
right_child=4 -3 3 11 5 7 -8 8 -10 -11 13 -13 -14 -15
leaf_value=0.023517317411120994 -0.037720018944911386 0.020636494212903866 -0.0039893408707025431 0.0025723521671238672 -0.027969132590527808 0.0090518721162512489 0.016949324234606829 -0.0070500857471817576 0.0016913451316855088 0.014625018806814575 -0.0078277542520355636 0.015111215997253243 0.0012212004838516725 0.01632694458409709
leaf_weight=58.716165978461504 29.961019352078438 145.08146500401199 1796.4015128128231 1613.8083129618317 48.264081405475736 327.02402550727129 327.62973387353122 884.06267654709518 1526.1202691420913 90.001649290323257 1213.1892096009105 213.04551817663014 453.30885658226907 43.675619700923562
leaf_count=265 663 596 15077 6826 265 1455 1573 4507 6947 490 13667 820 2412 437
internal_value=1.80761e-05 0.00260538 0.00202331 0.000432003 -0.00296559 -0.000758148 0.00903406 -0.000248252 -0.00151982 -0.00307942 -0.00775395 0.004057 0.00390009 -0.00695151
internal_weight=8770.29 4697.99 4552.91 3713.26 4072.3 2785.47 839.655 2737.21 2410.18 1886.4 1286.83 1826.85 512.025 1256.86
internal_count=56000 28059 27463 23213 27941 13174 4250 12909 11454 15567 14767 7646 2677 14104
cat_boundaries=0 1
cat_threshold=35
is_linear=0
shrinkage=0.05


Tree=95
num_leaves=15
num_cat=2
split_feature=7 2 8 9 3 7 5 5 6 0 1 5 7 0
split_gain=25.8555 25.3637 23.9581 19.5735 21.475 18.039 16.4331 15.3554 14.3427 10.6283 13.5529 13.2249 10.156 9.64266
threshold=0.50685000000000013 0 1.5000000000000002 1 4.7150000000000007 0.13765000000000002 4.0150000000000006 4.6350000000000007 8.5000000000000018 60.500000000000007 1744.6550000000004 4.4250000000000007 0.33775000000000005 62.500000000000007
decision_type=2 1 2 1 2 2 2 2 2 2 2 2 2 2
left_child=1 9 5 6 -5 8 -4 -7 -3 10 12 -12 -1 -11
right_child=-2 2 3 4 -6 7 -8 -9 -10 13 11 -13 -14 -15
leaf_value=-0.040314804408835239 0.023683943937356008 -0.0022476093866540948 0.012929229777642224 -0.040732141313248607 0.00031170220745823838 0.0013255559077253907 0.0023653758939312223 -0.0096720477684701413 -0.015504252521502998 0.039804269786979415 -0.0036797460442382583 -0.016310357206756509 0.0077801163322047395 -0.0018664164385075689
leaf_weight=46.203746126964688 110.90835087187588 504.57801262848079 875.73662492260337 30.409241719171405 690.63080009445548 3714.1296941041946 636.33297199383378 344.03563764318824 340.96023000963032 20.274481792002916 1145.4444480482489 250.87700614705682 13.012900896370409 33.776610910892487
leaf_count=435 1019 6740 4280 251 3948 18406 3772 1961 4719 115 7933 2133 51 237
internal_value=1.77822e-05 -0.000293896 0.000954719 0.00524528 -0.00155935 -0.000999238 0.00844135 0.000386765 -0.00762922 -0.00615273 -0.00701104 -0.00597919 -0.0298804 0.0150354
internal_weight=8757.31 8646.4 7136.81 2233.11 721.04 4903.7 1512.07 4058.17 845.538 1509.59 1455.54 1396.32 59.2166 54.0511
internal_count=56000 54981 44077 12251 4199 31826 8052 20367 11459 10904 10552 10066 486 352
cat_boundaries=0 1 2
cat_threshold=4 26
is_linear=0
shrinkage=0.05


Tree=96
num_leaves=15
num_cat=2
split_feature=9 5 7 3 0 2 5 5 7 7 3 3 7 3
split_gain=24.7653 19.4039 19.0711 18.0251 14.2144 13.8029 13.376 16.8372 12.9682 11.9212 12.5562 10.3465 9.63922 8.85048
threshold=0 2.9250000000000003 0.15155000000000005 11.575000000000001 18.500000000000004 1 4.0150000000000006 3.9650000000000003 0.045850000000000009 0.034650000000000007 38.695000000000007 4.7150000000000007 0.41485000000000005 9.4050000000000029
decision_type=1 2 2 2 2 1 2 2 2 2 2 2 2 2
left_child=9 11 6 4 -4 -5 7 -3 -8 -1 12 -2 13 -11
right_child=1 2 3 5 -6 -7 8 -9 -10 10 -12 -13 -14 -15
leaf_value=-0.031223505136636843 -0.021134122574809417 -0.0055059438427626697 -0.031362030663035466 0.0055724513943992563 -0.005357098183823847 -0.0012280239389273341 -0.037627614185041049 0.026543581316625438 -0.011388377449848844 -0.0051388412245073622 0.017852725978059893 0.0072061316846121527 0.019090178144427098 0.0047034713384686254
leaf_weight=19.641068132594228 30.805280353873968 619.53271301463246 52.624620018526912 1013.7666993066669 1016.8910192884505 2719.9124978948385 50.550855265930295 40.905919497832656 456.69821042567492 268.84337307140231 178.52354640886188 742.59003102965653 97.590202473104 1438.6167683769017
leaf_count=405 219 7534 358 4374 5996 13551 1264 538 7127 1870 677 3894 645 7548
internal_value=1.61146e-05 -0.001435 -0.00240297 -0.00100758 -0.00672079 0.000633056 -0.0081255 -0.00340983 -0.0142092 0.00487928 0.00530794 0.006 0.00403967 0.00314748
internal_weight=8747.49 6744.28 5970.88 4803.19 1069.52 3733.68 1167.69 660.439 507.249 2003.21 1983.57 773.395 1805.05 1707.46
internal_count=56000 44855 40742 24279 6354 17925 16463 8072 8391 11145 10740 4113 10063 9418
cat_boundaries=0 1 2
cat_threshold=2 1
is_linear=0
shrinkage=0.05


Tree=97
num_leaves=15
num_cat=1
split_feature=7 2 8 5 7 3 3 0 1 8 6 6 12 7
split_gain=23.7128 23.3162 18.5414 16.6939 14.0556 12.1572 12.1063 11.7584 10.181 9.86498 12.4293 9.15669 8.13906 3.59711
threshold=0.50685000000000013 0 1.5000000000000002 3.8850000000000002 0.27365000000000006 38.305000000000007 8.7750000000000004 60.500000000000007 1305.6150000000002 2.5000000000000004 2.5000000000000004 11.500000000000002 20.695000000000004 0.5676500000000001
decision_type=2 1 2 2 2 2 2 2 2 2 2 2 2 2
left_child=1 8 3 5 6 -3 -4 -5 9 10 -1 -11 -6 -2
right_child=13 2 4 7 12 -7 -8 -9 -10 11 -12 -13 -14 -15
leaf_value=0.030224364713681243 0.014390632775179883 -0.0019934333535919255 -0.014251754868350414 -0.0076817002590205798 0.0060790086641369532 0.010036958973465258 0.00081688266582660056 0.012677979726698645 0.022951883450575142 0.014436887529822195 0.0015440253159892813 -0.015514000539255024 0.024658678609644043 0.033930801055723596
leaf_weight=35.507908143103123 64.743810020387173 1972.6160738766193 148.92325532995164 1998.814883325249 625.89659524895251 231.9871445260942 1084.8469121791422 70.898000963032246 65.054993528872728 274.33892622590065 2029.8180441856384 25.659978434443474 62.692884866148233 43.524137422442436
leaf_count=175 613 12827 1416 15576 2499 1033 7323 484 315 1250 11730 137 216 406
internal_value=1.41467e-05 -0.000281558 -0.00190891 -0.00374538 0.00216398 -0.000715574 -0.00103215 -0.00696694 0.0038569 0.0033196 0.00208023 0.0117468 0.00787023 0.0229489
internal_weight=8735.32 8627.06 6196.68 4274.32 1922.36 2204.6 1233.77 2069.71 2430.38 2365.32 2065.33 299.999 688.589 108.268
internal_count=56000 54981 41374 29920 11454 13860 8739 16060 13607 13292 11905 1387 2715 1019
cat_boundaries=0 1
cat_threshold=1
is_linear=0
shrinkage=0.05


Tree=98
num_leaves=15
num_cat=1
split_feature=9 8 3 7 7 3 1 12 3 7 3 3 7 12
split_gain=22.566 18.4888 14.7929 12.7918 12.4774 12.7452 12.459 11.8348 11.3588 11.3298 17.1584 11.3287 10.9908 9.96181
threshold=0 1.0000000180025095e-35 2.6650000000000005 0.080750000000000002 0.11695000000000001 10.755000000000001 1233.9700000000003 7.205000000000001 33.685000000000009 0.30475000000000008 25.065000000000001 5.245000000000001 0.49365000000000009 7.9050000000000011
decision_type=1 2 2 2 2 2 2 2 2 2 2 2 2 2
left_child=9 4 13 7 6 -6 11 -4 -5 -1 -11 -2 -7 -3
right_child=1 2 3 8 5 12 -8 -9 -10 10 -12 -13 -14 -15
leaf_value=0.0026233743546176191 0.037737399754258383 -0.001256739420305891 -0.02493207077209467 0.00044900277427283649 -0.011711515223056967 -0.0023714307729492696 -0.031607506094852952 -0.0021232803039336278 0.00764389111407867 0.0057921252929060158 0.027861460682003094 -0.011023729978605049 0.024815136279075094 -0.039682657208264714
leaf_weight=1539.5217382069677 9.8802526947110874 30.836006676778197 83.853552317246795 3384.4285746477544 394.66980443149805 1689.3932012394071 77.785753170028329 166.58977292664349 651.77339672110975 341.1619507856667 116.84423213638365 169.73939960263669 35.024300308898091 34.778803985565901
leaf_count=9045 227 219 1496 19501 2922 9366 1805 2795 2947 1494 606 2976 294 307
internal_value=1.59364e-05 -0.00137056 0.000564552 0.000932584 -0.00491648 -0.00364129 -0.0152516 -0.00996485 0.00161566 0.00466498 0.011567 -0.00776568 -0.00177711 -0.0224687
internal_weight=8726.28 6728.75 4352.26 4286.65 2376.49 2119.09 257.405 250.443 4036.2 1997.53 458.006 179.62 1724.42 65.6148
internal_count=56000 44855 27265 26739 17590 12582 5008 4291 22448 11145 2100 3203 9660 526
cat_boundaries=0 1
cat_threshold=2
is_linear=0
shrinkage=0.05


Tree=99
num_leaves=15
num_cat=4
split_feature=2 7 3 9 5 8 1 7 0 0 5 9 1 9
split_gain=22.3533 20.0345 20.0081 19.6703 31.3811 22.2995 9.41892 17.0899 12.2619 10.9024 10.8956 15.6728 10.5178 10.4424
threshold=0 0.47345000000000004 47.155000000000008 1 4.7150000000000007 3.5000000000000004 5282.7000000000016 0.082050000000000026 26.500000000000004 33.500000000000007 3.0450000000000004 2 1858.3050000000001 3
decision_type=1 2 2 1 2 2 2 2 2 2 2 1 2 1
left_child=6 2 3 4 -2 -5 9 -8 -9 12 11 -11 -1 -10
right_child=1 -3 -4 5 -6 -7 7 8 13 10 -12 -13 -14 -15
leaf_value=-0.029490014375192976 -0.0029692723760533319 0.018411487427028139 0.017171551648749703 0.0011091037741979006 -0.034970687306099195 0.017333833457984529 -0.03682161784289277 -0.016034541391577221 0.014539611759088517 0.019092645243821746 -0.014623235626707261 -0.015484118327130706 0.0010659450552812069 -0.001941628677762419
leaf_weight=27.567309534177184 1443.6214733161032 161.92265902087092 178.38036868348718 5109.2056057602167 77.962044907733798 217.96901287697256 25.921696936711669 69.305726882070303 180.9312681928277 54.703153109177947 569.94326030090451 50.984142955392599 355.91505072824657 191.08726992458105
leaf_count=224 9527 1313 746 31652 642 1011 548 460 979 286 4507 326 2517 1262
internal_value=1.47278e-05 0.00118363 0.00078065 0.000346407 -0.00464407 0.00177901 -0.00545431 0.000423376 0.00284485 -0.00809258 -0.011901 0.00277764 -0.00134248 0.00646214
internal_weight=8715.42 7189.06 7027.14 6848.76 1521.58 5327.17 1526.36 467.246 441.324 1059.11 675.631 105.687 383.482 372.019
internal_count=56000 44891 43578 42832 10169 32663 11109 3249 2701 7860 5119 612 2741 2241
cat_boundaries=0 1 2 3 4
cat_threshold=4 1 10 22
is_linear=0
shrinkage=0.05


Tree=100
num_leaves=15
num_cat=3
split_feature=2 3 5 7 5 7 3 7 2 5 1 1 9 0
split_gain=20.7978 17.2653 16.8606 16.8312 13.8524 12.5943 11.7378 11.6053 10.3837 10.2268 9.55141 10.3702 10.0396 8.39644
threshold=0 51.295000000000009 4.5750000000000011 0.18875000000000003 2.6250000000000004 0.33775000000000005 3.4150000000000005 0.056650000000000006 1 3.9050000000000007 1219.9650000000004 903.2600000000001 2 51.500000000000007
decision_type=1 2 2 2 2 2 2 2 1 2 2 2 1 2
left_child=5 2 3 8 -5 10 -4 -8 -2 -7 11 12 -1 -13
right_child=1 -3 6 4 -6 9 7 -9 -10 -11 -12 13 -14 -15
leaf_value=0.0065474662682173251 -0.0015616213944153181 0.022021219585693818 -0.052904534177673129 0.01312410260515212 0.00024322332890729884 0.021138805001081021 -0.046160198898503355 -0.0070350119317745922 -0.0093330468556708217 0.0046831566481049967 0.01909096545118219 -0.015728956541808153 -0.00082560980130887227 0.016020521237184459
leaf_weight=874.72100589796901 1027.1396008040756 73.967077154666185 12.169614374637602 218.88008707761765 3522.6587449349463 172.65646216645837 16.666232287883759 643.03950804099441 746.18547711335123 209.00070982985198 79.094614565372467 128.15829820558429 962.59552090056241 22.237867314368486
leaf_count=4616 10463 287 159 861 16384 867 480 4710 8810 1007 400 821 6016 119
internal_value=1.38685e-05 -0.00151436 -0.00180873 -0.000895332 0.00100667 0.00390884 -0.00926873 -0.00822792 -0.00490328 0.0122343 0.00237484 0.00168191 0.00272065 -0.0108129
internal_weight=8709.17 6260.71 6186.74 5514.86 3741.54 2448.46 671.875 659.706 1773.33 381.657 2066.81 1987.71 1837.32 150.396
internal_count=56000 42154 41867 36518 17245 13846 5349 5190 19273 1874 11972 11572 10632 940
cat_boundaries=0 1 2 3
cat_threshold=1 42 22
is_linear=0
shrinkage=0.05


Tree=101
num_leaves=15
num_cat=1
split_feature=7 3 9 7 8 7 5 0 7 5 1 12 3 7
split_gain=20.5057 20.2571 20.2291 15.7297 15.6238 18.1918 12.9438 17.598 11.8933 11.539 10.1696 10.0011 9.72515 6.81144
threshold=0.54360000000000008 9.4050000000000029 0 0.083350000000000021 1.0000000180025095e-35 0.12275000000000001 4.0250000000000012 20.500000000000004 0.32715000000000005 2.7050000000000005 672.08500000000015 6.4450000000000012 24.745000000000001 0.036650000000000009
decision_type=2 2 1 2 2 2 2 2 2 2 2 2 2 2
left_child=1 3 8 13 5 -4 10 -8 11 -6 -5 -3 -10 -1
right_child=-2 2 4 6 9 -7 7 -9 12 -11 -12 -13 -14 -15
leaf_value=0.0003130271362079102 0.028127329925940553 -0.0028044495382073768 -0.016821181285588831 0.0064304558727766477 0.011717244966269221 -0.0023628003307848144 -0.04446506140114901 -0.0081151855171852309 0.0084666498480060696 0.00057343770452635391 -0.0053533247643515981 0.0064483735259285987 0.028625691180659947 -0.036518111161086317
leaf_weight=16.017260595224798 61.374792717397213 409.65663901530206 245.61722498387098 313.34314644709229 246.42507094703615 1754.5398420020938 33.156323781237006 464.18888675794005 189.63279603049159 3388.8043023087084 431.69364532083273 1001.9203417077661 87.307447215542197 54.20300579443574
leaf_count=428 610 2268 4378 1770 1183 9764 297 3590 831 20801 2882 5377 476 1345
internal_value=1.23621e-05 -0.000197133 0.000828687 -0.00590972 -0.000613837 -0.00416081 -0.00457036 -0.0107906 0.00560611 0.00133789 -0.000391459 0.00376284 0.0150606 -0.0284483
internal_weight=8697.88 8636.51 7323.9 1312.6 5635.39 2000.16 1242.38 497.345 1688.52 3635.23 745.037 1411.58 276.94 70.2203
internal_count=56000 55390 45078 10312 36126 14142 8539 3887 8952 21984 4652 7645 1307 1773
cat_boundaries=0 1
cat_threshold=2
is_linear=0
shrinkage=0.05


Tree=102
num_leaves=15
num_cat=0
split_feature=3 8 7 7 5 7 8 3 0 12 7 3 12 5
split_gain=19.6861 19.3829 16.4681 15.0148 12.984 12.9747 13.5238 12.3293 11.8488 11.6951 10.9687 11.9053 9.61362 8.10826
threshold=36.175000000000004 1.0000000180025095e-35 0.36825000000000008 0.049150000000000006 4.2950000000000008 0.41485000000000005 5.5000000000000009 7.4450000000000012 60.500000000000007 3.1750000000000003 0.052350000000000008 51.295000000000009 21.915000000000003 3.7850000000000006
decision_type=2 2 2 2 2 2 2 2 2 2 2 2 2 2
left_child=1 3 10 13 9 6 7 -3 -6 -5 -2 12 -12 -1
right_child=2 5 -4 4 8 -7 -8 -9 -10 -11 11 -13 -14 -15
leaf_value=-0.049414927204013234 -0.021535742222404852 -0.006988294395141423 0.027147064454470418 -0.02089076429219977 -0.011009450297962959 0.011430333812173248 0.039417443262213851 0.0011027217000346577 0.022365180051852243 -0.000899283106018685 0.004972765270057574 0.022485539454656145 -0.017302744136486938 -0.010701486529970598
leaf_weight=24.337853822857141 36.09423858858645 529.40151364356279 84.28093995898962 73.100321257486939 651.95341398194432 277.50236029736698 19.051409766077995 4068.9974080007523 24.992706695571542 1902.1401132363826 825.4401615858078 90.417131956666708 48.536283861845732 31.070745589211583
leaf_count=529 376 3973 516 541 5199 1795 80 24884 160 12686 3790 325 263 883
internal_value=1.12682e-05 -0.000888566 0.00630277 -0.00428067 -0.00372391 0.000989219 0.000354708 0.000167276 -0.00968402 -0.00166969 0.00447094 0.00550805 0.00368074 -0.0293708
internal_weight=8687.32 7602.55 1084.77 2707.6 2652.19 4894.95 4617.45 4598.4 676.946 1975.24 1000.49 964.394 873.976 55.4086
internal_count=56000 50730 5270 19998 18586 30732 28937 28857 5359 13227 4754 4378 4053 1412
is_linear=0
shrinkage=0.05


Tree=103
num_leaves=15
num_cat=3
split_feature=2 8 7 3 7 12 5 9 3 5 5 2 0 1
split_gain=19.4748 17.8299 15.9481 15.1464 15.11 13.5972 25.9219 12.791 12.4667 12.2147 10.3318 9.58822 9.16194 11.7523
threshold=0 1.5000000000000002 0.39095000000000008 40.82500000000001 0.20555000000000004 7.7550000000000008 4.6250000000000009 1 13.885000000000003 4.6950000000000012 4.5850000000000009 2 60.500000000000007 1744.6550000000004
decision_type=1 2 2 2 2 2 2 1 2 2 2 1 2 2
left_child=12 4 3 7 5 6 -2 -3 11 -7 -10 -6 13 -1
right_child=1 2 -4 -5 8 9 -8 -9 10 -11 -12 -13 -14 -15
leaf_value=-0.02733460547518822 -0.012285138814416353 0.0077406834878644875 0.020352760848426188 0.01900678857265066 0.00018216060815606287 0.00058962879315268158 0.02029108976999152 -0.00064274462148160316 0.0049983617632445368 -0.022273652600938058 -0.0061299751718923122 -0.010617692950599139 0.014492857393782322 -0.0049531862633767718
leaf_weight=58.428435636684299 674.58357554860413 709.48427858762443 150.73378592357039 146.20765772089362 683.53242520987988 1069.0278932284564 64.414693456143141 1230.3710489459336 1858.9153827093542 58.787496261298656 232.31670515052974 282.28349843434989 54.427139369770885 1405.0932510383427
leaf_count=489 6867 3660 951 572 3246 10358 751 7293 7830 788 1076 1499 358 10262
internal_value=1.06084e-05 0.00110313 0.00480321 0.00365203 -0.000577393 -0.00411828 -0.00937508 0.00246717 0.0015868 -0.000658051 0.0037551 -0.00310518 -0.00510885 -0.00590081
internal_weight=8678.61 7160.66 2236.8 2086.06 4923.86 1866.81 738.998 1939.86 3057.05 1127.82 2091.23 965.816 1517.95 1463.52
internal_count=56000 44891 12476 11525 32415 18764 7618 10953 13651 11146 8906 4745 11109 10751
cat_boundaries=0 1 2 3
cat_threshold=4 18 19
is_linear=0
shrinkage=0.05


Tree=104
num_leaves=15
num_cat=2
split_feature=8 2 5 7 13 3 13 12 7 11 0 3 8 7
split_gain=18.6429 19.0073 18.6087 15.6177 14.7583 13.6899 20.7767 15.9928 11.5594 17.0506 11.4599 12.233 10.8182 10.1226
threshold=3.5000000000000004 0 3.1650000000000005 0.095650000000000013 1.5000000000000002 9.4050000000000029 6.5000000000000009 5.6650000000000009 0.17045000000000002 1 41.500000000000007 34.745000000000012 1.0000000180025095e-35 0.074450000000000002
decision_type=2 1 2 2 2 2 2 2 2 1 2 2 2 2
left_child=1 2 10 13 -5 6 7 -3 9 -7 11 -1 -10 -4
right_child=-2 5 3 4 -6 8 -8 -9 12 -11 -12 -13 -14 -15
leaf_value=0.00072795014741373855 0.011486075249535493 0.0035356827766570634 -0.0036411570424506692 -0.0019859644467434263 0.0046608238318750937 -0.012583321180410854 0.044780780016487248 -0.016652514854421593 -0.0042667657918360434 0.0016109844180154998 0.015798294082167035 0.023767387810242679 0.0025724687030575289 -0.022808060481447057
leaf_weight=439.74116063676775 337.01427619345486 127.08582281135023 188.46944285929203 1738.9686951227486 1601.5781011134386 510.94459454342723 13.757821682840584 413.74400115665048 932.59428573027253 358.55627162195742 324.78662602230906 63.337572518736124 1510.6580710187554 106.88656354695559
leaf_count=2391 1714 1070 3218 9683 8487 6263 101 3802 4780 4132 1574 257 6956 1572
internal_value=9.95309e-06 -0.000458252 0.00176313 0.00022416 0.00120207 -0.00301836 -0.0102755 -0.0119153 -0.00180435 -0.0067446 0.00851815 0.00375231 -4.01118e-05 -0.0107371
internal_weight=8668.12 8331.11 4463.77 3635.9 3340.55 3867.34 554.588 540.83 3312.75 869.501 827.865 503.079 2443.25 295.356
internal_count=56000 54286 27182 22960 18170 27104 4973 4872 22131 10395 4222 2648 11736 4790
cat_boundaries=0 1 2
cat_threshold=35 2
is_linear=0
shrinkage=0.05


Tree=105
num_leaves=15
num_cat=2
split_feature=7 9 5 8 5 2 7 3 7 3 7 12 1 6
split_gain=18.5817 17.9232 15.0708 12.7871 13.1521 11.2495 10.3501 10.8317 9.42537 8.86043 7.3147 6.41699 5.12043 1.47165
threshold=0.54360000000000008 0 2.9250000000000003 1.0000000180025095e-35 3.0350000000000006 1 0.034650000000000007 31.015000000000004 0.30475000000000008 4.7150000000000007 0.31635000000000008 6.4050000000000011 765.12500000000011 9.5000000000000018
decision_type=2 1 2 2 2 1 2 2 2 2 2 2 2 2
left_child=1 6 9 5 -5 -4 13 11 -9 12 -11 -8 -3 -1
right_child=-2 2 3 4 -6 -7 7 8 -10 10 -12 -13 -14 -15
leaf_value=-0.038184958562794184 0.027234572473025999 -0.038681313533078979 -0.013591982628274558 -0.017122625958085697 -5.1676950579354879e-05 -0.003716403321124077 -0.002791466399087005 0.0084072342116797497 0.030285804930690899 0.0038254721722257631 0.016478440819964534 0.0044234194703571374 0.00048875195131675697 -0.0055780141149035373
leaf_weight=13.04000540263951 59.226318350061774 14.562203455716373 342.9851932618767 113.38460744172335 3693.6925997529179 1719.9543446283787 425.15888009220362 368.39898555725813 54.832555456086993 592.06805874407291 139.49005440250039 1101.1202867012471 15.753376625478266 5.895019967108964
leaf_count=281 610 103 3117 672 23812 12725 2535 1443 314 3256 590 6304 114 124
internal_value=1.00276e-05 -0.000186886 -0.00143095 -0.00229231 -0.000573176 -0.00545945 0.00398731 0.0043855 0.011435 0.00516983 0.00629553 0.00241211 -0.0201156 -0.0301848
internal_weight=8659.56 8600.34 6631.89 5870.02 3807.08 2062.94 1968.45 1949.51 423.232 761.874 731.558 1526.28 30.3156 18.935
internal_count=56000 55390 44389 40326 24484 15842 11001 10596 1757 4063 3846 8839 217 405
cat_boundaries=0 1 2
cat_threshold=2 4
is_linear=0
shrinkage=0.05


Tree=106
num_leaves=15
num_cat=2
split_feature=7 3 5 7 7 3 9 3 8 9 7 13 0 13
split_gain=17.2834 17.5821 16.829 20.4548 16.0192 14.7205 14.2943 9.60884 6.25305 8.25731 8.37686 5.97391 5.83953 2.78942
threshold=0.54360000000000008 46.140000000000008 4.0250000000000012 0.052350000000000008 0.33255000000000007 9.5150000000000023 0 35.875000000000007 1.5000000000000002 1 0.23105000000000003 3.5000000000000004 37.500000000000007 1.5000000000000002
decision_type=2 2 2 2 2 2 1 2 2 1 2 2 2 2
left_child=1 2 4 11 6 -5 -1 -6 9 12 -11 -4 -3 -10
right_child=-2 8 3 5 7 -7 -8 -9 13 10 -12 -13 -14 -15
leaf_value=0.0030443708906097138 0.026582292208099174 0.026472397133112804 -0.033785485786006562 -0.010388300677340744 0.0059637362507020276 -0.0012465450498247146 -0.0029029896528273095 0.026584768034777669 0.012208679335087277 -0.021372205069812196 0.011210820985888124 0.0036545869169006119 0.003733084845969405 0.032247898051174027
leaf_weight=1936.1171262133867 57.757033048197627 59.2552275583148 65.94021466281265 518.49334355816245 814.80749896913767 2837.855485053733 2084.5588153842837 58.131663279607892 36.871630191802979 39.868152476847172 33.94076956063509 11.950262241996823 53.748516261577606 43.461180787533522
leaf_count=11356 610 231 1692 4410 3678 18334 14156 309 158 252 123 274 258 159
internal_value=8.28763e-06 -0.000179498 -0.000586521 -0.0032681 0.0012962 -0.00266679 -3.86105e-05 0.0074233 0.0123744 0.00715359 -0.0057834 -0.0281188 0.0147606 0.0238208
internal_weight=8652.76 8595 8327.85 3434.24 4893.62 3356.35 4020.68 872.939 267.145 186.813 73.8089 77.8905 113.004 80.3328
internal_count=56000 55390 54209 24710 29499 22744 25512 3987 1181 864 375 1966 489 317
cat_boundaries=0 1 2
cat_threshold=22 19
is_linear=0
shrinkage=0.05


Tree=107
num_leaves=15
num_cat=2
split_feature=2 3 5 7 12 7 7 6 3 1 12 5 7 2
split_gain=17.4344 13.6151 13.9549 12.784 12.2625 10.4917 10.0719 9.57745 11.6642 9.7014 9.47573 8.83767 8.67329 8.29402
threshold=0 51.295000000000009 4.5750000000000011 0.28315000000000007 2.9950000000000006 0.056650000000000006 0.33775000000000005 14.500000000000002 17.365000000000006 1549.0550000000001 11.935 3.9050000000000007 0.093150000000000024 1
decision_type=1 2 2 2 2 2 2 2 2 2 2 2 2 1
left_child=6 2 3 10 -5 -4 7 9 -9 12 -2 -8 -1 -7
right_child=1 -3 5 4 -6 13 11 8 -10 -11 -12 -13 -14 -15
leaf_value=-0.0084586957205138123 -0.0044019303286767326 0.019759753651617352 -0.045470698524822238 -0.019534927449553922 0.003161656133859013 -0.021278027502123625 0.01960732820400064 0.049023060509718497 -0.0025981530001891705 0.031651278387033667 0.0011153868886320082 0.0041224327871150525 0.0024257811277016358 -0.0048297890414566299
leaf_weight=200.85798771865666 2388.149650237523 72.137474589049816 15.740592897869645 58.496337110176682 1874.6105684619397 81.233700301498175 166.36248452030122 20.785695441067219 19.73586693033576 23.72163001447916 1152.152112826705 206.6396273355931 1792.1068661361933 569.14771229587495
leaf_count=2720 19132 287 496 289 8079 642 867 101 117 107 9018 1007 8927 4211
internal_value=9.42488e-06 -0.00139548 -0.00165585 -0.000822108 0.00244565 -0.00847216 0.00358867 0.00222449 0.0254351 0.00172103 -0.00260696 0.0111302 0.00131774 -0.00737205
internal_weight=8641.88 6211.67 6139.53 5473.41 1933.11 666.122 2430.21 2057.21 40.5216 2016.69 3540.3 373.002 1992.96 650.381
internal_count=56000 42154 41867 36518 8368 5349 13846 11972 218 11754 28150 1874 11647 4853
cat_boundaries=0 1 2
cat_threshold=1 32
is_linear=0
shrinkage=0.05


Tree=108
num_leaves=15
num_cat=1
split_feature=8 5 7 0 12 6 7 9 3 5 6 3 6 6
split_gain=17.0432 15.4819 14.8499 12.1106 15.4637 16.0681 13.3395 11.9556 19.9349 12.5707 10.7738 9.59689 9.67893 8.5946
threshold=2.5000000000000004 4.2250000000000005 0.43925000000000008 60.500000000000007 28.565000000000001 6.5000000000000009 0.095650000000000013 0 14.735000000000001 2.6650000000000005 9.5000000000000018 30.155000000000005 3.5000000000000004 9.5000000000000018
decision_type=2 2 2 2 2 2 2 1 2 2 2 2 2 2
left_child=1 2 7 4 6 -6 -3 8 -1 -9 -5 12 -2 -13
right_child=11 3 -4 10 5 -7 -8 9 -10 -11 -12 13 -14 -15
leaf_value=-0.0045300478457230243 -0.022796938497965154 -0.018444085369957092 0.013990266409204494 -0.00061601515546047092 0.002717933059374877 -0.053538004875620417 -0.0031999973208220582 0.0081077401327144076 0.0066241952293224649 -0.0027296015761503981 0.037362565433689793 0.019647616495540761 0.0044269015954397422 -0.002835755804682082
leaf_weight=570.53224226646125 31.083201596513391 152.03339716140181 197.52997152134776 44.494250675663352 20.367330100387335 29.510213110595942 1971.821400700137 291.57728725485504 1328.0605723131448 2925.8733898568898 29.060250928625464 186.63165901228786 798.88277676515281 53.889754761010408
leaf_count=4007 199 3334 1453 327 151 276 12470 1538 6879 19645 149 807 4486 279
internal_value=7.90954e-06 -0.000828817 0.000642941 -0.00430492 -0.00498724 -0.0317152 -0.0043157 0.000119705 0.00325335 -0.00173545 0.0152649 0.00590351 0.0033289 0.0146373
internal_weight=8631.35 7560.86 5313.57 2247.29 2173.73 49.8775 2123.85 5116.04 1898.59 3217.45 73.5545 1070.49 829.966 240.521
internal_count=56000 50229 33522 16707 16231 427 15804 32069 10886 21183 476 5771 4685 1086
cat_boundaries=0 1
cat_threshold=18
is_linear=0
shrinkage=0.05


Tree=109
num_leaves=15
num_cat=2
split_feature=2 8 9 3 5 5 7 12 5 13 3 6 0 1
split_gain=16.1579 14.7008 14.3754 17.8684 12.9877 17.6808 11.8549 12.0167 22.7915 10.7084 10.264 8.838 8.74285 8.37156
threshold=0 1.5000000000000002 1 4.7150000000000007 4.0150000000000006 4.0750000000000011 0.20555000000000004 7.1550000000000011 4.6250000000000009 5.5000000000000009 13.885000000000003 13.500000000000002 34.500000000000007 5282.7000000000016
decision_type=1 2 1 2 2 2 2 2 2 2 2 2 2 2
left_child=13 6 4 -4 -3 -6 7 8 -2 -9 12 -5 -8 -1
right_child=1 2 3 11 5 -7 10 9 -10 -11 -12 -13 -14 -15
leaf_value=-0.0071702438702572931 -0.012129527301350631 0.011130319953976276 -0.0372531975702452 -0.0010484297311229914 -0.026507882622049256 0.0041576310774265003 -0.0089934464562261094 0.00044027757208671615 0.021057232521823802 -0.019104657844398201 0.0033700778267472561 0.024755465978417608 0.00082496754394521029 0.00090414698264102442
leaf_weight=1046.4935077792034 582.2206090670079 869.59525689855218 30.293411152437329 656.90729915909469 48.09227803722024 586.01138157583773 360.34214056096971 1144.1068579740822 54.029588954523206 71.645594548434019 2078.6662894394249 31.940902482718229 601.8391609210521 461.58789356984198
leaf_count=7860 6006 4367 257 3858 323 3516 1837 11337 644 777 8906 155 2908 3249
internal_value=7.25884e-06 0.00100547 0.00437571 -0.00145761 0.00712522 0.001718 -0.000525332 -0.00367579 -0.00922575 -0.000755718 0.00139516 0.000250217 -0.00286861 -0.00467106
internal_weight=8623.77 7115.69 2222.84 719.142 1503.7 634.104 4892.85 1852 636.25 1215.75 3040.85 688.848 962.181 1508.08
internal_count=56000 44891 12476 4270 8206 3839 32415 18764 6650 12114 13651 4013 4745 11109
cat_boundaries=0 1 2
cat_threshold=4 26
is_linear=0
shrinkage=0.05


Tree=110
num_leaves=15
num_cat=2
split_feature=8 2 3 5 7 3 12 5 12 0 9 4 12 1
split_gain=15.7104 15.7724 16.3148 16.8432 12.9828 12.2814 12.2028 11.8514 10.7737 9.85776 9.00485 7.46549 7.21076 6.35966
threshold=3.5000000000000004 0 2.4050000000000007 3.1650000000000005 0.27365000000000006 35.875000000000007 7.9650000000000007 4.205000000000001 2.6650000000000005 41.500000000000007 1 1.0000000180025095e-35 8.9750000000000032 293.47000000000008
decision_type=2 1 2 2 2 2 2 2 2 2 1 2 2 2
left_child=1 2 6 9 -5 7 -1 8 -3 -4 12 -9 -7 -2
right_child=13 5 3 4 -6 10 -8 11 -10 -11 -12 -13 -14 -15
leaf_value=0.00065987883182526007 0.031725902194452017 -0.026342086735010001 0.0039544705922755323 -0.0017996714964348751 0.0044685215156734332 0.021422979048102513 -0.046063148028618453 -0.011186755336367288 -0.0014712147004573395 0.015226979217801841 -0.00096267269704177036 -0.0014989254826222502 0.0022681657371408197 0.0082358981435875066
leaf_weight=25.19813515804708 29.512048751115799 41.403865778818727 493.05750058591366 2280.4881707895547 1291.3682677429169 108.67874413728714 28.142595315352082 709.58060925919563 2293.6922529675066 319.98108103685081 323.17219310067594 277.26271344255656 89.13237776979804 305.88779462501407
leaf_count=185 121 328 2598 17051 5540 437 255 6236 15714 1553 1782 2181 426 1593
internal_value=5.94487e-06 -0.000425414 0.00160363 0.00194947 0.000468378 -0.00276518 -0.0251314 -0.00389185 -0.00194544 0.00843057 0.00434716 -0.00847766 0.0123403 0.0105657
internal_weight=8616.56 8281.16 4438.24 4384.9 3571.86 3842.92 53.3407 3321.94 2335.1 813.039 520.983 986.843 197.811 335.4
internal_count=56000 54286 27182 26742 22591 27104 440 24459 16042 4151 2645 8417 863 1714
cat_boundaries=0 1 2
cat_threshold=35 18
is_linear=0
shrinkage=0.05


Tree=111
num_leaves=15
num_cat=0
split_feature=7 3 8 7 5 7 1 0 12 5 12 7 12 5
split_gain=15.624 15.2143 13.28 10.8374 10.3173 9.64619 17.548 11.0031 8.93401 8.67838 12.9079 10.2226 6.68334 5.28274
threshold=0.5676500000000001 39.525000000000013 1.0000000180025095e-35 0.049150000000000006 4.2950000000000008 0.17045000000000002 2664.3700000000003 60.500000000000007 3.4250000000000003 3.3350000000000004 13.485000000000001 0.27365000000000006 15.315000000000003 3.2050000000000005
decision_type=2 2 2 2 2 2 2 2 2 2 2 2 2 2
left_child=1 2 3 8 -5 6 -4 -7 -1 10 13 12 -11 -3
right_child=-2 9 5 4 -6 7 -8 -9 -10 11 -12 -13 -14 -15
leaf_value=0.031996610053717268 0.03096857027656072 0.00061516148543777789 -0.00055773536274205207 -0.0012774113973986975 -0.0082904473260517753 0.001570208206273963 -0.016931067555736673 0.016556000708191094 -0.030566915574406474 0.002725964353901494 0.036177213421541059 0.015265813734786533 -0.013629218857909298 0.025101801459813767
leaf_weight=3.9288398567587128 37.550779921934009 87.965038087219 1185.1285061649978 2045.5501475557685 702.93320446368307 3550.5193680627272 186.89998266566545 123.92442479543388 51.988611776381731 339.24107431620359 53.770772743970156 139.61076464876533 73.409511804580688 26.454718869179487
leaf_count=91 406 398 12166 13609 5526 16239 2681 511 1374 1691 188 612 399 109
internal_value=5.61043e-06 -0.000140825 -0.000779898 -0.00353654 -0.0030781 0.000753199 -0.00282021 0.00208871 -0.0247657 0.0067976 0.0166431 0.00372546 -0.000260952 0.00677335
internal_weight=8608.88 8571.32 7850.87 2804.4 2748.48 5046.47 1372.03 3674.44 55.9175 720.452 168.191 552.261 412.651 114.42
internal_count=56000 55594 52197 20600 19135 31597 14847 16750 1465 3397 695 2702 2090 507
is_linear=0
shrinkage=0.05


Tree=112
num_leaves=15
num_cat=2
split_feature=9 7 5 3 2 6 7 3 3 7 3 6 6 1
split_gain=15.0754 11.5109 11.4868 11.1092 16.2269 11.048 9.16859 8.6698 7.77346 7.66199 10.1904 9.20972 6.30949 4.65286
threshold=0 0.54360000000000008 2.9250000000000003 18.085000000000004 1 13.500000000000002 0.034650000000000007 46.140000000000008 4.7150000000000007 0.28515000000000007 24.745000000000001 4.5000000000000009 10.500000000000002 765.12500000000011
decision_type=1 2 2 2 1 2 2 2 2 2 2 2 2 2
left_child=6 2 8 5 -5 -4 -1 9 13 11 -11 -8 -10 -2
right_child=1 -3 3 4 -6 -7 7 -9 12 10 -12 -13 -14 -15
leaf_value=-0.028959394662960977 -0.036951924868071744 0.023747201515697206 -0.0052744862018468909 0.0030377675138717943 -0.0039237139293723982 0.011399306999145709 0.013789417195165255 0.023365516706199976 0.0076602130628392277 0.0045930532860317249 0.02024592132839239 0.00016611532486052741 -0.0045770143830795836 0.0004630122681526971
leaf_weight=18.10524869710207 14.517794221639635 43.163878523744643 2390.5866288430989 1800.5608896613121 1541.7502396702766 100.89612159412354 135.3003079239279 54.410781856626272 600.96846213936806 416.21533597353846 136.85586906969547 1205.3320255763829 125.48329413123429 15.668145351111887
leaf_count=405 103 466 18993 10409 10233 691 765 210 3132 1785 699 7281 714 114
internal_value=6.88874e-06 -0.00113378 -0.00130919 -0.00206137 -0.000176731 -0.00458636 0.00383739 0.00420592 0.00447553 0.00361933 0.00855464 0.00156874 0.00553629 -0.0192453
internal_weight=8599.82 6633.6 6590.43 5833.79 3342.31 2491.48 1966.22 1948.11 756.638 1893.7 553.071 1340.63 726.452 30.1859
internal_count=56000 44855 44389 40326 20642 19684 11145 10740 4063 10530 2484 8046 3846 217
cat_boundaries=0 1 2
cat_threshold=2 35
is_linear=0
shrinkage=0.05


Tree=113
num_leaves=15
num_cat=1
split_feature=2 7 12 3 8 3 12 6 7 6 1 3 5 5
split_gain=14.2275 11.8968 25.8881 14.4826 11.7936 11.3513 10.8028 8.84916 9.44188 9.30528 9.0937 9.02741 7.35388 7.72239
threshold=0 0.052350000000000008 3.3450000000000002 51.295000000000009 3.5000000000000004 16.335000000000004 5.8150000000000004 2.5000000000000004 0.027450000000000006 14.500000000000002 1549.0550000000001 17.365000000000006 4.1850000000000014 3.7250000000000005
decision_type=1 2 2 2 2 2 2 2 2 2 2 2 2 2
left_child=7 2 -2 4 5 -3 -6 -1 -9 10 -10 -11 13 -4
right_child=1 3 12 -5 6 -7 -8 8 9 11 -12 -13 -14 -15
leaf_value=0.02638307189415608 0.057231579428869209 -0.0045547330895027429 -0.02316272730989187 0.02141788090177173 0.026943160535881944 6.0679021957123585e-05 0.0030563541952941713 -0.029932056843470469 0.0023285963123865871 0.044084312512874466 0.02993443685465276 0.0017414954273160218 -0.03925296633818201 0.0045462705841918969
leaf_weight=37.738234002143145 8.6658790092915279 2104.8837373107672 66.108771363273263 68.718895375728607 62.97297028824687 3619.8984544482082 170.87317101843655 18.772757787257433 2283.7500306349248 24.066949672996998 27.255319889634848 24.01095200330019 36.497418081387877 38.181521471589804
leaf_count=192 157 16093 1113 265 272 21401 907 329 12958 112 120 135 1124 822
internal_value=7.17699e-06 -0.00126535 -0.015062 -0.000918025 -0.00118627 -0.00163781 0.00974868 0.00325042 0.00286416 0.00316283 0.00269256 0.0242819 -0.0206131 -0.0131748
internal_weight=8592.4 6176.8 149.454 6027.35 5958.63 5724.78 233.846 2415.59 2377.86 2359.08 2311.01 48.0779 140.788 104.29
internal_count=56000 42154 3216 38938 38673 37494 1179 13846 13654 13325 13078 247 3059 1935
cat_boundaries=0 1
cat_threshold=1
is_linear=0
shrinkage=0.05


Tree=114
num_leaves=15
num_cat=1
split_feature=7 9 8 3 12 12 7 12 5 7 3 7 7 3
split_gain=14.1057 13.2486 10.569 11.1308 9.8115 9.23062 8.33165 9.43554 8.92576 8.12281 8.28822 9.64763 8.54086 3.36017
threshold=0.50685000000000013 0 1.0000000180025095e-35 2.0650000000000004 11.705000000000002 7.9050000000000011 0.049150000000000006 3.4250000000000003 3.8050000000000002 0.034650000000000007 27.065000000000001 0.33525000000000005 0.095650000000000013 19.445000000000004
decision_type=2 1 2 2 2 2 2 2 2 2 2 2 2 2
left_child=1 9 6 5 -5 -4 7 -3 -8 -1 12 -12 -11 -2
right_child=13 2 3 4 -6 -7 8 -9 -10 10 11 -13 -14 -15
leaf_value=-0.027912219103515198 0.010067082903567094 0.034035471408201172 -0.001059099406211436 -0.0012713915249157662 0.0038347805555163528 -0.0484644392673911 -0.00022410006153286048 -0.031537421382687628 -0.0065237217110461808 -0.012620729979732721 0.0065596477696532561 0.028378507335601256 0.0026822802983148476 0.029621886912836855
leaf_weight=17.508479340933263 55.698929898440838 3.7560030203312627 20.029150167480111 2796.5178051106632 1413.9800613168627 18.372529689222574 1060.3929474316537 42.251079652458429 1194.5439220666885 95.425343779847026 535.26386918127537 53.503519326448441 1240.9731845147908 39.560030996799469
leaf_count=405 547 79 140 17702 8759 178 6709 1153 9335 1426 2218 339 6538 472
internal_value=8.66144e-06 -0.000209196 -0.00128505 0.000191521 0.000444886 -0.0256076 -0.00401395 -0.0244283 -0.00356553 0.00340361 0.00374905 0.00867622 0.00156375 0.0188444
internal_weight=8587.78 8492.52 6549.84 4248.9 4210.5 38.4017 2300.94 46.0071 2254.94 1942.67 1925.17 588.767 1336.4 95.259
internal_count=56000 54981 44055 26779 26461 318 17276 1232 16044 10926 10521 2557 7964 1019
cat_boundaries=0 1
cat_threshold=2
is_linear=0
shrinkage=0.05


Tree=115
num_leaves=15
num_cat=3
split_feature=7 2 3 9 5 8 0 1 0 7 0 9 12 5
split_gain=13.4069 13.4811 12.4645 13.5999 25.8432 14.8444 8.16445 10.8306 10.6376 10.0666 9.06257 6.62522 12.1547 6.30923
threshold=0.5676500000000001 0 47.155000000000008 1 4.7150000000000007 3.5000000000000004 60.500000000000007 1744.6550000000004 50.500000000000007 0.33775000000000005 62.500000000000007 2 9.6350000000000033 3.6050000000000004
decision_type=2 1 2 1 2 2 2 2 2 2 2 1 2 2
left_child=1 6 3 4 -3 -5 7 9 -9 -1 -8 -4 -13 -12
right_child=-2 2 11 5 -6 -7 10 8 -10 -11 13 12 -14 -15
leaf_value=-0.036923263618277302 0.029564105017573117 -0.0021536620723104465 0.020698120132363093 0.0011035881263851894 -0.030977963116619423 0.014366942174534478 0.038106804739600403 -0.0026627922471403175 -0.01637185441714719 0.010219027496443024 0.020873773343062851 -0.026544181000899156 0.015651013810041449 -0.01968262378879761
leaf_weight=43.968095351941884 35.197672761045396 1454.7619935516268 105.38539710640907 5131.1757449172437 79.199273309670389 217.04723035544157 20.340242121368647 1222.3539132401347 157.34755719918758 13.45862866565585 13.8802427444607 24.162013545632362 42.921587437391281 19.253545306622982
leaf_count=435 406 9750 438 32364 660 1033 117 8951 1234 53 68 135 187 169
internal_value=7.99025e-06 -0.000124083 0.000790872 0.000456274 -0.00367552 0.00164653 -0.00442292 -0.00517598 -0.00425837 -0.0259161 0.0142325 0.0139516 -2.83954e-05 -0.00237046
internal_weight=8580.45 8545.26 7054.65 6882.18 1533.96 5348.22 1490.6 1437.13 1379.7 57.4267 53.474 172.469 67.0836 33.1338
internal_count=56000 55594 44567 43807 10410 33397 11027 10673 10185 488 354 760 322 237
cat_boundaries=0 1 2 3
cat_threshold=4 1 19
is_linear=0
shrinkage=0.05


Tree=116
num_leaves=15
num_cat=2
split_feature=2 5 3 9 12 12 12 7 3 3 7 5 1 1
split_gain=12.5968 10.4633 13.3853 11.6532 10.8389 14.0452 11.4256 10.5011 11.106 8.93002 8.5099 7.8575 7.75031 9.94741
threshold=0 2.6250000000000004 6.3950000000000005 1 7.0150000000000006 5.1650000000000009 8.1650000000000009 0.034650000000000007 22.795000000000005 53.915000000000006 0.33775000000000005 3.9050000000000007 1219.9650000000004 1106.9950000000001
decision_type=1 2 2 1 2 2 2 2 2 2 2 2 2 2
left_child=10 2 -2 7 5 -4 -6 -3 -9 -5 12 -12 13 -1
right_child=1 3 4 9 6 -7 -8 8 -10 -11 11 -13 -14 -15
leaf_value=0.0016607849208838462 -0.02719567420543937 -0.029466962888865064 0.013076201290276696 -0.0040365470436003626 0.038992323880526321 -0.022708330391079036 0.010329555708593363 -0.0018447707077897373 0.0045819324218269218 0.027278905796816529 0.018233058328368936 0.0034723228064936478 0.016940056966011256 -0.025296806991878473
leaf_weight=1936.6494927536696 23.236236887052655 25.582443444989622 58.162969021126628 3058.846456550993 42.002305991947651 46.773865729570389 170.71907453611493 1516.8683215994388 1202.5964564839378 19.980887424200773 160.99990993365645 204.21067880839109 78.339843649417162 31.841220680624247
leaf_count=11366 183 653 321 22422 175 294 881 10831 6321 73 867 1007 400 206
internal_value=9.12436e-06 -0.00118964 0.00728471 -0.00169121 0.0100377 -0.003062 0.0164526 0.000680886 0.000999151 -0.00379465 0.00306287 0.010075 0.00181375 0.0011869
internal_weight=8576.81 6164.77 340.894 5823.87 317.658 104.937 212.721 2745.05 2719.46 3078.83 2412.04 365.211 2046.83 1968.49
internal_count=56000 42154 1854 40300 1671 615 1056 17805 17152 22495 13846 1874 11972 11572
cat_boundaries=0 1 2
cat_threshold=1 22
is_linear=0
shrinkage=0.05


Tree=117
num_leaves=15
num_cat=0
split_feature=7 8 5 0 5 1 7 5 1 3 6 6 7 13
split_gain=12.5149 12.317 11.9977 14.4925 12.8786 11.4238 9.32311 13.0176 11.7664 8.00273 8.9236 7.95032 7.93767 7.70668
threshold=0.5676500000000001 2.5000000000000004 4.2950000000000008 60.500000000000007 4.6150000000000011 2402.4050000000002 0.30085000000000006 2.7050000000000005 6658.8150000000014 30.155000000000005 3.5000000000000004 9.5000000000000018 0.17515000000000003 6.5000000000000009
decision_type=2 2 2 2 2 2 2 2 2 2 2 2 2 2
left_child=1 2 6 5 -5 -4 8 -8 -1 10 -3 -11 -13 -12
right_child=-2 9 3 4 -6 -7 7 -9 -10 11 13 12 -14 -15
leaf_value=-0.00046980074476208223 0.028937202181953926 -0.022565101237780952 -0.0033050238683140507 0.032353081955692302 -0.013297890797130455 -0.013837401168938819 0.019067968267852176 0.0022927314058048109 -0.017697860792382374 0.017842422648984817 0.0027788306244257662 -0.025412891085685892 0.011790642311111347 0.032420561152144818
leaf_weight=3949.6122779520229 34.225610075518489 30.923540497198701 1551.047426758334 45.795570516958833 20.602004673331976 306.5675349989906 123.36195278540254 1381.3186512552202 98.665777022019029 183.26174855045974 773.201256332919 21.611873738467693 31.522576536983252 19.613068569451571
leaf_count=27938 406 198 11275 265 149 2754 517 6086 882 796 4365 143 133 93
internal_value=9.20284e-06 -0.000116895 -0.000832599 -0.00423191 0.0182259 -0.00506272 0.000346858 0.00370326 -0.000902482 0.00491896 0.00256983 0.0129699 -0.00389094 0.00363158
internal_weight=8571.33 8537.11 7476.97 1924.01 66.3976 1857.61 5552.96 1504.68 4048.28 1060.13 823.738 236.396 53.1345 792.814
internal_count=56000 55594 49866 14443 414 14029 35423 6603 28820 5728 4656 1072 276 4458
is_linear=0
shrinkage=0.05


Tree=118
num_leaves=15
num_cat=1
split_feature=7 3 8 2 8 3 5 0 5 12 7 12 3 5
split_gain=11.8995 11.6863 11.1722 10.0137 9.15305 8.5404 8.32534 8.27151 7.58326 11.7929 9.0381 6.17085 5.47226 5.17422
threshold=0.49365000000000009 39.525000000000013 1.0000000180025095e-35 0 5.5000000000000009 2.0650000000000004 2.9050000000000007 36.500000000000007 3.3350000000000004 13.485000000000001 0.27365000000000006 15.315000000000003 19.445000000000004 4.5250000000000012
decision_type=2 2 2 1 2 2 2 2 2 2 2 2 2 2
left_child=1 2 3 6 5 -4 -1 -5 9 -3 11 -10 13 -2
right_child=12 8 4 7 -6 -7 -8 -9 10 -11 -12 -13 -14 -15
leaf_value=0.0052913974237001459 0.012288435761897011 0.0057198240186600632 -0.019462743378886135 -0.0049609430522408546 0.032674399920327217 0.00070362424543789768 -0.0096237173067793211 0.0016969231202275206 0.0021926500024477208 0.034054902248467744 0.014107329643308856 -0.013555773230560376 0.027522915303838488 -0.019905869143150207
leaf_weight=104.60180857591331 59.691928429529071 112.649364259094 50.069636087864637 835.36917264573276 19.188618015497923 4907.3810499273241 765.15822837688029 1049.2717653140426 337.30924869328737 52.64285945892334 134.71001246199012 73.124267809092999 50.150461164303124 12.742038294672964
leaf_count=636 546 498 395 5996 84 30646 6437 7224 1691 185 585 399 564 114
internal_value=9.78118e-06 -0.00021743 -0.000782187 -0.00333526 0.00063201 0.000488299 -0.00772936 -0.00125075 0.00590576 0.0151903 0.00302289 -0.000691149 0.0152876 0.00605863
internal_weight=8564.06 8441.48 7731.04 2754.4 4976.64 4957.45 869.76 1884.64 710.436 165.292 545.144 410.434 122.584 72.434
internal_count=56000 54776 51418 20293 31125 31041 7073 13220 3358 683 2675 2090 1224 660
cat_boundaries=0 1
cat_threshold=20
is_linear=0
shrinkage=0.05


Tree=119
num_leaves=15
num_cat=2
split_feature=7 5 3 6 2 3 7 3 9 0 8 12 0 3
split_gain=11.7571 16.1873 13.5284 11.3028 10.3813 9.87143 13.7875 11.6841 10.1042 12.448 11.0893 9.86854 9.26404 9.11883
threshold=0.24775000000000003 4.7250000000000005 42.425000000000004 15.500000000000002 0 8.7750000000000004 0.093150000000000024 3.8950000000000005 1 22.500000000000004 1.5000000000000002 4.5750000000000011 45.500000000000007 2.4050000000000007
decision_type=2 2 2 2 1 2 2 2 1 2 2 2 2 2
left_child=3 2 4 5 11 6 -1 -8 9 -7 -10 -2 -5 -6
right_child=1 -3 -4 12 13 8 7 -9 10 -11 -12 -13 -14 -15
leaf_value=-0.028182765236960717 0.0097001963270870305 -0.011102570031004278 0.018227224216448346 -0.047700272972787394 -0.018852380793900503 0.012414322147486716 0.0095768444626491596 -0.0092543932118333283 -0.0014513925351774249 -0.0074248639132262614 0.0047473141992622307 -0.0033648999595094911 0.0078187949738117088 0.0045633568351027016
leaf_weight=69.913058578036726 164.72878884337842 218.71510614454746 134.05036346800625 20.650728199630979 39.432691439986229 85.12997330352664 106.51882891729474 332.28719725832343 2138.9028826290742 787.70093749277294 1085.0762888547033 1044.381243747659 9.9086728096008283 2321.7545852269977
leaf_count=1881 681 1030 587 217 195 742 1051 3375 17736 6924 6891 4698 89 9903
internal_value=1.07005e-05 0.00202438 0.00280779 -0.00169348 0.00221403 -0.00148182 -0.00802965 -0.00464918 -0.000663464 -0.00539242 0.000635376 -0.0015525 -0.0306089 0.0041314
internal_weight=8559.15 3923.06 3704.35 4636.09 3570.3 4605.53 508.719 438.806 4096.81 872.831 3223.98 1209.11 30.5594 2361.19
internal_count=56000 17094 16064 38906 15477 38600 6307 4426 32293 7666 24627 5379 306 10098
cat_boundaries=0 1 2
cat_threshold=12 1
is_linear=0
shrinkage=0.05


Tree=120
num_leaves=15
num_cat=2
split_feature=9 7 5 3 5 5 7 8 7 7 0 3 2 8
split_gain=11.5923 9.35333 11.2899 8.85007 8.34696 9.21563 7.93795 7.64565 7.26731 6.78352 6.89484 9.7589 9.49421 6.67699
threshold=0 0.26305000000000006 4.7350000000000012 3.4150000000000005 4.7750000000000012 4.8750000000000009 0.39095000000000008 2.5000000000000004 0.41485000000000005 0.038550000000000008 57.500000000000007 9.4050000000000029 1 1.0000000180025095e-35
decision_type=1 2 2 2 2 2 2 2 2 2 2 2 1 2
left_child=8 13 3 6 -4 -6 -3 -5 9 -1 11 -11 -12 -2
right_child=1 2 4 7 5 -7 -8 -9 -10 10 12 -13 -14 -15
leaf_value=-0.022112880286522064 -0.005597708246459691 -0.022647884155512353 -0.033719135442502712 0.0015308469614603699 0.0043488949826612812 -0.025099954418659687 0.010827705788583615 0.010260735826680752 0.016873882674591289 -0.006806534438048688 0.028679792378579518 0.0038523072694241116 -0.0014840862437796429 -0.0011408091689018242
leaf_weight=24.179432715289295 1247.5753747848794 61.84780491143465 31.66154314763844 2273.2294603558257 77.783613031730056 36.811116263270378 22.292123638093472 279.17212391644716 92.29748194757849 248.08560433797538 46.272888291627169 1487.4659560825676 52.761153146624565 2568.2395525611937
leaf_count=501 12862 304 169 9821 332 187 102 1172 693 1765 195 7684 307 19906
internal_value=8.97612e-06 -0.000992996 0.00120911 0.00196437 -0.0121716 -0.00550992 -0.0137114 0.00249661 0.0033818 0.0027039 0.00306655 0.00231958 0.015704 -0.00260124
internal_weight=8549.68 6598.61 2782.8 2636.54 146.256 114.595 84.1399 2552.4 1951.06 1858.77 1834.59 1735.55 99.034 3815.81
internal_count=56000 44855 12087 11399 688 519 406 10993 11145 10452 9951 9449 502 32768
cat_boundaries=0 1 2
cat_threshold=2 9
is_linear=0
shrinkage=0.05


Tree=121
num_leaves=14
num_cat=1
split_feature=7 2 7 12 3 5 6 6 3 7 12 4 3
split_gain=11.1306 10.9241 9.32689 23.444 11.7719 9.41193 8.19311 8.47913 8.4984 8.36207 7.48663 4.48876 1.23442
threshold=0.5676500000000001 0 0.052350000000000008 3.3450000000000002 51.295000000000009 2.3150000000000004 2.5000000000000004 14.500000000000002 17.365000000000006 0.093150000000000024 11.285000000000002 1.0000000180025095e-35 14.855000000000002
decision_type=2 1 2 2 2 2 2 2 2 2 2 2 2
left_child=1 6 3 -3 5 -4 -1 9 -9 -8 -5 -6 -2
right_child=12 2 4 10 11 -7 7 8 -10 -11 -12 -13 -14
leaf_value=0.025136425756470078 0.012554763423622928 0.054100425104395639 0.011847104358726469 -0.028446941767628815 0.030281700818918646 -0.0014701679140895075 -0.0078598941311118758 0.041880329749713369 0.00091678718672261671 0.0028453565948093058 -0.0043213472272859649 0.0041851043268292193 0.036004681844542114
leaf_weight=37.246270403265953 13.967257669195531 8.9619508385658246 132.82059700787067 81.955466116778553 37.525516178458929 5768.1379444897175 196.74037891812623 23.879726216197014 24.195992358028889 2112.9338699933141 53.728789930231869 29.62478194385767 18.707960292696953
leaf_count=190 153 157 660 1878 133 37699 2703 111 141 10610 1181 131 253
internal_value=9.49334e-06 -0.000107335 -0.00122866 -0.0136456 -0.000923068 -0.00116455 0.00274625 0.00237268 0.0225286 0.00192446 -0.0191937 0.01944 0.0278795
internal_weight=8540.43 8507.75 6112.76 144.646 5968.11 5900.96 2395 2357.75 48.0757 2309.67 135.684 67.1503 32.6752
internal_count=56000 55594 41839 3216 38623 38359 13755 13565 252 13313 3059 264 406
cat_boundaries=0 1
cat_threshold=1
is_linear=0
shrinkage=0.05


Tree=122
num_leaves=15
num_cat=1
split_feature=8 3 5 0 7 3 3 7 3 10 5 12 3 3
split_gain=10.716 11.2324 12.9393 11.5328 11.3826 12.7174 11.2067 9.85318 11.4821 9.92285 6.36186 6.3003 10.5684 9.31378
threshold=3.5000000000000004 9.1650000000000009 2.3150000000000004 58.500000000000007 0.30715000000000003 10.265000000000002 9.5150000000000023 0.14345000000000002 8.3950000000000014 0 4.1550000000000011 7.1050000000000013 25.065000000000001 21.745000000000001
decision_type=2 2 2 2 2 2 2 2 2 1 2 2 2 2
left_child=1 3 11 7 5 -4 -6 9 -9 -1 -5 13 -13 -3
right_child=-2 2 4 10 6 -7 -8 8 -10 -11 -12 12 -14 -15
leaf_value=-0.024811640684080375 0.0087850332254933352 -0.022077949325163188 0.011583288592128874 0.027872260913128832 -0.029953949645423302 -0.0015775725830811064 0.0040679285565143226 -0.0018844827076660937 -0.018168982956372273 0.0024849855558529898 -0.010659359068829019 0.033157250121970343 -0.00094711991699707578 0.018065521773382751
leaf_weight=116.14460347127169 331.44851279072464 22.591735675930977 187.64286264870316 37.240660596638918 21.585875630378723 4950.2062427159399 1710.7118400512263 848.87237682193518 121.23662128672004 45.49526569340378 12.772338968701659 65.776219613850117 33.67526987195015 30.188624285161495
leaf_count=2357 1714 145 1620 255 118 34296 7859 5064 780 1062 136 292 165 137
internal_value=1.20225e-05 -0.00034549 0.000414112 -0.00484889 9.15217e-05 -0.00109044 0.00359294 -0.00590285 -0.00396933 -0.0172234 0.0179857 0.0146893 0.0219196 0.000619515
internal_weight=8535.59 8204.14 7022.38 1181.76 6870.15 5137.85 1732.3 1131.75 970.109 161.64 50.013 152.232 99.4515 52.7804
internal_count=56000 54286 44632 9654 43893 35916 7977 9263 5844 3419 391 739 457 282
cat_boundaries=0 1
cat_threshold=2
is_linear=0
shrinkage=0.05


Tree=123
num_leaves=15
num_cat=3
split_feature=9 3 7 5 2 6 12 13 12 8 5 11 6 7
split_gain=10.7064 14.1072 18.8194 12.795 12.3674 15.4715 18.6023 14.4891 13.2907 11.1234 10.7949 10.6989 12.3153 10.0998
threshold=0 22.545000000000005 0.036650000000000009 2.6650000000000005 1 8.5000000000000018 11.435 6.5000000000000009 12.685 4.5000000000000009 3.3250000000000006 2 7.5000000000000009 0.26675000000000004
decision_type=1 2 2 2 1 2 2 2 2 2 2 1 2 2
left_child=1 4 -3 11 7 10 -7 8 -1 -5 -6 12 -2 -14
right_child=3 2 -4 9 5 6 -8 -9 -10 -11 -12 -13 13 -15
leaf_value=-0.0035449433140576415 0.012470710290417988 -0.039311170883311347 0.0058404724994164806 -0.0026353575981620356 0.0068402990340674227 0.001021099732581243 0.018300989897724409 0.034202229638322867 -0.019899708762845067 0.020408110427759064 -0.0056826638625619231 0.014596998828064617 -0.043256028776230686 0.0046445324613630665
leaf_weight=492.99497719947249 41.695707328617573 20.429938547313213 1736.2966311983764 4191.7331254351884 227.5575571488589 414.82958397921175 246.74693883303553 18.373099759221077 163.90959542896599 50.063850857317448 677.42186121828854 204.32401540316641 24.894995588809252 17.293897576630116
leaf_count=3841 210 348 8849 29559 1250 2661 1471 104 1379 238 4765 1063 186 76
internal_value=1.12416e-05 0.0018936 0.00524926 -0.00165097 -0.000731004 0.00171424 0.00751947 -0.00631826 -0.00769767 -0.00234916 -0.00252156 0.00848644 -0.0063876 -0.024616
internal_weight=8528.57 3998.56 1756.73 4530.01 2241.83 1566.56 661.577 675.278 656.905 4241.8 904.979 288.209 83.8846 42.1889
internal_count=56000 24668 9197 31332 15471 10147 4132 5324 5220 29797 6015 1535 472 262
cat_boundaries=0 1 2 3
cat_threshold=22 12 1
is_linear=0
shrinkage=0.05


Tree=124
num_leaves=15
num_cat=3
split_feature=7 3 0 0 2 1 5 5 7 1 7 3 9 11
split_gain=10.3849 10.2097 10.1141 22.5629 11.5598 12.9367 12.007 9.55294 7.73756 5.63948 9.70797 6.60452 6.00847 4.31713
threshold=0.5676500000000001 46.140000000000008 60.500000000000007 63.500000000000007 0 1920.1050000000002 3.4450000000000007 4.3550000000000013 0.15535000000000002 751.22000000000014 0.21685000000000001 51.295000000000009 1 2
decision_type=2 2 2 2 1 2 2 2 2 2 2 2 1 1
left_child=1 2 4 8 5 -1 -6 -5 -4 12 11 -11 -3 -12
right_child=-2 9 3 7 6 -7 -8 -9 -10 10 13 -13 -14 -15
leaf_value=-0.023714296479848591 0.027260567471133802 -0.0034939378629331775 -0.0016385700110670355 -0.012195972978675649 0.0034747593157076666 -0.0036580481081578231 -0.0012251612259902059 0.017648757224449481 0.029224857507159474 -0.020902953659818677 0.0039969925021263565 0.008301445885718484 0.022327006808798729 0.030594726841945408
leaf_weight=82.927975459955633 31.820608137175441 31.570573057979345 24.495234064757824 106.79471269994974 1912.1686445195228 1291.9915696242824 4675.8311245143414 32.620220973156393 107.64534894376993 45.131783291697502 32.627135928720236 30.216675367206335 91.2027872428298 27.495850589126348
leaf_count=707 406 157 275 726 10573 9714 31766 208 442 289 139 129 374 95
internal_value=1.06488e-05 -0.000101042 -0.000409627 0.00902601 -0.000734684 -0.00488131 0.000139741 -0.00498825 0.0235943 0.00963033 0.00249195 -0.00932182 0.0172597 0.0170368
internal_weight=8524.54 8492.72 8234.47 271.556 7962.92 1374.92 6588 139.415 132.141 258.245 135.471 75.3485 122.773 60.123
internal_count=56000 55594 54411 1651 52760 10421 42339 934 717 1183 652 418 531 234
cat_boundaries=0 1 2 3
cat_threshold=4 8 2
is_linear=0
shrinkage=0.05


Tree=125
num_leaves=15
num_cat=2
split_feature=9 5 5 0 5 7 7 11 12 3 12 12 7 7
split_gain=10.127 8.57168 12.0043 12.1729 11.0541 14.5297 10.3778 7.89392 7.81816 7.37015 8.90113 16.4714 6.5701 6.37703
threshold=0 4.5750000000000011 4.535000000000001 42.500000000000007 4.4250000000000007 0.20555000000000004 0.45485000000000003 1 9.8050000000000015 35.57500000000001 28.565000000000001 19.655000000000005 0.41485000000000005 0.15655000000000002
decision_type=1 2 2 2 2 2 2 1 2 2 2 2 2 2
left_child=12 2 4 7 6 -6 -2 -4 -5 10 11 -3 -1 -11
right_child=1 9 3 8 5 -7 -8 -9 -10 13 -12 -13 -14 -15
leaf_value=0.0025305381638180639 -0.00046792048421728143 -0.0097047741286147241 0.02157655656726698 0.011862621142252137 -0.023646430803204808 -0.0020741069610501514 0.012417701330145102 -0.009774046406973793 0.049883334661186357 -0.017619027084337789 -0.046645244445316515 0.019520181081902181 0.016124870992449188 0.01183737583971551
leaf_weight=1853.1096723852679 5210.0798388170078 551.53526818472892 28.350664760917425 29.585257289931178 113.74716220609844 237.5202740970999 158.08299646805972 52.901063483208418 26.462181348353624 20.294375415891409 11.775127959437667 50.020540760830045 90.529959776438773 86.69297869130969
leaf_count=10452 34124 4672 183 196 1627 1148 1271 429 148 231 123 351 693 352
internal_value=1.27052e-05 -0.000925156 -0.000292209 0.0141574 -0.000646324 -0.00920073 -8.17377e-05 0.0015437 0.0314361 -0.00606172 -0.00817071 -0.00718986 0.00317131 0.00592164
internal_weight=8520.69 6577.05 5856.73 137.299 5719.43 351.267 5368.16 81.2517 56.0474 720.318 613.331 601.556 1943.64 106.987
internal_count=56000 44855 39126 956 38170 2775 35395 612 344 5729 5146 5023 11145 583
cat_boundaries=0 1 2
cat_threshold=2 1
is_linear=0
shrinkage=0.05


Tree=126
num_leaves=15
num_cat=1
split_feature=2 7 12 3 5 6 7 6 7 6 1 3 5 5
split_gain=9.59771 8.20279 21.3709 9.88431 7.99831 12.5267 11.4994 7.59753 7.93572 8.06056 7.97295 7.56089 7.31571 7.62847
threshold=0 0.052350000000000008 3.3450000000000002 51.295000000000009 3.7150000000000003 14.500000000000002 0.059750000000000004 2.5000000000000004 0.027450000000000006 14.500000000000002 1549.0550000000001 17.365000000000006 4.1850000000000014 3.7250000000000005
decision_type=1 2 2 2 2 2 2 2 2 2 2 2 2 2
left_child=7 2 -2 4 5 -3 -6 -1 -9 10 -10 -11 13 -4
right_child=1 3 12 -5 6 -7 -8 8 9 11 -12 -13 -14 -15
leaf_value=0.024246721017045364 0.050935635537317309 0.0016281580214345479 -0.021094828870587265 0.018024805210704334 0.028359551456351342 -0.026496922483928431 -0.0028144228917552187 -0.028400217040107329 0.0018174237529738806 0.040390141024538022 0.027786931879212953 0.0015315276642767486 -0.037669138294539578 0.0069108022872999041
leaf_weight=37.256249230355024 9.2738321796059591 2458.912427155301 62.737325081601739 66.270930122584105 26.862722616642714 37.242665594443679 3388.8511439971626 17.846699783578515 2264.5448785927147 24.041143912822008 26.966595653444529 23.765594258904457 33.305671672336757 36.704989982768893
leaf_count=192 157 14176 1113 265 531 265 23701 329 12958 112 120 135 1124 822
internal_value=1.26441e-05 -0.00103752 -0.0127895 -0.000753793 -0.000973333 0.00117723 -0.00254459 0.00268793 0.00232819 0.00259869 0.00215896 0.0223039 -0.0182686 -0.0108581
internal_weight=8514.58 6120.16 142.022 5978.14 5911.87 2496.16 3415.71 2394.42 2357.16 2339.32 2291.51 47.8067 132.748 99.4423
internal_count=56000 42154 3216 38938 38673 14441 24232 13846 13654 13325 13078 247 3059 1935
cat_boundaries=0 1
cat_threshold=1
is_linear=0
shrinkage=0.05


Tree=127
num_leaves=15
num_cat=0
split_feature=8 5 5 0 5 3 1 7 7 12 0 0 3 7
split_gain=9.55731 9.02555 12.2734 13.4826 14.3965 13.3001 10.7591 9.06784 8.14802 8.10409 7.97174 16.721 7.85614 7.7109
threshold=2.5000000000000004 4.2950000000000008 4.3350000000000009 60.500000000000007 4.6150000000000011 20.685000000000006 2402.4050000000002 0.43925000000000008 0.33775000000000005 7.7550000000000008 63.500000000000007 60.500000000000007 8.7750000000000004 0.30715000000000003
decision_type=2 2 2 2 2 2 2 2 2 2 2 2 2 2
left_child=1 7 5 6 -5 9 -4 10 12 -3 11 -1 13 -2
right_child=8 2 3 4 -6 -7 -8 -9 -10 -11 -12 -13 -14 -15
leaf_value=-9.7905058099532433e-05 -0.014277563328448843 -0.051200506556753005 -0.001433335248169772 0.036712772087504258 -0.012571902929037808 -0.0020621754936213854 -0.012101585499083601 0.010889775393959321 0.014837040020986909 -0.016988796599924538 -0.014779429366029313 0.021970494655538759 0.0044300392113639326 0.02050923530552777
leaf_weight=5170.668521004729 103.15298010595143 28.856233322992921 1422.2931082472205 40.25100570358336 20.670531867071986 77.596318012103438 280.70348578505218 195.88441718369722 157.61022406816483 48.681867723353207 86.511290060356259 84.282608326524496 778.53504040278494 16.027484931051731
leaf_count=33101 792 302 10384 227 151 511 2537 1529 814 433 611 443 4117 48
internal_value=1.32316e-05 -0.000617634 -0.00356971 -0.00236904 0.0201854 -0.0169177 -0.00320996 0.000406833 0.00445973 -0.0311538 1.65008e-05 0.000268377 0.00259445 -0.00921069
internal_weight=8511.73 7456.4 1919.05 1763.92 60.9215 155.134 1703 5537.35 1055.33 77.5381 5341.46 5254.95 897.716 119.18
internal_count=56000 50229 14545 13299 378 1246 12921 35684 5771 735 34155 33544 4957 840
is_linear=0
shrinkage=0.05


Tree=128
num_leaves=15
num_cat=2
split_feature=7 3 7 8 12 3 12 8 7 2 3 5 10 3
split_gain=9.28088 9.48468 11.5495 10.1334 9.27772 14.9972 11.3932 8.23943 8.0425 7.76157 7.39225 6.8351 1.91193 1.31884
threshold=0.5676500000000001 35.57500000000001 0.37525000000000003 1.0000000180025095e-35 3.1750000000000003 19.925000000000004 4.6250000000000009 5.5000000000000009 0.044150000000000009 0 2.0650000000000004 3.3750000000000004 1 14.855000000000002
decision_type=2 2 2 2 2 2 2 2 2 1 2 2 1 2
left_child=1 3 8 4 5 -1 -6 10 11 -10 -5 -3 -4 -2
right_child=13 2 12 7 6 -7 -8 -9 9 -11 -12 -13 -14 -15
leaf_value=-0.036161469068047965 0.010802761608328281 0.0095530919579642944 0.02847378208688996 -0.017985272216236286 0.0074478162215127035 0.0022346589220412663 -0.0037632544956176504 0.031420384063290389 -0.0032849448562213691 0.0062148471850067624 0.00070114475751249696 -0.042404743349241436 0.009064286518731219 0.034800264436784786
leaf_weight=50.829059816896915 13.274978023022415 8.3915454335510749 49.927746430039406 50.533191880211234 249.01450450345874 47.583117401227355 2262.065887180157 18.630919208750129 295.28235014714301 732.40119955316186 4674.995063636452 14.714768778532742 21.634824231266975 17.255258488468826
leaf_count=506 153 64 337 401 1863 309 17024 84 1494 3374 29766 229 143 253
internal_value=1.23135e-05 -9.15108e-05 0.00418344 -0.000745416 -0.00324616 -0.0180797 -0.00264393 0.000631282 0.00282551 0.0035121 0.000490035 -0.0246058 0.0232067 0.0262659
internal_weight=8506.53 8476 1122.35 7353.65 2609.49 98.4122 2511.08 4744.16 1050.79 1027.68 4725.53 23.1063 71.5626 30.5302
internal_count=56000 55594 5641 49953 19702 815 18887 30251 5161 4868 30167 293 480 406
cat_boundaries=0 1 2
cat_threshold=36 2
is_linear=0
shrinkage=0.05


Tree=129
num_leaves=15
num_cat=2
split_feature=9 7 5 3 7 12 7 3 3 7 3 2 3 0
split_gain=9.3 7.35466 9.7566 8.00722 7.89571 6.77537 6.46428 10.1596 8.2899 12.5602 11.4878 23.2553 16.7686 10.9254
threshold=0 0.26305000000000006 4.8750000000000009 3.4150000000000005 0.39095000000000008 2.6650000000000005 0.23845000000000002 31.435000000000006 8.5250000000000004 0.18145000000000003 12.255000000000001 1 14.965000000000002 50.500000000000007
decision_type=1 2 2 2 2 2 2 2 2 2 2 1 2 2
left_child=6 -2 3 4 -3 -5 8 -8 9 13 11 -10 -12 -1
right_child=1 2 -4 5 -6 -7 7 -9 10 -11 12 -13 -14 -15
leaf_value=-0.039363969449416655 -0.0023177439393075668 -0.022198239510815121 -0.023446341170244564 -0.016618994863973495 0.01081928971260477 0.0022640730649198153 0.0041047515587997897 0.019914682828645214 0.029978779782400808 0.005709985677365189 -0.022540123018056343 -0.01479764047986009 0.0020490340925906187 0.016631380687692807
leaf_weight=43.007003471255302 3793.8438874576241 63.004741378128529 37.005152214318514 45.418902141973376 22.860185787081718 2600.3456386644393 742.76598191820085 115.27921530790627 75.500533208250999 46.284074652940035 72.897573433816433 36.337671402841806 798.81071689445525 8.9587518703192455
leaf_count=730 32768 313 187 223 105 11259 3160 582 551 295 686 439 4574 128
internal_value=1.26061e-05 -0.000887235 0.00107017 0.00142765 -0.0133393 0.00192146 0.00304234 0.00629082 0.000483535 -0.0131429 0.00188055 0.0167458 -7.75152e-05 -0.0293297
internal_weight=8502.32 6562.48 2768.63 2731.63 85.8649 2645.76 1939.84 858.045 1081.8 98.2498 983.546 111.838 871.708 51.9658
internal_count=56000 44855 12087 11900 418 11482 11145 3742 7403 1153 6250 990 5260 858
cat_boundaries=0 1 2
cat_threshold=2 11
is_linear=0
shrinkage=0.05


Tree=130
num_leaves=15
num_cat=0
split_feature=8 3 3 5 7 12 0 7 12 12 0 1 3 12
split_gain=8.8099 9.44675 16.6076 10.5193 10.9054 10.1533 9.02935 11.2155 8.81629 8.20618 7.72334 6.13916 6.46669 7.24227
threshold=3.5000000000000004 7.8650000000000011 8.0050000000000008 4.5750000000000011 0.28315000000000007 30.760000000000002 52.500000000000007 0.14345000000000002 11.215000000000002 25.505000000000006 36.500000000000007 293.47000000000008 39.525000000000013 5.3150000000000004
decision_type=2 2 2 2 2 2 2 2 2 2 2 2 2 2
left_child=1 5 10 4 -4 6 7 -1 -8 -5 -3 -2 13 -13
right_child=11 2 3 9 -6 -7 8 -9 -10 -11 -12 12 -14 -15
leaf_value=-0.022670925482560715 0.02896438270261097 0.05301660404383858 -0.00063387924460219349 -0.0043108325929923103 0.0037689732374339906 0.026982463004624244 0.018150133436030939 -0.0053862902002110059 -0.011799150665233455 -0.032548249316451255 0.0061447484185187858 0.018349776800439938 0.028631949582317885 -0.00096769843462505959
leaf_weight=107.001021807082 28.761899968609214 18.559200200252235 4351.3721403330564 783.13868190534413 2074.5926535082981 21.034710101783276 67.066629811190069 666.00318724289536 35.313882517628372 23.710877100005746 16.329887791536748 59.464973017573357 25.010208319872618 216.13010875694454
leaf_count=2401 121 99 31446 5739 9226 148 521 4084 276 212 134 287 94 1212
internal_value=1.18547e-05 -0.000312888 0.000285215 0.000112211 0.000788657 -0.00514677 -0.00600833 -0.00785726 0.00777798 -0.00525814 0.0333017 0.00799151 0.00571846 0.00335313
internal_weight=8493.49 8164.12 7267.7 7232.81 6425.96 896.419 875.385 773.004 102.381 806.85 34.8891 329.367 300.605 275.595
internal_count=56000 54286 46856 46623 40672 7430 7282 6485 797 5951 233 1714 1593 1499
is_linear=0
shrinkage=0.05


Tree=131
num_leaves=15
num_cat=2
split_feature=9 7 0 3 12 0 5 3 7 8 11 7 13 3
split_gain=8.70391 12.0357 22.0695 13.5435 13.3797 11.497 11.0075 10.7212 9.64497 9.48667 8.92595 14.5941 13.3105 8.47655
threshold=0 0.083350000000000021 21.500000000000004 18.325000000000003 3.1750000000000003 19.500000000000004 2.6450000000000005 7.1550000000000011 0.052350000000000008 4.5000000000000009 1 0.25805000000000006 5.5000000000000009 27.385000000000002
decision_type=1 2 2 2 2 2 2 2 2 2 1 2 2 2
left_child=1 2 8 4 7 -6 -2 -3 -1 -8 12 -12 -5 -4
right_child=6 3 13 10 5 -7 9 -9 -10 -11 11 -13 -14 -15
leaf_value=-0.01029079856457385 0.0082100808463153561 0.011266762319739412 -0.021038798045161646 0.0082201040189329288 -0.017155526610899488 0.0010050707365084728 -0.002383535607961576 -0.035822299451528088 0.049848038710628831 0.018974729385483481 -0.0010944832463377582 0.0092172808486664509 0.040169557749937836 -0.0023375867988647599
leaf_weight=8.3114401856437343 271.6629370842129 14.72529395110905 140.86296615935862 623.12137712258846 89.669987138360739 1459.9406575923786 4187.0907856421545 43.403716094791889 18.834915191866457 49.673732968047261 883.74094536341727 557.33068889565766 31.711695982143283 106.1216233689338
leaf_count=153 1453 91 2914 3039 608 9089 29641 329 184 238 4749 2463 119 930
internal_value=1.30515e-05 0.00171484 -0.00833455 0.00246943 -0.000982173 -7.69308e-05 -0.00148908 -0.0239261 0.0322435 -0.00211987 0.00511473 0.00290443 0.00994346 -0.0131279
internal_weight=8486.2 3977.78 274.131 3703.64 1607.74 1549.61 4508.43 58.129 27.1464 4236.76 2095.9 1441.07 654.833 246.985
internal_count=56000 24668 4181 20487 10117 9697 31332 420 337 29879 10370 7212 3158 3844
cat_boundaries=0 1 2
cat_threshold=22 1
is_linear=0
shrinkage=0.05


Tree=132
num_leaves=15
num_cat=1
split_feature=2 8 7 1 3 6 12 13 0 3 1 1 5 5
split_gain=8.76271 7.00802 9.15095 8.33269 11.027 10.3503 7.66102 7.61193 9.84542 14.3462 11.1233 8.98594 10.8356 8.0169
threshold=0 1.5000000000000002 0.27365000000000006 606.93500000000006 22.545000000000005 9.5000000000000018 20.695000000000004 2.5000000000000004 44.500000000000007 12.145000000000001 541.22000000000014 4121.3250000000007 4.2750000000000012 3.8350000000000004
decision_type=1 2 2 2 2 2 2 2 2 2 2 2 2 2
left_child=-1 7 3 5 -5 -3 -4 8 9 -2 -10 12 -9 -13
right_child=1 2 6 4 -6 -7 -8 11 10 -11 -12 13 -14 -15
leaf_value=0.0025738174393349217 -0.012982981135516112 -0.00013765509146209157 0.0044320155337737076 -0.0088010501842844084 0.002218155563965742 0.019669828760036 0.022661660106484779 0.0060024262666324929 -0.010431192527862392 -0.0031048651365234077 0.0035248080406650867 -0.024562184857532615 -0.0058331541706448369 0.00046018931346348451
leaf_weight=2385.9334230599925 468.73947965353727 211.3379537127912 620.1430690260604 467.40273709222674 436.96417165547609 92.844722520560026 60.920108195394278 747.40860085282475 173.07148942630738 1679.0290536070243 752.32205523829907 56.355507334694266 257.85496771335602 69.246756077744067
leaf_count=13846 4418 1421 2694 4199 2556 563 231 4973 1202 11354 5346 460 2149 588
internal_value=1.3325e-05 -0.000992589 0.00153329 -0.00107993 -0.00348716 0.00604118 0.00615486 -0.00213056 -0.00342028 -0.00527582 0.000889418 0.00137407 0.00295822 -0.011078
internal_weight=8479.57 6093.64 1889.61 1208.55 904.367 304.183 681.063 4204.03 3073.16 2147.77 925.394 1130.87 1005.26 125.602
internal_count=56000 42154 11664 8739 6755 1984 2925 30490 22320 15772 6548 8170 7122 1048
cat_boundaries=0 1
cat_threshold=1
is_linear=0
shrinkage=0.05


Tree=133
num_leaves=15
num_cat=3
split_feature=7 3 0 0 2 2 1 5 8 5 9 7 13 3
split_gain=8.57994 8.39897 8.30502 19.1655 9.78105 9.43745 12.0026 9.7937 5.44954 6.56685 5.09341 3.43838 2.9724 1.2794
threshold=0.5676500000000001 46.140000000000008 60.500000000000007 61.500000000000007 0 1 1920.1050000000002 3.4150000000000005 1.5000000000000002 4.3550000000000013 2 0.25115000000000004 1.5000000000000002 14.855000000000002
decision_type=2 2 2 2 1 1 2 2 2 2 1 2 2 2
left_child=1 2 5 11 -5 6 -1 -7 9 10 -3 -4 -10 -2
right_child=13 8 3 4 -6 7 -8 -9 12 -11 -12 -13 -14 -15
leaf_value=-0.022639883963073499 0.010394851168355502 -0.0058221433718804137 0.042624797128684964 -0.014072738123652857 0.0078262923200219572 0.0032444491148412853 -0.0032393587759777655 -0.0010682290928159769 0.0080419160954910435 -0.014683919442117048 0.013767860035932653 0.014075413597780993 0.02854131843760312 0.034171443329388124
leaf_weight=82.171148021705449 13.121458328329028 41.599482543766499 35.504549343138933 60.491464016959071 154.26491395384073 1820.0120149124414 1283.1786823887378 4734.2029278064147 34.969972193241119 35.110166531056166 102.26162345707417 20.208076227456331 40.944032147526741 16.564221258275211
leaf_count=707 153 214 207 423 945 10081 9714 32258 159 200 451 76 159 253
internal_value=1.2674e-05 -8.62547e-05 -0.000365879 0.00820111 0.00126214 -0.000661453 -0.00442171 0.000130078 0.00879843 0.00389849 0.00864095 0.0335177 0.0197629 0.0255806
internal_weight=8474.6 8444.92 8190.03 270.469 214.756 7919.56 1365.35 6554.21 254.885 178.971 143.861 55.7126 75.914 29.6857
internal_count=56000 55594 54411 1651 1368 52760 10421 42339 1183 865 665 283 318 406
cat_boundaries=0 1 2 3
cat_threshold=18 4 8
is_linear=0
shrinkage=0.05


Tree=134
num_leaves=15
num_cat=4
split_feature=9 8 3 12 13 9 5 11 7 6 2 1 3 6
split_gain=8.1114 6.47728 7.58625 9.0979 8.72775 10.2934 6.98968 6.68616 13.6405 10.6124 9.83688 13.9502 8.85835 7.53365
threshold=0 1.0000000180025095e-35 2.6650000000000005 7.9050000000000011 1.5000000000000002 1 4.8350000000000009 2 0.15155000000000005 5.5000000000000009 3 1246.6400000000001 10.265000000000002 7.5000000000000009
decision_type=1 2 2 2 2 1 2 1 2 2 1 2 2 2
left_child=-1 7 3 -3 6 -6 -4 8 9 -2 11 -9 -10 -12
right_child=1 2 4 -5 5 -7 -8 10 12 -11 13 -13 -14 -15
leaf_value=0.0028512086552307343 0.010589298329500479 0.00349341278028099 -0.0011877865317919442 -0.033348796473893043 -0.0026494132569412168 0.005221150508304088 -0.021221753966906277 -0.0015006968936106433 -0.029494867671070214 -0.049662973009797315 -0.010735857040998643 0.012918892551472886 -0.00030103355000638709 -0.0017985410637571114
leaf_weight=1930.081950857304 8.1649074070155603 30.221263321116567 2131.1321976901963 33.219480054453015 576.76947041600943 1430.0373205216601 41.464035572484136 923.42371597141027 28.232411239296198 30.380359035916626 427.50168792624027 201.84031743183732 155.01616835594177 524.60728309769183
leaf_count=11145 144 219 13690 307 3799 8913 337 6561 218 578 3588 1451 796 4254
internal_value=1.39919e-05 -0.000827085 0.000330076 -0.016433 0.000596134 0.00297132 -0.00159887 -0.00296373 -0.0111582 -0.0370569 -0.002074 0.00110346 -0.00520146 -0.00577212
internal_weight=8472.09 6542.01 4242.84 63.4407 4179.4 2006.81 2172.6 2299.17 221.794 38.5453 2077.37 1125.26 183.249 952.109
internal_count=56000 44855 27265 526 26739 12712 14027 17590 1736 722 15854 8012 1014 7842
cat_boundaries=0 1 2 3 4
cat_threshold=2 1 4 41
is_linear=0
shrinkage=0.05


Tree=135
num_leaves=15
num_cat=2
split_feature=7 3 7 8 6 7 5 8 7 5 9 3 10 3
split_gain=8.05982 7.7468 11.1678 8.30349 9.56848 11.4141 7.64904 7.61708 6.59847 6.82341 6.53901 6.00438 2.36577 1.24597
threshold=0.5676500000000001 36.175000000000004 0.36825000000000008 1.0000000180025095e-35 6.5000000000000009 0.050850000000000006 4.6150000000000011 5.5000000000000009 0.052350000000000008 3.1850000000000005 0 51.295000000000009 1 14.855000000000002
decision_type=2 2 2 2 2 2 2 2 2 2 1 2 1 2
left_child=1 3 8 4 6 -6 -1 10 9 -3 -5 -10 -4 -2
right_child=13 2 12 7 5 -7 -8 -9 11 -11 -12 -13 -14 -15
leaf_value=-0.0058905767577443098 0.010085902897599435 0.013669525406851757 0.028442893147294875 -0.0029399532555551581 -0.028958197473975378 -0.0003221748499266108 -0.023206981779654808 0.03004210222014261 0.0020273673710375422 -0.031875329922868394 0.0014598945104504065 0.015795578664939382 0.0072916471565488963 0.033664876610898717
leaf_weight=745.77798142191023 13.0071685211733 9.8885461501777154 49.759687758982182 1082.7664548857138 32.494181964546442 1778.8649956285954 67.362907511182129 18.85275742970407 852.13039959035814 23.538263622671366 3673.6328311748803 84.478808615356684 21.093629419803619 16.039692792110145
leaf_count=5622 153 62 336 7310 995 12587 649 85 4053 314 23117 325 139 253
internal_value=1.13274e-05 -8.36656e-05 0.00394872 -0.000652253 -0.00290982 -0.000882912 -0.00740515 0.000589566 0.00251348 -0.0183858 0.000453963 0.00331568 0.022698 0.0250388
internal_weight=8469.69 8440.64 1040.89 7399.75 2624.5 1811.36 813.141 4775.25 970.036 33.4268 4756.4 936.609 70.8533 29.0469
internal_count=56000 55594 5229 50365 19853 13582 6271 30512 4754 376 30427 4378 475 406
cat_boundaries=0 1 2
cat_threshold=1 2
is_linear=0
shrinkage=0.05


Tree=136
num_leaves=15
num_cat=1
split_feature=2 6 6 3 1 7 5 12 3 3 3 5 5 7
split_gain=7.62399 6.9697 7.14248 7.28936 7.14603 6.58142 6.33949 6.592 11.4067 6.99494 6.54593 6.05923 12.2829 9.13115
threshold=0 2.5000000000000004 14.500000000000002 17.365000000000006 1549.0550000000001 0.093150000000000024 2.3150000000000004 7.0550000000000006 21.195000000000004 25.065000000000001 51.295000000000009 4.5750000000000011 4.5450000000000008 0.056650000000000006
decision_type=1 2 2 2 2 2 2 2 2 2 2 2 2 2
left_child=1 -1 4 -4 5 -3 7 8 -2 -9 11 12 -8 -13
right_child=6 2 3 -5 -6 -7 10 9 -10 -11 -12 13 -14 -15
leaf_value=0.023103742000270957 -0.028642435516825909 -0.0075011426386916427 0.03831130849820958 0.00039314347147065038 0.025900528640203375 0.0021381920722023172 -0.0011197258710899964 0.02656470580848528 0.017497478747900374 -0.0033297563132108614 0.014079350349325706 -0.04347038354338259 0.01685069001016001 -0.0049392528341760528
leaf_weight=37.03979254513979 23.049002587795258 190.59405632503331 24.111535184085369 23.920076958835125 26.972239878028631 2080.4341650735587 5135.0072674993426 61.011789573356509 24.724082294851542 27.299614101648331 66.523074973374605 12.827501540072261 93.886928744614124 637.55695372261107
leaf_count=192 160 2677 114 141 124 10598 35141 294 115 138 282 496 675 4853
internal_value=1.15947e-05 0.00240111 0.00205538 0.020561 0.00164229 0.00132039 -0.000927835 0.00962407 -0.00514062 0.0175177 -0.00117563 -0.00135533 -0.000787582 -0.0058953
internal_weight=8464.96 2383.07 2346.03 48.0316 2298 2271.03 6081.89 136.084 47.7731 88.3114 5945.8 5879.28 5228.89 650.384
internal_count=56000 13846 13654 255 13399 13275 42154 707 275 432 41447 41165 35816 5349
cat_boundaries=0 1
cat_threshold=1
is_linear=0
shrinkage=0.05


Tree=137
num_leaves=15
num_cat=2
split_feature=7 8 5 0 2 5 3 3 7 1 1 1 3 11
split_gain=7.58447 7.3148 7.73748 9.78512 11.0775 10.1855 8.77052 16.5271 7.42934 5.63248 6.42535 6.86698 6.20446 3.0691
threshold=0.50685000000000013 3.5000000000000004 4.4250000000000007 60.500000000000007 0 4.6150000000000011 7.8650000000000011 8.0050000000000008 0.06235000000000001 293.47000000000008 512.21500000000015 612.18500000000006 17.035000000000004 1
decision_type=2 2 2 2 1 2 2 2 2 2 2 2 2 1
left_child=1 2 6 4 -4 -5 8 -8 -1 -3 12 -12 -11 -2
right_child=13 9 3 5 -6 -7 7 -9 -10 10 11 -13 -14 -15
leaf_value=-0.033312691743758331 -0.00017068007321921041 0.027364342118804487 -0.011738205060939352 0.037260991434502698 -0.0017733700836679578 -0.0063263973487898825 0.038447835694400384 0.00075422882040891129 -0.0039673758195399016 -0.027348647449332193 0.030934066234477461 0.0053954369931596873 0.003825119600510846 0.020555629139829387
leaf_weight=19.336549567058682 24.916252332739532 28.395917858928442 371.0478032277897 26.20852929353714 1068.6601959262043 23.381537400186062 26.228437532670796 5814.4600935364142 702.46629934106022 24.096806084737182 27.51439194008708 208.51227010320872 37.321148190647364 59.642536273226142
leaf_count=610 314 119 3218 153 7721 161 169 36095 5166 148 123 1119 179 705
internal_value=1.22947e-05 -0.000140659 -0.000439025 -0.00368879 -0.00445427 0.0175212 0.000299829 0.000943149 -0.00488814 0.00716893 0.00498697 0.00872344 -0.00910969 0.0146518
internal_weight=8462.19 8377.63 8051.79 1489.3 1439.71 49.5901 6562.49 5840.69 721.803 325.841 297.445 236.027 61.418 84.5588
internal_count=56000 54981 53293 11253 10939 314 42040 36264 5776 1688 1569 1242 327 1019
cat_boundaries=0 1 2
cat_threshold=36 1
is_linear=0
shrinkage=0.05


Tree=138
num_leaves=15
num_cat=2
split_feature=9 1 5 7 0 2 5 6 0 7 12 13 5 1
split_gain=7.33431 6.13993 8.54447 9.13648 9.33074 8.21033 8.89568 17.1026 8.635 7.10017 10.0602 6.52397 5.65001 10.2632
threshold=0 222.17500000000004 2.7250000000000005 0.15285000000000001 49.500000000000007 1 4.6050000000000013 8.5000000000000018 28.500000000000004 0.049150000000000006 3.3450000000000002 7.5000000000000009 3.1050000000000004 443.39500000000004
decision_type=1 2 2 2 2 1 2 2 2 2 2 2 2 2
left_child=12 2 -2 -4 -5 6 8 -8 -3 10 -7 -11 13 -1
right_child=1 5 3 4 -6 9 7 -9 -10 11 -12 -13 -14 -15
leaf_value=0.02488504958709397 0.022240790911629889 0.0088657866606631774 -0.03481069568367947 -0.013264474372073296 0.017226122822257679 0.037941381109703264 -0.019786223695963653 0.0075837984675211113 0.0011490802471974637 -0.0018306928802508224 -0.022252853114078042 0.016539136977832384 0.0015484772407724327 0.0036404014524783392
leaf_weight=73.119258139282465 16.580895222723484 461.34086701646447 34.438340367749333 114.37756634503603 29.153478505089879 4.9586437046527854 124.13063645455986 101.32088907249272 1658.8002967648208 3871.4384609246626 69.284372098743916 45.966704331338406 1624.2737699998543 230.03106733877212
leaf_count=322 84 2715 471 599 133 92 933 693 10121 26841 1874 299 9616 1207
internal_value=1.22797e-05 -0.000788175 -0.00947016 -0.0127443 -0.00684546 -0.000518531 0.00182397 -0.00754771 0.00283838 -0.0018952 -0.0169151 -0.00160265 0.00271196 0.00895821
internal_weight=8459.22 6531.79 194.55 177.969 143.531 6337.24 2345.59 225.452 2120.14 3991.65 74.243 3917.41 1927.42 303.15
internal_count=56000 44855 1287 1203 732 43568 14462 1626 12836 29106 1966 27140 11145 1529
cat_boundaries=0 1 2
cat_threshold=2 33
is_linear=0
shrinkage=0.05


Tree=139
num_leaves=15
num_cat=0
split_feature=7 3 7 8 12 3 3 5 7 1 8 3 12 3
split_gain=7.26004 6.92846 10.0654 7.54173 7.89461 13.2566 11.6752 7.53348 9.98214 8.97942 6.5225 5.79162 1.3591 1.25273
threshold=0.5676500000000001 35.57500000000001 0.40035000000000004 1.0000000180025095e-35 3.1750000000000003 19.925000000000004 32.695000000000007 3.3350000000000004 0.052350000000000008 362.27000000000004 5.5000000000000009 2.0650000000000004 6.6850000000000014 14.855000000000002
decision_type=2 2 2 2 2 2 2 2 2 2 2 2 2 2
left_child=1 3 7 4 5 -1 -6 9 -9 -3 11 -5 -4 -2
right_child=13 2 12 10 6 -7 -8 8 -10 -11 -12 -13 -14 -15
leaf_value=-0.033716771447128369 0.0092980926960306558 0.031625036914734242 0.0094234226977877311 -0.015997822363163709 -0.0014087398649188726 0.002505122301098671 -0.016259683817995221 -0.030384997253405162 0.0012391077601765566 0.0058912303342340353 0.028079367963489546 0.00061560276683265871 0.03143200537204776 0.032931909446792779
leaf_weight=50.074506405740976 12.722981995902957 37.921268880367279 13.004738194867967 50.059037788771093 2359.7219030018896 47.460674624890089 137.27108827978373 22.758943596854806 794.9762922860682 211.24025105684996 18.425942847505212 4653.3532536085695 31.839287478476763 15.325848405249415
leaf_count=506 153 139 107 401 17998 309 889 322 3878 946 84 29766 249 253
internal_value=1.2401e-05 -7.64783e-05 0.00359568 -0.000635718 -0.00279971 -0.0165424 -0.0022437 0.0025819 0.000251108 0.0101375 0.00055436 0.000428699 0.0260406 0.0241458
internal_weight=8456.16 8428.11 1111.74 7316.37 2594.53 97.5352 2496.99 1066.9 817.735 249.162 4721.84 4703.41 44.844 28.0488
internal_count=56000 55594 5641 49953 19702 815 18887 5285 4200 1085 30251 30167 356 406
is_linear=0
shrinkage=0.05


Tree=140
num_leaves=15
num_cat=0
split_feature=7 6 5 5 3 0 12 6 0 8 12 12 5 7
split_gain=6.87085 10.9749 10.616 11.3309 9.91645 8.49341 8.28653 8.25844 16.0397 10.6068 7.0424 8.08187 6.86582 6.72048
threshold=0.24775000000000003 15.500000000000002 4.745000000000001 4.7750000000000012 42.425000000000004 45.500000000000007 15.985000000000001 14.500000000000002 29.500000000000004 1.5000000000000002 2.1350000000000002 3.1750000000000003 4.8650000000000011 0.5676500000000001
decision_type=2 2 2 2 2 2 2 2 2 2 2 2 2 2
left_child=1 7 4 -4 13 -3 12 10 -9 -10 -1 -12 -5 -2
right_child=2 5 3 6 -6 -7 -8 8 9 -11 11 -13 -14 -15
leaf_value=0.019095556907307881 0.0014651316972676119 -0.046731715773569993 -0.036366966389252763 0.0099106784389713445 0.015673426998583061 0.0067631110158975051 -0.028036701426501661 0.058059463820078851 -0.023417126326505541 0.027397636368038741 -0.01320993643783116 -0.001121719404239705 -0.013032794655145017 0.026209246953499871
leaf_weight=38.869269696995616 3532.9722688496113 20.079829008318487 30.459043054841459 81.89658279158175 127.93374795280397 9.9278661943972093 26.833945623598993 14.294565692543982 19.838036902248859 15.661474663764237 139.88883906695992 4319.5110148424283 49.959375048056245 24.669074126519263
leaf_count=312 15243 217 169 338 591 89 148 86 205 82 1275 36640 238 367
internal_value=1.28599e-05 -0.00129822 0.00156173 -0.00989896 0.00215748 -0.0300272 -0.00423818 -0.001089 0.0185739 -0.00061094 -0.00131889 -0.00150955 0.001121 0.00165865
internal_weight=8452.79 4578.07 3874.72 189.149 3685.58 30.0077 158.69 4548.06 49.7941 35.4995 4498.27 4459.4 131.856 3557.64
internal_count=56000 38906 17094 893 16201 306 724 38600 373 287 38227 37915 576 15610
is_linear=0
shrinkage=0.05


Tree=141
num_leaves=15
num_cat=2
split_feature=9 7 3 12 6 5 5 6 8 7 0 3 11 6
split_gain=6.79514 10.2535 11.1191 9.43048 13.2333 10.8761 9.14634 8.32975 7.73298 7.50766 9.09709 7.16188 6.94606 11.4436
threshold=0 0.034650000000000007 22.545000000000005 18.565000000000001 11.500000000000002 3.6650000000000005 2.6450000000000005 11.500000000000002 4.5000000000000009 0.40935000000000005 60.500000000000007 53.915000000000006 1 7.5000000000000009
decision_type=1 2 2 2 2 2 2 2 2 2 2 2 1 2
left_child=1 7 3 5 -5 -3 12 -1 11 10 -4 -8 13 -2
right_child=6 2 9 4 -6 -7 8 -9 -10 -11 -12 -13 -14 -15
leaf_value=-0.033686170870881119 0.01384307264861849 0.0026873972489956759 0.0033627791676830729 0.0034912747382254252 0.03456204468468136 -0.0049279614230156648 -0.0023108411983895675 0.027608949020657376 0.017210381645889294 0.02098386402716957 0.022914323018385276 0.021674315038025416 0.012645679322401196 -0.022818712420937897
leaf_weight=30.28553856536746 39.407328251749277 791.94081616774201 1594.1013649217784 234.20727685652673 37.331671067513525 1140.9613451007754 4140.8804455818608 4.2979068160057059 49.350328132510185 65.82961985655129 58.939122926443815 28.382608391344547 191.17893324233592 39.932444352656603
leaf_count=768 198 4670 8061 1496 197 8541 29530 106 238 579 250 111 1007 248
internal_value=1.22815e-05 0.00151995 0.00177147 -0.000579393 0.00809394 -0.0018085 -0.00131755 -0.0244729 -0.00189375 0.00478219 0.00410014 -0.00213209 0.00754211 -0.00476823
internal_weight=8447.03 3957.89 3923.31 2204.44 271.539 1932.9 4489.13 34.5834 4218.61 1718.87 1653.04 4169.26 270.519 79.3398
internal_count=56000 24668 23794 14904 1693 13211 31332 874 29879 8890 8311 29641 1453 446
cat_boundaries=0 1 2
cat_threshold=22 1
is_linear=0
shrinkage=0.05


Tree=142
num_leaves=15
num_cat=1
split_feature=8 7 6 5 13 0 2 12 5 7 1 13 12 7
split_gain=6.54375 6.92705 7.73051 6.90867 8.84084 6.43338 6.04366 10.5533 14.7759 12.2661 11.082 8.51452 8.43149 13.6418
threshold=2.5000000000000004 0.33775000000000005 3.5000000000000004 3.4150000000000005 5.5000000000000009 48.500000000000007 0 5.2150000000000007 3.4450000000000007 0.045850000000000009 2222.6200000000003 6.5000000000000009 6.495000000000001 0.11815000000000002
decision_type=2 2 2 2 2 2 1 2 2 2 2 2 2 2
left_child=6 2 -2 5 -5 -4 7 8 -1 -9 -10 -11 13 -8
right_child=1 -3 3 4 -6 -7 12 9 10 11 -12 -13 -14 -15
leaf_value=-0.014430155302088838 -0.0220280469395399 0.013432701033031666 0.0053698095920424911 -0.0014708148718992401 0.024110924388874251 0.024390097827201848 -0.014598465084782328 -0.046656045442104443 -0.020790758279131159 -0.0059117310404367693 0.017518322269197775 0.018922492869530516 0.0013225712091441549 -0.0011312711967813608
leaf_weight=63.718920281156898 29.297132866457105 153.09456404112279 195.03938730806112 578.39163258951157 32.856176782399416 55.650379609316587 211.48889841511846 15.099410763010381 18.834086583927274 999.35111619625241 157.96497100498527 32.878772215917706 4368.6410519974306 1530.6203512558714
leaf_count=451 185 814 921 3453 163 235 3337 489 172 7488 1169 204 28537 8382
internal_value=1.37673e-05 0.00371293 0.00200382 0.00289423 1.53132e-05 0.0098306 -0.000509671 -0.00360383 0.00576189 -0.00579929 0.0131585 -0.00506816 0.000149526 -0.00278845
internal_weight=8442.93 1044.33 891.235 861.938 611.248 250.69 7398.6 1287.85 240.518 1047.33 176.799 1032.23 6110.75 1742.11
internal_count=56000 5771 4957 4772 3616 1156 50229 9973 1792 8181 1341 7692 40256 11719
cat_boundaries=0 1
cat_threshold=4
is_linear=0
shrinkage=0.05


Tree=143
num_leaves=15
num_cat=2
split_feature=9 1 5 7 0 2 5 6 0 7 12 12 0 7
split_gain=6.47358 5.64451 7.65572 8.55944 8.47681 7.23934 7.7908 15.4441 7.79424 5.91922 15.0973 5.83735 5.45478 5.1642
threshold=0 222.17500000000004 2.7250000000000005 0.15285000000000001 49.500000000000007 1 4.6050000000000013 8.5000000000000018 28.500000000000004 0.052350000000000008 3.3450000000000002 2.6650000000000005 38.500000000000007 0.41485000000000005
decision_type=1 2 2 2 2 1 2 2 2 2 2 2 2 2
left_child=13 2 -2 12 -5 6 8 -8 -3 10 -7 -11 -4 -1
right_child=1 5 3 4 -6 9 7 -9 -10 11 -12 -13 -14 -15
leaf_value=0.0019906717841294062 0.020972956981373643 0.0084019283734629337 -0.052268116896013642 -0.012643206385700193 0.016450008498866801 0.049658536998706704 -0.018716286377021319 0.0073138239633836451 0.0010635182589797457 -0.014942077520545877 -0.021224362439682204 -0.0012169156739604248 -0.011048464500204858 0.014308468334300465
leaf_weight=1836.0796963423491 16.532437786459923 460.44836010783911 16.434006601572037 114.43758023530245 29.0616574306041 5.4575887303799382 123.73656806442887 101.2575220130384 1655.5590653559193 76.105467840097845 75.996907198801637 3823.8328144727275 17.160967003554106 86.360489133745432
leaf_count=10452 84 2715 252 599 133 102 933 693 10121 583 2111 26310 219 693
internal_value=1.25594e-05 -0.000740325 -0.00908446 -0.0121931 -0.006535 -0.000481764 0.00171973 -0.00705947 0.00267001 -0.00177639 -0.0148798 -0.00149604 -0.0338442 0.00255219
internal_weight=8438.46 6516.02 193.627 177.094 143.499 6322.39 2341 224.994 2116.01 3981.39 81.4545 3899.94 33.595 1922.44
internal_count=56000 44855 1287 1203 732 43568 14462 1626 12836 29106 2213 26893 471 11145
cat_boundaries=0 1 2
cat_threshold=2 33
is_linear=0
shrinkage=0.05


Tree=144
num_leaves=15
num_cat=1
split_feature=8 7 6 5 3 0 3 3 0 0 5 5 2 1
split_gain=6.27003 10.6944 8.38313 19.7428 10.4497 11.6056 9.92573 9.67251 7.39064 15.3404 8.26023 9.34011 9.02736 11.8215
threshold=1.5000000000000002 0.39095000000000008 13.500000000000002 3.7050000000000005 8.7750000000000004 20.500000000000004 10.525 14.365 60.500000000000007 62.500000000000007 3.8850000000000002 3.8750000000000004 0 2402.4050000000002
decision_type=2 2 2 2 2 2 2 2 2 2 2 2 1 2
left_child=8 2 4 -4 5 -2 -6 -5 10 -10 11 -1 13 -12
right_child=1 -3 3 7 6 -7 -8 -9 9 -11 12 -13 -14 -15
leaf_value=0.0002899026376089772 0.022625874758065323 0.01391195233567743 -0.01748510178535059 0.053354371715329821 0.015077572084656083 -0.010596172403094385 0.0009745915894066059 0.014121782969903674 0.027597404085207125 -0.0018052125841207225 -0.000289241175999079 0.024519618162062128 -0.0066135708258961076 -0.038822261136890857
leaf_weight=2849.5062837200239 26.004897398874164 173.83078156225383 29.962022885680199 24.240298768505454 130.55300522595644 297.15636949520558 1904.9028134150431 44.747020358219743 66.07549986243248 123.04872178100049 1587.1155398450792 37.338135346770287 1123.2938715843484 17.157903753221035
leaf_count=18026 162 1179 175 110 784 2145 10796 223 360 836 11344 235 9450 175
internal_value=1.15591e-05 0.0020347 0.00117865 0.0152166 0.000571148 -0.00773926 0.00190001 0.0295561 -0.000906337 0.00873789 -0.0012357 0.000628416 -0.0032072 -0.00076827
internal_weight=8434.93 2631.4 2457.57 98.9493 2358.62 323.161 2035.46 68.9873 5803.54 189.124 5614.41 2886.84 2727.57 1604.27
internal_count=56000 15574 14395 508 13887 2307 11580 333 40426 1196 39230 18261 20969 11519
cat_boundaries=0 1
cat_threshold=19
is_linear=0
shrinkage=0.05


Tree=145
num_leaves=15
num_cat=3
split_feature=7 3 9 5 6 1 12 7 6 1 7 7 9 11
split_gain=6.20076 6.1223 6.36479 12.0748 11.9776 11.8438 11.6116 11.8003 11.6342 5.08108 8.29086 6.20574 5.47914 4.22032
threshold=0.5676500000000001 46.140000000000008 0 4.745000000000001 8.5000000000000018 3041.1150000000002 3.1750000000000003 0.083350000000000021 6.5000000000000009 751.22000000000014 0.21685000000000001 0.14465000000000003 1 2
decision_type=2 2 1 2 2 2 2 2 2 2 2 2 1 1
left_child=1 2 3 4 -1 -5 8 -8 -4 12 11 -11 -3 -12
right_child=-2 9 6 5 -6 -7 7 -9 -10 10 13 -13 -14 -15
leaf_value=0.0013359309853235475 0.022828074630606116 -0.0043353988936177005 -0.026751822881837056 -0.030604075354926215 -0.0070840847251615359 0.019967136352339612 -0.0076392830559235255 0.0014434141037460149 -0.0029629937351057256 0.0026790422703271092 0.0017345782988767188 -0.025591398794848442 0.019926074593611152 0.028331089328961629
leaf_weight=1049.1181274931878 26.674571479670703 30.930863406509161 71.339671129360795 63.198781613260508 703.12583392765373 11.854638985358177 378.52337102498859 5707.8554936768487 169.45081842876971 42.068927342072129 31.463027279824018 32.254306502640247 87.937665788456798 26.096759799867868
leaf_count=7236 406 157 556 553 5062 100 6811 32923 1170 263 139 155 374 95
internal_value=1.22976e-05 -6.8229e-05 -0.000306121 -0.00289412 -0.00204912 -0.022156 0.000446182 0.000875059 -0.0102534 0.00758021 0.000761076 -0.0101065 0.014941 0.0145992
internal_weight=8431.89 8405.22 8154.47 1827.3 1752.24 75.0534 6327.17 6086.38 240.79 250.752 131.883 74.3232 118.869 57.5598
internal_count=56000 55594 54411 12951 12298 653 41460 39734 1726 1183 652 418 531 234
cat_boundaries=0 1 2 3
cat_threshold=1 8 2
is_linear=0
shrinkage=0.05


Tree=146
num_leaves=15
num_cat=1
split_feature=8 3 0 5 5 7 5 7 11 7 3 0 1 1
split_gain=6.03425 6.48552 10.8072 11.1664 12.1915 9.73939 9.14306 8.98078 10.6035 6.46784 6.38148 6.16892 5.34887 5.90611
threshold=3.5000000000000004 9.4050000000000029 18.500000000000004 3.9350000000000005 3.4050000000000007 0.06235000000000001 2.3150000000000004 0.30715000000000003 0 0.036650000000000009 35.875000000000007 22.500000000000004 293.47000000000008 526.99500000000012
decision_type=2 2 2 2 2 2 2 2 1 2 2 2 2 2
left_child=1 2 3 4 -1 9 -3 8 -8 -4 -9 -7 -2 -14
right_child=12 6 5 -5 -6 11 7 10 -10 -11 -12 -13 13 -15
leaf_value=-0.030703502676737705 0.026434810737389559 0.012468021888423594 0.0016746184882529707 -0.046704700735142129 0.024176291447658246 0.013421985506249796 0.0024561360731879586 0.0021823545442967089 -0.0025138573116059043 -0.04586574599653457 0.012375359343885129 -0.0026284702411357827 -0.0087495943998508099 0.0081866621107852498
leaf_weight=17.721652777865529 28.091884205117822 148.94377806782722 10.517126816324891 25.854959595948458 16.840927166864276 60.445831151679158 1544.373139007017 1522.0027380203828 3500.325706012547 18.088776322081685 168.11372506245971 1068.8734790310264 63.085056161507964 234.29786875844002
leaf_count=137 121 731 382 283 130 415 10643 6964 24923 606 930 8142 342 1251
internal_value=1.252e-05 -0.000256729 -0.00361458 -0.0237191 -0.00416764 -0.002507 0.000338886 6.52123e-05 -0.000991799 -0.0298873 0.00321637 -0.0017361 0.00665612 0.0045424
internal_weight=8427.58 8102.1 1218.34 60.4175 34.5626 1157.93 6883.76 6734.82 5044.7 28.6059 1690.12 1129.32 325.475 297.383
internal_count=56000 54286 10095 550 267 9545 44191 43460 35566 988 7894 8557 1714 1593
cat_boundaries=0 1
cat_threshold=1
is_linear=0
shrinkage=0.05


Tree=147
num_leaves=15
num_cat=2
split_feature=9 1 5 7 0 2 6 5 0 7 12 13 3 5
split_gain=5.80429 5.22425 7.03526 8.08143 7.65949 6.5068 6.95673 9.19773 5.31437 5.16252 8.68375 5.46523 4.95455 4.81829
threshold=0 222.17500000000004 2.7250000000000005 0.15285000000000001 49.500000000000007 1 14.500000000000002 4.6050000000000013 38.500000000000007 0.049150000000000006 3.3450000000000002 7.5000000000000009 17.365000000000006 3.1050000000000004
decision_type=1 2 2 2 2 1 2 2 2 2 2 2 2 2
left_child=13 2 -2 8 -5 6 7 -3 -4 10 -7 -11 -8 -1
right_child=1 5 3 4 -6 9 12 -9 -10 11 -12 -13 -14 -15
leaf_value=0.0082057797416719338 0.020090443703992825 0.0022676189405613219 -0.051590984490265362 -0.012076327478120388 0.015625043918811348 0.035192260490478876 0.034453838896452649 -0.0084913633066332501 -0.010610349200657256 -0.0016477660757930439 -0.020142047611488054 0.015174058931062781 0.0022476762424388174 0.0013424914317031952
leaf_weight=301.17032041121274 16.496653389185667 2074.2677889205515 15.845595027320085 114.44156631454825 28.930655362084508 5.168866876512765 24.321525378152728 216.69879713095725 17.026958875358105 3856.618501781486 65.354974412359297 45.918078038841486 22.007470171898603 1617.4172125943005
leaf_count=1529 84 12616 252 599 133 92 125 1595 219 26841 1874 299 126 9616
internal_value=1.12295e-05 -0.000702375 -0.0087483 -0.0117387 -0.00628087 -0.000453696 0.00163488 0.00124017 -0.0330268 -0.00168256 -0.014816 -0.00143833 0.0202222 0.0024184
internal_weight=8421.68 6503.1 192.741 176.245 143.372 6310.36 2337.3 2290.97 32.8726 3973.06 70.5238 3902.54 46.329 1918.59
internal_count=56000 44855 1287 1203 732 43568 14462 14211 471 29106 1966 27140 251 11145
cat_boundaries=0 1 2
cat_threshold=2 33
is_linear=0
shrinkage=0.05


Tree=148
num_leaves=15
num_cat=2
split_feature=7 0 0 2 3 1 8 2 1 12 3 5 1 1
split_gain=5.78018 5.97145 16.0267 7.47645 9.72965 8.41954 6.37352 6.68157 9.0735 8.29053 4.71775 4.15948 4.02719 3.63757
threshold=0.49365000000000009 60.500000000000007 61.500000000000007 0 29.325000000000003 2261.3000000000006 5.5000000000000009 1 1744.6550000000004 6.495000000000001 19.445000000000004 4.4650000000000007 2451.9700000000003 985.6350000000001
decision_type=2 2 2 1 2 2 2 1 2 2 2 2 2 2
left_child=1 6 13 4 -4 -5 7 8 -1 -9 11 12 -2 -3
right_child=10 2 3 5 -6 -7 -8 9 -10 -11 -12 -13 -14 -15
leaf_value=-0.023010776474113964 0.016735636213811852 0.015664614989339781 -0.025161634111718425 0.013573340254075717 0.018325665889895541 -0.012452409150789724 0.025951575904208581 -0.0025934568573148537 -0.0027833366511461049 0.0013159418706563321 0.023578163828765365 -0.017809672047491003 -0.014211201775381236 0.043185469528480958
leaf_weight=54.954636635258794 40.328664735890925 29.49696983024478 47.000954912044108 117.70917368866503 14.886324811726807 39.232067345641553 19.89717611297965 1897.283211347647 1328.8265205211937 4732.990899655968 43.006824907846749 15.708311550319193 11.354356188327072 26.439653852954507
leaf_count=485 419 153 360 660 67 293 89 12401 10017 30120 564 141 100 131
internal_value=1.10466e-05 -0.000141929 0.00706578 0.000821395 -0.012423 0.00654659 -0.000390981 -0.000466071 -0.00360866 0.000196287 0.0112234 0.00267009 0.0095302 0.030209
internal_weight=8419.12 8308.72 274.765 218.829 61.8873 156.941 8033.95 8014.06 1383.78 6630.27 110.398 67.3913 51.683 55.9366
internal_count=56000 54776 1664 1380 427 953 53112 53023 10502 42521 1224 660 519 284
cat_boundaries=0 1 2
cat_threshold=18 4
is_linear=0
shrinkage=0.05


Tree=149
num_leaves=15
num_cat=1
split_feature=8 7 3 6 5 5 0 0 7 7 5 5 2 1
split_gain=5.60131 9.54323 7.84953 7.85731 18.9434 8.71489 6.28304 13.1908 7.23673 7.95101 7.11296 8.49613 7.96511 10.9247
threshold=1.5000000000000002 0.39095000000000008 46.140000000000008 13.500000000000002 3.7050000000000005 3.4150000000000005 60.500000000000007 62.500000000000007 0.26305000000000006 0.18015000000000003 3.8850000000000002 3.8750000000000004 0 2402.4050000000002
decision_type=2 2 2 2 2 2 2 2 2 2 2 2 1 2
left_child=6 2 3 5 -5 -2 10 8 9 -8 11 -1 13 -12
right_child=1 -3 -4 4 -6 -7 7 -9 -10 -11 12 -13 -14 -15
leaf_value=0.00024682539815818301 0.004952001951066997 0.013236417962504951 0.017067138726526446 -0.01824509804752255 0.028808712699711442 -0.0019020905389775548 0.0095945830264589603 -0.0017558556265439595 0.0016249960960958187 0.053417508675704176 -0.0002411415755931234 0.023351235244180896 -0.0061980087261736712 -0.037425341100094781
leaf_weight=2844.7982945404947 642.43632793985307 171.17854924593121 71.838867858052254 28.546041462570429 66.181760462000966 1644.7034950433299 18.771805579774082 122.7746507525444 22.029550675302744 25.350125283002853 1584.4475739141926 37.355454839766026 1119.8023689631373 17.002949505113065
leaf_count=18026 3232 1179 294 170 322 10377 175 836 96 89 11344 235 9450 175
internal_value=1.16649e-05 0.00192641 0.00112219 0.000620411 0.0145043 2.71253e-05 -0.000856579 0.00804015 0.0255086 0.0365708 -0.00116069 0.00057025 -0.00299258 -0.000700806
internal_weight=8417.22 2624.89 2453.71 2381.87 94.7278 2287.14 5792.33 188.926 66.1515 44.1219 5603.41 2882.15 2721.25 1601.45
internal_count=56000 15574 14395 14101 492 13609 40426 1196 360 264 39230 18261 20969 11519
cat_boundaries=0 1
cat_threshold=19
is_linear=0
shrinkage=0.05


Tree=150
num_leaves=15
num_cat=1
split_feature=7 3 11 12 7 3 7 12 8 7 7 3 12 1
split_gain=5.5282 5.50714 11.152 13.5865 11.4792 10.292 16.005 7.32007 11.2901 9.20307 9.36501 8.63592 7.81245 5.77675
threshold=0.5676500000000001 19.325000000000003 0 26.880000000000006 0.40935000000000005 20.565000000000001 0.13875000000000001 3.1750000000000003 1.0000000180025095e-35 0.082050000000000026 0.042350000000000006 7.4450000000000012 3.3450000000000002 297.98500000000007
decision_type=2 2 1 2 2 2 2 2 2 2 2 2 2 2
left_child=1 7 5 4 -4 6 -3 8 11 10 -9 -1 -11 -7
right_child=-2 2 3 -5 -6 13 -8 9 -10 12 -12 -13 -14 -15
leaf_value=0.003872918768449406 0.021894282043451969 0.055972877540291947 -0.00060240776412078889 -0.018519266880636372 0.014055483909067887 -0.0082225715498119214 0.0091818953711778877 0.0062811708647229694 -0.0023949658384390428 0.021552161433140246 -0.018656592911313677 -0.042982649601997949 -0.00067803072830703516 0.0045572964473137223
leaf_weight=12.553841728717087 25.76497120782733 20.813889432698488 2854.2777496483177 98.485928755253553 137.11993650440127 92.899288769811392 85.998802712187171 50.31664938852191 100.87045490369201 36.967044165357947 133.12465441599488 35.73478823248297 3556.9734618775547 1171.7947245631367
leaf_count=114 406 248 16659 648 962 546 406 1484 734 214 3200 381 23266 6732
internal_value=1.22889e-05 -6.27293e-05 0.00113884 -0.000527416 8.28905e-05 0.00488572 0.0195798 -0.00142779 -0.012181 -0.000993848 -0.0118253 -0.0312873 -0.000431588 0.0036013
internal_weight=8413.7 8387.93 4461.39 3089.88 2991.4 1371.51 106.813 3926.54 149.159 3777.38 183.441 48.2886 3593.94 1264.69
internal_count=56000 55594 26201 18269 17621 7932 654 29393 1229 28164 4684 495 23480 7278
cat_boundaries=0 1
cat_threshold=1
is_linear=0
shrinkage=0.05


Tree=151
num_leaves=15
num_cat=4
split_feature=9 7 3 2 3 6 6 5 13 9 1 8 11 6
split_gain=5.33425 8.84448 9.75876 8.48257 11.9968 10.7997 7.96851 7.52167 7.08648 15.14 6.86764 6.54108 6.53363 10.2681
threshold=0 0.034650000000000007 22.545000000000005 1 20.945000000000004 8.5000000000000018 11.500000000000002 2.6450000000000005 2.5000000000000004 2 5447.7100000000009 4.5000000000000009 3 7.5000000000000009
decision_type=1 2 2 1 2 2 2 2 2 1 2 2 1 2
left_child=1 6 3 4 -3 -5 -1 12 10 -10 -4 -9 13 -2
right_child=7 2 8 5 -6 -7 -8 11 9 -11 -12 -13 -14 -15
leaf_value=-0.032604706078812218 0.012661948543588887 -0.003302282774989459 0.0014842313737371759 -0.0021564739159202879 -0.027292959817835305 0.0063130557481967543 0.027362973825397121 -0.001911471391916704 0.015260539666048201 -0.0042485082776700421 0.016955861177087399 0.015941093874383333 0.011844329509975219 -0.022131069103409381
leaf_weight=28.990324415732175 39.166059944778681 605.53978525847197 1172.8666186835617 887.3260237686336 54.170074440538883 649.28836107999086 4.3169050812721244 4151.5517979701981 325.10940011776984 138.93339671008289 73.469212383031845 48.977540483698249 190.39430470857769 39.907303664833307
leaf_count=768 198 4716 6163 5811 402 3975 106 29641 1550 804 373 238 1007 248
internal_value=1.23087e-05 0.00135121 0.00158175 -0.000623802 -0.00530676 0.0014184 -0.0232136 -0.00116837 0.00441006 0.00966558 0.00243478 -0.00169208 0.00688135 -0.00506474
internal_weight=8410.01 3940.01 3906.7 2196.32 659.71 1536.61 33.3072 4470 1710.38 464.043 1246.34 4200.53 269.468 79.0734
internal_count=56000 24668 23794 14904 5118 9786 874 31332 8890 2354 6536 29879 1453 446
cat_boundaries=0 1 2 3 4
cat_threshold=22 12 6 1
is_linear=0
shrinkage=0.05


Tree=152
num_leaves=15
num_cat=1
split_feature=7 6 5 5 3 7 5 0 11 5 1 5 3 3
split_gain=5.39147 10.8041 8.76586 10.3006 8.18072 7.89695 8.45603 7.66275 6.80518 16.2526 17.615 15.5494 23.7438 22.8779
threshold=0.24775000000000003 15.500000000000002 4.745000000000001 4.7750000000000012 42.425000000000004 0.34975000000000006 4.8650000000000011 45.500000000000007 0 3.6750000000000003 293.47000000000008 3.8350000000000004 3.6550000000000007 8.1350000000000033
decision_type=2 2 2 2 2 2 2 2 1 2 2 2 2 2
left_child=1 8 4 -4 -2 -5 -7 -3 11 -10 -11 13 -13 -1
right_child=2 7 3 5 -6 6 -8 -9 9 10 -12 12 -14 -15
leaf_value=-0.032711158506315466 0.0014825992017280989 -0.045871366363643466 -0.034186281652362614 -0.013192195962337753 0.014364401196666566 0.021654998757351048 -0.013315617247043308 0.0052428775148864459 0.0018633365965327036 0.010568156708984217 -0.006906107977019401 0.062142934263144559 0.0057428917477293914 -0.00047119621070289573
leaf_weight=57.287020672112703 3539.9736198661849 19.726333000697199 30.61531763151288 89.778846759349108 124.76189691573381 43.70351870637387 24.920234194025397 9.9894201280549151 1374.8317468324676 155.55832227971405 1627.0391079434194 16.254173683002591 661.19612417649478 631.63448002561927
leaf_count=679 15610 217 169 427 591 172 125 89 9545 1239 16404 217 6200 4316
internal_value=1.25711e-05 -0.00115192 0.00138834 -0.00902806 0.00193254 -0.00362056 0.00892985 -0.0297834 -0.000944237 -0.00221938 -0.00536602 0.00200079 0.00736412 -0.0032823
internal_weight=8407.27 4553.52 3853.75 189.018 3664.74 158.403 68.6238 29.7158 4523.8 3157.43 1782.6 1366.37 677.45 688.922
internal_count=56000 38906 17094 893 16201 724 297 306 38600 27188 17643 11412 6417 4995
cat_boundaries=0 1
cat_threshold=1
is_linear=0
shrinkage=0.05


Tree=153
num_leaves=15
num_cat=0
split_feature=8 3 3 12 0 7 12 0 5 7 12 4 5 0
split_gain=5.16888 5.60832 14.5418 8.50418 7.72221 9.27298 8.2124 7.03639 6.58651 6.06814 5.82459 5.29317 8.63284 7.11241
threshold=3.5000000000000004 7.8650000000000011 8.0050000000000008 30.760000000000002 52.500000000000007 0.14345000000000002 11.215000000000002 36.500000000000007 2.3150000000000004 0.28315000000000007 7.1050000000000013 1.0000000180025095e-35 4.3850000000000007 43.500000000000007
decision_type=2 2 2 2 2 2 2 2 2 2 2 2 2 2
left_child=1 3 7 4 5 -1 -6 -3 10 -10 -4 12 13 -2
right_child=11 2 8 -5 6 -7 -8 -9 9 -11 -12 -13 -14 -15
leaf_value=-0.020444834141568537 -0.0022321037842062395 0.049950014563201632 -0.0030827715897256461 0.025370444193265181 0.018041465950720412 -0.0043180612988729166 -0.011000001502123324 0.0052924808838811259 -0.0011999184328124338 0.0019281458294867423 0.017041898812252584 -0.004870606225866065 0.027263475836782899 0.017738304213515018
leaf_weight=100.61499941162765 127.03870603628457 18.539332589134574 53.60336971655488 21.072796475142241 66.481327428482473 660.89549415186048 34.997569445520639 16.277375105768442 4691.2509171450511 2312.0095894588158 101.40260150097311 79.837671047076583 52.13283868227154 65.227063175290823
leaf_count=2401 670 99 296 148 521 4084 276 134 35428 10417 482 448 281 315
internal_value=1.12308e-05 -0.000238266 0.000224233 -0.00398937 -0.0047917 -0.00652069 0.00799752 0.031148 6.08386e-05 -0.000166857 0.0101561 0.00617174 0.00979426 0.00471139
internal_weight=8401.38 8077.15 7193.08 884.062 862.989 761.51 101.479 34.8167 7158.27 7003.26 155.006 324.236 244.399 192.266
internal_count=56000 54286 46856 7430 7282 6485 797 233 46623 45845 778 1714 1266 985
is_linear=0
shrinkage=0.05


Tree=154
num_leaves=15
num_cat=2
split_feature=8 6 7 6 3 1 7 1 2 0 7 9 12 5
split_gain=5.12373 8.43485 12.4836 8.80157 7.70153 17.3721 16.7961 13.014 9.52979 7.5322 6.82348 8.63719 8.01457 10.1055
threshold=1.0000000180025095e-35 6.5000000000000009 0.050850000000000006 14.500000000000002 19.565000000000001 3381.5650000000005 0.074450000000000002 5282.7000000000016 0 34.500000000000007 0.37185000000000007 1 11.865 3.5750000000000006
decision_type=2 2 2 2 2 2 2 2 1 2 2 1 2 2
left_child=1 4 -3 9 7 6 -6 8 -1 -4 12 -12 13 -2
right_child=10 2 3 -5 5 -7 -8 -9 -10 -11 11 -13 -14 -15
leaf_value=-0.00055783585142094147 0.0026346226191777638 -0.027198146021899669 -0.0027959190787652174 -0.021286020092894691 0.037659654052454944 -0.026472242836544257 -0.00063418319746961051 0.025091074692693456 -0.017578535743197038 0.0035367003185127286 0.011798240379966114 -0.0006120874174958095 0.0032315523976253072 -0.0031839278980396093
leaf_weight=127.65376839414239 1160.5332513619214 37.961877758149058 747.62410148605704 41.617347352206707 27.714257036335766 57.965861932374537 421.60299192555249 21.481860490050167 272.64870923152193 1251.7871715649962 294.05838007479906 264.01928832847625 1591.0376682244241 2078.4210017360747
leaf_count=912 6339 1114 5246 348 386 461 2374 200 2617 8419 1707 1555 9932 14390
internal_value=1.26356e-05 -0.00163951 0.000132234 0.000679734 -0.00559183 -0.0014237 0.00196192 -0.0105594 -0.012645 0.00116815 0.000935395 0.00615456 0.000328905 -0.0010986
internal_weight=8396.13 3008.06 2078.99 2041.03 929.067 507.283 449.317 421.784 400.302 1999.41 5388.07 558.078 4829.99 3238.95
internal_count=56000 22077 15127 14013 6950 3221 2760 3729 3529 13665 33923 3262 30661 20729
cat_boundaries=0 1 2
cat_threshold=1 10
is_linear=0
shrinkage=0.05


Tree=155
num_leaves=14
num_cat=1
split_feature=7 3 7 8 0 0 5 7 6 3 10 3 12
split_gain=5.05752 5.00356 8.64063 5.60332 5.34869 15.3526 5.82672 4.74007 7.19496 4.48095 2.33299 1.36232 0.447158
threshold=0.5676500000000001 36.175000000000004 0.36825000000000008 5.5000000000000009 60.500000000000007 61.500000000000007 4.4250000000000007 0.052350000000000008 8.5000000000000018 53.915000000000006 0 14.855000000000002 7.9650000000000007
decision_type=2 2 2 2 2 2 2 2 2 2 1 2 2
left_child=1 3 7 4 6 -6 -1 8 -3 -9 12 -2 -4
right_child=11 2 10 -5 5 -7 -8 9 -10 -11 -12 -13 -14
leaf_value=-0.0001632281029216155 0.0062686443199491881 0.0020574733457893314 0.014862081095295724 0.024984635622099693 0.030116277431117645 -1.9674699145438563e-05 -0.003869716626672562 0.0018493880701933201 -0.044129357893126685 0.017967015696527845 0.005072796145503395 0.030681183671385726 0.030694901490796157
leaf_weight=5786.2962766941637 11.709579644724728 20.904942579567436 16.635578280314803 18.478231946006417 51.345259247347713 190.06460007838905 1295.3011975865811 885.35254711844027 10.853470899164675 42.411694951355457 20.070429123938084 13.404915040358899 29.326337926089764
leaf_count=38443 153 220 132 85 266 1254 10317 4215 156 163 139 253 204
internal_value=1.11699e-05 -5.99469e-05 0.00320622 -0.000517331 -0.000591885 0.0066809 -0.000842537 0.00197051 -0.0161734 0.00264172 0.0202964 0.0211824 0.0262261
internal_weight=8392.16 8367.04 1025.56 7341.49 7323.01 241.41 7081.6 959.523 31.7584 927.764 66.0323 25.1145 45.9619
internal_count=56000 55594 5229 50365 50280 1520 48760 4754 376 4378 475 406 336
cat_boundaries=0 1
cat_threshold=2
is_linear=0
shrinkage=0.05


Tree=156
num_leaves=15
num_cat=3
split_feature=9 1 5 7 12 2 0 12 10 0 5 3 5 1
split_gain=4.98842 5.00041 6.42346 7.62174 7.011 5.48379 7.00561 15.0093 11.7386 5.1484 4.70044 5.07296 4.9119 7.92455
threshold=0 222.17500000000004 2.7250000000000005 0.15285000000000001 5.9150000000000009 1 28.500000000000004 5.0150000000000006 2 38.500000000000007 4.8950000000000005 47.155000000000008 3.1050000000000004 443.39500000000004
decision_type=1 2 2 2 2 1 2 2 1 2 2 2 2 2
left_child=10 2 -2 9 -5 6 7 -3 -8 -4 11 12 13 -1
right_child=1 5 3 4 -6 -7 8 -9 -10 -11 -12 -13 -14 -15
leaf_value=0.021793663449129509 0.01905045109844997 -0.015338355126321535 -0.050960505249084923 0.011347945062104159 -0.012816380900765765 -0.001537167068736172 0.0025045995649410112 0.0099668997628402888 -0.0065228859245546377 -0.010318267160999053 0.024359915599826233 0.019227728089278015 0.00045974635491718665 0.002790604712567681
leaf_weight=69.969574952498078 16.463926015421748 64.692789278924465 15.290910764597355 39.047132007777691 104.26847572252154 3956.2116126623005 1330.082989721559 444.90993353165686 490.3694242797792 16.93334161862731 20.786086054053158 38.714480962604284 1555.7938987021334 225.70138651598245
leaf_count=317 84 469 252 180 552 29106 7993 2606 3394 219 118 171 9344 1195
internal_value=1.27837e-05 -0.000650005 -0.00853645 -0.0114005 -0.00613499 -0.000406203 0.00151367 0.00668349 6.61638e-05 -0.0323014 0.00224881 0.00197932 0.00158813 0.00746135
internal_weight=8389.24 6478.27 192.004 175.54 143.316 6286.27 2330.06 509.603 1820.45 32.2243 1910.97 1890.18 1851.46 295.671
internal_count=56000 44855 1287 1203 732 43568 14462 3075 11387 471 11145 11027 10856 1512
cat_boundaries=0 1 2 3
cat_threshold=2 33 2
is_linear=0
shrinkage=0.05


Tree=157
num_leaves=15
num_cat=1
split_feature=7 8 6 7 6 5 5 2 12 3 3 5 5 6
split_gain=4.74403 4.6636 7.74592 11.3425 8.1766 6.98038 10.8275 7.46669 5.85774 10.6646 9.86453 9.28647 8.48505 8.40889
threshold=0.5676500000000001 1.0000000180025095e-35 6.5000000000000009 0.050850000000000006 14.500000000000002 4.6150000000000011 4.8450000000000006 0 11.865 2.4050000000000007 39.525000000000013 3.5750000000000006 3.5550000000000002 14.500000000000002
decision_type=2 2 2 2 2 2 2 1 2 2 2 2 2 2
left_child=1 2 5 -4 -5 7 -7 -1 11 -10 -11 12 -3 -13
right_child=-2 8 3 4 -6 6 -8 -9 9 10 -12 13 -14 -15
leaf_value=0.0013657061979977219 0.020681785227102831 0.0023564288855731888 -0.026315732582831864 0.0010553642725006816 -0.020668313049465894 -0.029108545803897767 0.01444486879911153 -0.008052093103959268 -0.033130489065789963 0.0023988168787728646 0.015395180112795956 -0.0026556063431615127 0.02501894984195642 0.01653722270718723
leaf_weight=365.33150147739798 24.668962901458144 1223.6807107320055 36.956832664087415 1990.7699320409447 41.279999834485352 60.298933085054159 16.410917786881328 483.27081915969029 17.004418869502842 1577.833951449953 158.14423661679029 2296.0470893029124 39.80286374501884 55.562480549328029
leaf_count=2449 406 6759 1114 13552 344 579 135 3741 154 9999 693 15583 197 295
internal_value=1.22782e-05 -5.60916e-05 -0.00163613 6.6345e-05 0.000584242 -0.0054308 -0.019598 -0.00408563 0.000825679 0.00319492 0.00360728 -0.000324877 0.00312793 -0.00218164
internal_weight=8387.06 8362.39 2994.32 2069.01 2032.05 925.312 76.7099 848.602 5368.08 1752.98 1735.98 3615.09 1263.48 2351.61
internal_count=56000 55594 21914 15010 13896 6904 714 6190 33680 10846 10692 22834 6956 15878
cat_boundaries=0 1
cat_threshold=9
is_linear=0
shrinkage=0.05


Tree=158
num_leaves=15
num_cat=2
split_feature=9 7 3 3 0 12 6 3 8 12 3 5 7 11
split_gain=4.71207 7.75578 8.74395 14.4138 11.5061 8.01823 7.72685 6.37329 6.2526 7.12945 14.2839 6.4901 6.17547 7.40355
threshold=0 0.034650000000000007 14.615 12.725000000000003 36.500000000000007 2.6650000000000005 11.500000000000002 53.915000000000006 4.5000000000000009 28.565000000000001 29.125000000000004 2.6650000000000005 0.32715000000000005 1
decision_type=1 2 2 2 2 2 2 2 2 2 2 2 2 1
left_child=1 6 3 5 -5 -3 -1 8 9 11 -11 -2 13 -4
right_child=7 2 12 4 -6 -7 -8 -9 -10 10 -12 -13 -14 -15
leaf_value=-0.031653232094602128 0.0062670243808220566 -0.030066053926811939 0.0062405629306405723 -0.027950595342529749 -0.0042052119702780475 0.0011473037131463045 0.027483677348278279 0.020805785559062977 0.01545020159487305 -0.0041463711552771542 -0.046780807048321466 -0.0016572253750509172 0.0084042549657576317 5.8709334298715944e-05
leaf_weight=27.921542200259864 273.33951571024954 18.022423151880503 700.9443437140435 83.277423808351159 128.00901044346392 965.09803510364145 4.3052822872996321 29.959083385765553 52.270003709942102 88.170905298553407 22.54381310660392 3989.8281484865583 447.60310253035277 1552.655625898391
leaf_count=768 1479 166 3831 642 879 7008 106 118 254 674 176 28631 2383 8885
internal_value=1.08552e-05 0.00127119 0.00148451 -0.0020743 -0.0138246 0.000485378 -0.0220852 -0.00110056 -0.00126531 -0.00147552 -0.0138328 -0.0011451 0.00305869 0.00198721
internal_weight=8383.95 3927.84 3895.61 1194.41 211.286 983.12 32.2268 4456.11 4426.15 4373.88 110.715 4263.17 2701.2 2253.6
internal_count=56000 24668 23794 8695 1521 7174 874 31332 31214 30960 850 30110 15099 12716
cat_boundaries=0 1 2
cat_threshold=22 1
is_linear=0
shrinkage=0.05


Tree=159
num_leaves=15
num_cat=0
split_feature=8 6 3 7 5 5 12 0 0 1 1 12 0 12
split_gain=4.45272 5.92629 5.81915 4.63511 5.35103 5.91302 5.29932 4.86322 4.81981 4.60503 9.85855 9.16288 10.7021 10.0129
threshold=2.5000000000000004 3.5000000000000004 21.455000000000002 0.33775000000000005 3.6650000000000005 3.8050000000000002 3.8650000000000007 40.500000000000007 47.500000000000007 3381.5650000000005 3449.2350000000001 8.1150000000000002 46.500000000000007 7.8550000000000013
decision_type=2 2 2 2 2 2 2 2 2 2 2 2 2 2
left_child=9 2 -2 4 6 -6 -3 -5 -9 -1 -11 13 -13 -12
right_child=1 3 -4 7 5 -7 -8 8 -10 10 11 12 -14 -15
leaf_value=3.0432843516326967e-05 -0.032305306856003371 -0.013263325636706118 0.0050620555116492787 0.019550483703300967 -0.015341242510849992 0.0011351670562287977 0.0089217868475199788 -0.014372524132861844 0.013736747773204381 -0.035424854953238154 0.00079945307272352218 -0.0033716693754029456 -0.021266976288702739 0.034551097269465793
leaf_weight=6493.8469530427828 19.98300376534462 26.689847856760025 17.763153158128262 84.113692348822951 58.968412874266505 446.57162395771593 325.05013964883983 25.773976340889931 29.451519324444234 21.086100358515978 345.90522385854274 357.66332419030368 106.64626416098326 20.476937972940505
leaf_count=43562 142 139 90 443 353 2751 1529 161 163 199 2637 2797 892 142
internal_value=9.22341e-06 0.00307572 -0.0156424 0.00382947 0.00243255 -0.000865878 0.00714046 0.0121916 0.000553429 -0.000423661 -0.00387357 -0.00294809 -0.00759214 0.00295111
internal_weight=8379.99 1034.37 37.7462 996.619 857.28 505.54 351.74 139.339 55.2255 7345.62 851.778 830.692 464.31 366.382
internal_count=56000 5771 232 5539 4772 3104 1668 767 324 50229 6667 6468 3689 2779
is_linear=0
shrinkage=0.05


Tree=160
num_leaves=15
num_cat=1
split_feature=7 0 0 5 7 7 1 7 2 0 3 1 12 5
split_gain=4.39902 4.43809 13.2096 9.52093 8.49457 7.47006 9.54689 8.95656 5.36683 9.06358 14.8257 9.3723 7.12348 12.784
threshold=0.5676500000000001 60.500000000000007 63.500000000000007 4.3550000000000013 0.29645000000000005 0.15535000000000002 1194.0700000000002 0.25475000000000009 0 50.500000000000007 32.485000000000007 2088.7600000000007 6.495000000000001 3.4050000000000007
decision_type=2 2 2 2 2 2 2 2 1 2 2 2 2 2
left_child=1 8 5 4 -4 6 -3 -7 9 11 -11 -1 13 -10
right_child=-2 2 3 -5 -6 7 -8 -9 12 10 -12 -13 -14 -15
leaf_value=-0.015462497008106891 0.020094672807862382 -0.027589160431043647 -0.020828529771204803 0.017590027215918607 0.008388782854793924 0.035853704989847336 0.029140779511144424 0.0066172943896773972 0.0042245950749103178 -0.022333312721596055 0.012842891183410754 -0.00026120178307914945 0.0013551166014876797 -0.0048233840118247877
leaf_weight=108.41452103946358 24.168531021103263 16.36271247453988 74.346559274941683 34.467917995527387 34.674744103103876 58.01637901738286 9.1099574603140336 48.780919314362109 542.76698037050664 123.82130070962012 37.037713047116995 1128.9908335669897 4766.7192194806412 1370.611259191297
leaf_count=896 406 179 602 213 142 243 100 203 3006 1100 197 8480 30618 9615
internal_value=7.89749e-06 -5.74063e-05 0.00614544 -0.00434099 -0.01156 0.0173653 -0.00636777 0.0230453 -0.000271346 -0.00307282 -0.0141472 -0.00162723 0.000320288 -0.00225415
internal_weight=8378.29 8354.12 275.759 143.489 109.021 132.27 25.4727 106.797 8078.36 1398.26 160.859 1237.41 6680.1 1913.38
internal_count=56000 55594 1682 957 744 725 279 446 53912 10673 1297 9376 43239 12621
cat_boundaries=0 1
cat_threshold=4
is_linear=0
shrinkage=0.05


Tree=161
num_leaves=15
num_cat=0
split_feature=7 6 5 5 12 0 3 6 0 8 12 5 5 12
split_gain=4.40655 9.91584 7.91598 9.17087 7.57533 7.18616 6.95304 6.83576 14.0461 8.72256 7.33703 6.6221 6.1088 6.01672
threshold=0.24775000000000003 15.500000000000002 4.745000000000001 4.7750000000000012 15.985000000000001 45.500000000000007 42.425000000000004 14.500000000000002 29.500000000000004 1.5000000000000002 2.1350000000000002 3.9250000000000003 4.8650000000000011 3.1750000000000003
decision_type=2 2 2 2 2 2 2 2 2 2 2 2 2 2
left_child=1 7 6 -4 12 -3 -2 10 -9 -10 11 -1 -5 -12
right_child=2 5 3 4 -6 -7 -8 8 9 -11 13 -13 -14 -15
leaf_value=-0.0034575125501272704 0.0013603014798706653 -0.044567082704385162 -0.032324091545625884 0.0099795476868398507 -0.026301065371226142 0.0052168372263114958 0.013346279686854501 0.053690166897530416 -0.02208456604193474 0.024213440588330328 -0.011459212435380084 0.036622066648327657 -0.011715268750017632 -0.00092061787548970589
leaf_weight=17.025159856304526 3528.5914614833891 19.216368394903842 30.77407693490386 80.89080218039453 26.750518039800227 9.9031894439831358 122.35792794823647 14.485073575749992 19.352925282903016 15.675763182342051 136.90063187107444 21.38274959474802 49.957527885213494 4283.0771686770022
leaf_count=134 15610 217 169 338 148 89 591 86 205 82 1275 178 238 36640
internal_value=8.22565e-06 -0.00104642 0.00125437 -0.00866061 -0.00352238 -0.0287303 0.00177263 -0.000848601 0.0170875 -0.00108997 -0.00105915 0.0198926 0.0016196 -0.00125458
internal_weight=8376.34 4537.02 3839.32 188.373 157.599 29.1196 3650.95 4507.9 49.5138 35.0287 4458.39 38.4079 130.848 4419.98
internal_count=56000 38906 17094 893 724 306 16201 38600 373 287 38227 312 576 37915
is_linear=0
shrinkage=0.05


Tree=162
num_leaves=15
num_cat=4
split_feature=9 1 12 5 7 2 0 12 10 13 12 1 5 10
split_gain=4.35484 4.60006 6.15629 6.35497 7.38859 4.6987 6.29777 13.297 10.4793 4.58165 8.3026 5.54623 4.4346 4.65331
threshold=0 222.17500000000004 3.8650000000000007 2.9050000000000007 0.33255000000000007 1 28.500000000000004 5.0150000000000006 2 7.5000000000000009 26.880000000000006 1441.0900000000004 4.8950000000000005 3
decision_type=1 2 2 2 2 1 2 2 1 2 2 2 2 1
left_child=12 2 -2 -4 -5 6 7 -3 -8 10 -7 -11 13 -1
right_child=1 5 3 4 -6 9 8 -9 -10 11 -12 -13 -14 -15
leaf_value=0.0034151611094346544 0.018315294573427968 -0.014445662733278564 0.012974841119501888 -0.020485562187759866 0.0053654270712579361 -0.0012493144172804811 0.0023323978882034968 0.0093974406819753581 -0.0062045581358597226 0.027348049264264807 -0.015980613142429424 -0.0060736235864938155 0.023577470017018907 -0.0020590816571240899
leaf_weight=1342.1193267451599 17.114217773079872 64.546379901468754 21.650868577882648 118.07071188185364 34.423338139429688 3806.5592626822181 1327.8162075914443 444.23714131116867 489.50323421880603 26.825573001988232 95.148600373417139 19.69349173642695 20.7797387749888 543.34767311438918
leaf_count=7694 95 469 116 918 158 28032 7993 2606 3394 161 752 161 118 3333
internal_value=7.60707e-06 -0.000612137 -0.00819097 -0.011062 -0.0146591 -0.000378284 0.00140026 0.00630566 2.64942e-05 -0.00142632 -0.00162056 0.0136885 0.00209952 0.00183685
internal_weight=8371.84 6465.59 191.259 174.145 152.494 6274.33 2326.1 508.784 1817.32 3948.23 3901.71 46.5191 1906.25 1885.47
internal_count=56000 44855 1287 1192 1076 43568 14462 3075 11387 29106 28784 322 11145 11027
cat_boundaries=0 1 2 3 4
cat_threshold=2 33 2 2
is_linear=0
shrinkage=0.05


Tree=163
num_leaves=15
num_cat=1
split_feature=3 0 7 12 0 1 5 5 10 3 12 12 12 12
split_gain=4.25664 9.49479 9.23452 8.23806 12.1536 9.96328 8.18669 11.4613 7.72049 14.5592 6.58629 6.43665 13.8618 12.1192
threshold=9.4050000000000029 18.500000000000004 0.083350000000000021 5.7150000000000007 22.500000000000004 830.11500000000012 3.9350000000000005 3.4050000000000007 0 5.0650000000000004 45.32500000000001 17.505000000000006 15.185 11.865
decision_type=2 2 2 2 2 2 2 2 1 2 2 2 2 2
left_child=1 6 8 5 -5 -4 7 -1 -3 -10 11 12 13 -2
right_child=10 2 3 4 -6 -7 -8 -9 9 -11 -12 -13 -14 -15
leaf_value=-0.030002187602038356 -0.00040578221880347223 -0.032570904001528921 -0.00314766202920818 0.020065139028842955 -0.0044128890302202383 0.016409729886328796 -0.04024015567776771 0.022915648056170593 0.060995019666383779 -0.027236690876816672 -0.025877976634479206 0.0043967757851961055 -0.0090260018916525023 0.0058255086939204021
leaf_weight=17.882637176662683 4809.2803923101164 38.20963215874508 122.35127745103091 50.987484851852059 844.25455336272717 134.26068574003875 27.377060948871076 17.13480494171381 4.7928164852783075 8.8601467157714051 20.61564414575696 949.10016144718975 396.6200375687331 928.34359227959067
leaf_count=140 30928 1172 832 321 6084 950 293 133 162 340 154 5991 2640 5860
internal_value=7.8486e-06 -0.00265948 -0.00164717 -0.00069076 -0.00295641 0.00715625 -0.0212174 -0.00434334 -0.0216895 0.00914503 0.000484157 0.000571806 -2.18598e-05 0.000604954
internal_weight=8370.07 1266.11 1203.72 1151.85 895.242 256.612 62.3945 35.0174 51.8626 13.653 7103.96 7083.34 6134.24 5737.62
internal_count=56000 10427 9861 8187 6405 1782 566 273 1674 502 45573 45419 39428 36788
cat_boundaries=0 1
cat_threshold=2
is_linear=0
shrinkage=0.05


Tree=164
num_leaves=15
num_cat=3
split_feature=2 6 1 1 3 7 12 12 7 1 9 9 7 13
split_gain=4.12348 6.62924 5.70227 12.0034 10.872 5.32959 4.30714 9.53383 18.1664 21.3306 13.5523 9.43268 18.9883 8.35432
threshold=0 2.5000000000000004 1219.9650000000004 1045.7850000000001 15.535000000000002 0.33775000000000005 11.865 14.375000000000002 0.20845000000000002 1744.6550000000004 1 2 0.18995000000000004 8.5000000000000018
decision_type=1 2 2 2 2 2 2 2 2 2 1 1 2 2
left_child=1 -1 3 5 -5 -3 -2 8 9 -8 -10 13 -13 -9
right_child=6 2 -4 4 -6 -7 7 11 10 -11 -12 12 -14 -15
leaf_value=0.022061802031973225 -0.0016212431901134203 0.00054549164318885629 0.013731462977897582 -0.046640932149207975 -0.0044793446098899828 0.0075305649835778147 0.025558632354554862 0.0028544033746811821 0.0055124675491573429 -0.0051701772196510766 -0.01425452155852659 -0.022167884080869327 -0.00041412554471057807 -0.027441991363088083
leaf_weight=36.628059210255742 4048.9172853431664 1852.3127695657313 87.580968817695975 21.273696649819613 43.304163459688425 317.42310520540923 182.5469434550032 825.437614669092 258.29241369105875 79.909823808353394 114.53257152065635 139.14522896753624 341.26511370018125 20.411416743882
leaf_count=192 28519 11052 454 174 244 1730 1677 5603 1163 969 598 1830 1632 163
internal_value=6.48001e-06 0.00177251 0.00143201 0.000932129 -0.0198225 0.00157636 -0.000688855 0.00123177 0.0062531 0.01625 -0.000857913 -0.00118215 -0.00667523 0.00200529
internal_weight=8368.98 2358.52 2321.89 2234.31 64.5779 2169.74 6010.46 1961.54 635.282 262.457 372.825 1326.26 480.41 845.849
internal_count=56000 13846 13654 13200 418 12782 42154 13635 4407 2646 1761 9228 3462 5766
cat_boundaries=0 1 2 3
cat_threshold=1 26 14
is_linear=0
shrinkage=0.05


Tree=165
num_leaves=15
num_cat=1
split_feature=8 1 3 12 12 0 3 0 3 3 8 2 5 7
split_gain=4.12991 5.08842 5.76632 7.18441 6.66217 5.13382 4.58229 8.20113 7.59396 10.0878 8.99756 6.45983 6.36194 4.9183
threshold=3.5000000000000004 293.47000000000008 39.525000000000013 5.3150000000000004 6.785000000000001 38.500000000000007 9.1650000000000009 58.500000000000007 8.3950000000000014 7.8650000000000011 1.5000000000000002 0 2.3150000000000004 0.30715000000000003
decision_type=2 2 2 2 2 2 2 2 2 2 2 1 2 2
left_child=6 -2 3 5 -5 -3 7 8 9 -1 -10 -9 -8 -14
right_child=1 2 -4 4 -6 -7 12 11 10 -11 -12 -13 13 -15
leaf_value=-0.0043561210261025369 0.024941228246674642 0.029206014625230765 0.025463515242863818 -0.022749313022792171 0.0008570357780551248 5.5302838031174871e-05 0.010377177453691513 -0.0086793116316894858 -0.023017152498798217 0.011025927990397207 0.0034954584998413102 0.024708617097818918 -0.00073887834354353248 0.0023765623960477524
leaf_weight=839.60727715585381 27.652120859362185 31.262099228799343 24.105650072917342 32.795105263590813 179.94043582305312 27.031083941459656 149.24093412235379 17.554319654591382 97.705965551547706 119.12030898965895 45.859691016376019 32.214004535228014 5055.9712170273997 1687.0249610822648
leaf_count=7132 121 142 94 207 1005 145 739 155 940 870 321 236 35916 7977
internal_value=4.61333e-06 0.00552355 0.00347158 0.00125824 -0.00304784 0.0163529 -0.000218817 -0.00313334 -0.00404525 -0.00241649 -0.0146499 0.0161458 0.000269507 4.12816e-05
internal_weight=8367.09 322.786 295.134 271.029 212.736 58.2932 8044.3 1152.06 1102.29 958.728 143.566 49.7683 6892.24 6743
internal_count=56000 1714 1593 1499 1212 287 54286 9654 9263 8002 1261 391 44632 43893
cat_boundaries=0 1
cat_threshold=17
is_linear=0
shrinkage=0.05


Tree=166
num_leaves=15
num_cat=0
split_feature=7 0 0 5 7 7 1 7 5 12 5 12 12 6
split_gain=4.05399 3.98103 11.882 8.7298 7.60874 6.6934 9.35751 8.03155 4.6957 8.68768 9.30421 5.82074 14.4962 12.8808
threshold=0.5676500000000001 60.500000000000007 63.500000000000007 4.3550000000000013 0.29645000000000005 0.15535000000000002 1260.5050000000003 0.26305000000000006 4.2950000000000008 2.3550000000000004 4.3350000000000009 3.1750000000000003 3.2650000000000001 6.5000000000000009
decision_type=2 2 2 2 2 2 2 2 2 2 2 2 2 2
left_child=1 8 5 4 -4 6 -3 -7 11 -10 -11 13 -13 -1
right_child=-2 2 3 -5 -6 7 -8 -9 9 10 -12 12 -14 -15
leaf_value=-0.024820384449942036 0.019474530451502225 -0.027062835823505715 -0.019887712606648424 0.016829626068754062 0.0078503370828570777 0.033009410459144406 0.029211660064479374 0.0050899004177314159 0.02440336086645729 -0.013920433055595934 -0.0016818266402086196 0.03496468720695093 0.00058349163105347272 0.00045606878577974293
leaf_weight=69.305094044655561 23.656343979761004 16.344502827152613 73.957676528953016 34.479019477963448 34.448994116857648 62.312211617827415 9.0334668178111297 44.624598370864987 27.028154159896076 166.44392597209662 1877.7627289230004 27.824862504377961 5729.4721192996949 166.04235601238906
leaf_count=524 406 182 602 213 142 258 97 188 197 1324 14131 162 36509 1065
internal_value=6.65803e-06 -5.55521e-05 0.00582514 -0.00415234 -0.0110992 0.0164529 -0.00606102 0.0218155 -0.000258337 -0.00230883 -0.00269726 0.000451175 0.000767778 -0.00720606
internal_weight=8362.74 8339.08 275.2 142.886 108.407 132.315 25.378 106.937 8063.88 2071.23 2044.21 5992.64 5757.3 235.347
internal_count=56000 55594 1682 957 744 725 279 446 53912 15652 15455 38260 36671 1589
is_linear=0
shrinkage=0.05


Tree=167
num_leaves=15
num_cat=2
split_feature=9 1 0 0 3 1 1 5 13 3 12 2 12 13
split_gain=4.02254 7.41403 11.173 11.362 10.6777 10.4594 14.0624 8.31827 8.23802 8.17206 11.6463 7.71672 7.00806 5.98956
threshold=0 5447.7100000000009 48.500000000000007 26.500000000000004 9.6450000000000014 3381.5650000000005 3694.6850000000004 4.1850000000000014 1.0000000180025095e-35 33.685000000000009 18.385000000000002 1 8.2150000000000016 5.5000000000000009
decision_type=1 2 2 2 2 2 2 2 2 2 2 1 2 2
left_child=1 5 3 -3 -5 9 7 -7 -8 10 -1 -11 -4 -2
right_child=13 2 12 4 -6 6 8 -9 -10 11 -12 -13 -14 -15
leaf_value=-0.00086889746515684402 -0.00065389427695726108 -0.010837804768115517 0.0059018317407050699 -0.013195472074078713 0.026345166763390927 -0.048318157694381539 0.012324024959391422 -0.0044183812490836676 -0.0094145222584556404 0.012125016437753627 0.0086699033303294631 0.00015417141065346497 -0.038976825720655604 -0.010165112063083332
leaf_weight=2545.429613772314 4275.585866773501 32.143012876622379 16.379660354927186 17.848491826094687 124.5993444127962 28.825016267597675 57.750473543070257 17.315301839262247 152.08711291337386 300.24644242599607 362.94714080821723 247.13925529550761 14.045359591022132 169.2233596900478
leaf_count=16564 30087 223 115 167 722 242 385 147 1135 1381 2216 1252 119 1245
internal_value=7.77029e-06 0.00117397 0.0103629 0.0152353 0.0212208 0.000661623 -0.00903115 -0.0331192 -0.00334236 0.0013868 0.000329192 0.0069737 -0.0164547 -0.00102032
internal_weight=8361.57 3916.76 205.016 174.591 142.448 3711.74 255.978 46.1403 209.838 3455.76 2908.38 547.386 30.425 4444.81
internal_count=56000 24668 1346 1112 889 23322 1909 389 1520 21413 18780 2633 234 31332
cat_boundaries=0 1 2
cat_threshold=22 21
is_linear=0
shrinkage=0.05


Tree=168
num_leaves=15
num_cat=0
split_feature=8 7 3 1 0 1 3 6 0 3 1 0 7 5
split_gain=3.91956 7.53119 6.34729 11.3082 14.5896 8.66827 8.03169 8.05043 6.29273 6.1376 4.98576 4.96708 11.5389 13.3371
threshold=1.5000000000000002 0.39095000000000008 8.7750000000000004 606.93500000000006 20.500000000000004 503.29500000000002 10.525 7.5000000000000009 51.500000000000007 46.140000000000008 1663.5150000000001 36.500000000000007 0.079450000000000007 4.8450000000000006
decision_type=2 2 2 2 2 2 2 2 2 2 2 2 2 2
left_child=11 2 3 5 -5 -2 7 -4 10 -8 -3 -1 -13 -14
right_child=1 8 6 4 -6 -7 9 -9 -10 -11 -12 12 13 -15
leaf_value=-0.0023532802638088538 -0.0020543428611535623 0.021186747315930995 -0.0012550611518708284 0.027877252403410574 -0.017199856656754237 0.025873258819161901 0.00056363773167126586 0.023516918516781709 -0.013451141731062974 0.015306363056454395 0.00096556664585633895 -0.012514987138863357 0.00080732740248772017 0.024176731695103867
leaf_weight=2573.8643620121293 100.16782971285284 103.33560359291732 54.064842808991671 17.17802397813648 182.09249693527818 35.248469652608037 1901.0703918123618 79.249554809182882 19.341353049501777 70.333082407712936 43.148679934442043 156.35513089131564 2965.3837159750983 59.344578180462122
leaf_count=18262 645 746 355 115 1441 188 10904 453 154 294 279 3435 18350 379
internal_value=6.83968e-06 0.00161484 0.00090686 -0.00545886 -0.0129582 0.00561834 0.00192545 0.0136643 0.0118285 0.00111207 0.0153693 -0.000721553 0.000599676 0.00128933
internal_weight=8360.18 2605.23 2439.4 334.687 199.271 135.416 2104.72 133.314 165.826 1971.4 146.484 5754.95 3181.08 3024.73
internal_count=56000 15574 14395 2389 1556 833 12006 808 1179 11198 1025 40426 22164 18729
is_linear=0
shrinkage=0.05


Tree=169
num_leaves=15
num_cat=0
split_feature=7 5 1 8 0 12 3 5 5 5 1 1 5 1
split_gain=3.80504 4.30201 4.13103 3.94968 6.57645 9.63538 13.1618 10.3604 6.80517 9.92654 7.05166 5.71252 8.09139 10.3373
threshold=0.49365000000000009 4.6450000000000005 3518.0850000000005 1.0000000180025095e-35 36.500000000000007 8.5850000000000026 7.1550000000000011 4.7150000000000007 4.8350000000000009 4.5750000000000011 846.35500000000013 5954.5050000000001 3.2050000000000005 6393.8600000000015
decision_type=2 2 2 2 2 2 2 2 2 2 2 2 2 2
left_child=3 2 -2 4 5 6 -1 -7 9 -6 -10 -5 -13 -14
right_child=1 -3 -4 11 8 7 -8 -9 10 -11 -12 12 13 -15
leaf_value=-0.024015581301335156 0.017122102000402407 -0.017956595734222421 -0.010011346423271089 0.00035908346521120821 0.0012297127584059377 -0.0068457895829540111 0.002365941005973443 -0.034072493645908267 -0.0026697739732247446 -0.01284225400145479 0.041834982072037355 -0.011589207753503285 0.035284253069541777 0.006488133590974954
leaf_weight=48.45617452217266 80.305328859947622 10.279428500682114 14.80216938536614 5083.7348265405744 1482.1574530326761 638.37330113165081 579.24711572565138 34.269827378448099 15.445644128136335 133.87204849580303 16.969587470404804 38.500265514478087 37.660514392890036 142.23669738788158
leaf_count=543 965 106 153 31726 10434 4799 4030 332 118 1195 141 247 224 987
internal_value=8.1665e-06 0.00931556 0.0127222 -0.000114057 -0.00158006 -0.00423431 0.000224848 -0.00837807 0.000517579 4.23534e-05 0.022199 0.000701698 0.00856394 0.0129963
internal_weight=8356.31 105.387 95.1075 8250.92 2948.79 1300.35 627.703 672.643 1648.44 1616.03 32.4152 5302.13 218.397 179.897
internal_count=56000 1224 1118 54776 21592 9704 4573 5131 11888 11629 259 33184 1458 1211
is_linear=0
shrinkage=0.05


Tree=170
num_leaves=15
num_cat=2
split_feature=2 6 6 1 1 3 1 13 1 1 2 3 6 5
split_gain=3.78538 6.04139 5.53566 6.17182 6.44654 6.05945 4.23842 14.563 11.2503 12.2159 8.22941 10.7687 7.95339 11.8896
threshold=0 2.5000000000000004 14.500000000000002 1549.0550000000001 885.71500000000015 17.365000000000006 869.7650000000001 1.5000000000000002 815.6350000000001 846.35500000000013 1 17.485000000000003 6.5000000000000009 3.6050000000000004
decision_type=1 2 2 2 2 2 2 2 2 2 1 2 2 2
left_child=1 -1 3 4 -3 -4 7 12 -9 -10 11 -8 -2 -14
right_child=6 2 5 -5 -6 -7 10 8 9 -11 -12 -13 13 -15
leaf_value=0.021099878358167588 -0.012298714883542408 0.001643451068977983 0.033912349419044842 0.023659383962958119 -0.0069646245568360035 -0.00076561422991856722 -0.0076771976155222193 0.0030783228631450091 -0.035350757599655155 0.0053239348994543398 4.8599457163849623e-05 0.034129904699358109 0.0042806577585764788 -0.0080850364254430665
leaf_weight=36.509030118584633 365.37568725459278 2001.530684302561 23.993429973721504 26.690239768475294 240.99468415044248 23.376404840499163 22.616187166422606 1045.3852943852544 37.961886185221374 32.346926275640726 3635.2985926470719 39.725810343399644 309.27317139226943 513.55805293377489
leaf_count=192 2632 11804 114 124 1471 141 164 6942 310 222 26047 197 1782 3858
internal_value=7.46744e-06 0.00170167 0.0013764 0.00101111 0.000710309 0.0177729 -0.000659055 -0.00234201 0.00175868 -0.0171855 0.000388817 0.0167445 -0.00618717 -0.00343854
internal_weight=8354.64 2353.09 2316.59 2269.22 2242.53 47.3698 6001.54 2303.9 1115.69 70.3088 3697.64 62.342 1188.21 822.831
internal_count=56000 13846 13654 13399 13275 255 42154 15746 7474 532 26408 361 8272 5640
cat_boundaries=0 1 2
cat_threshold=1 32
is_linear=0
shrinkage=0.05


Tree=171
num_leaves=15
num_cat=0
split_feature=7 6 3 5 12 7 5 5 0 3 7 5 3 3
split_gain=3.76609 9.3298 7.50861 7.30599 7.59616 6.37227 6.89555 6.10155 13.2365 16.304 9.60633 7.02504 8.8643 7.61008
threshold=0.24775000000000003 15.500000000000002 15.295000000000002 4.7250000000000005 18.385000000000002 0.27555000000000007 4.7750000000000012 4.8450000000000006 39.500000000000007 22.935000000000006 0.20145000000000005 4.4450000000000012 5.245000000000001 3.8950000000000005
decision_type=2 2 2 2 2 2 2 2 2 2 2 2 2 2
left_child=1 7 -3 -2 5 -5 -7 11 10 -10 -9 13 -13 -1
right_child=3 2 -4 4 -6 6 -8 8 9 -11 -12 12 -14 -15
leaf_value=0.013266277766127672 0.0017006781979193718 0.007717534737290109 -0.0436548776532764 -0.023710398093974079 -0.033792528673359655 -0.016718629750923659 0.0059415636095750202 -0.024280830915807121 0.062268125216728767 -0.0033812546525986511 0.02227509671178117 -0.033632387819185386 -0.004622583676658183 -0.00058307518291547493
leaf_weight=98.922945418395102 3610.6612293189391 9.2338623777031916 19.50855405908078 31.883334688842297 21.773647006601095 42.985195561312139 121.37622645124793 25.30998674267903 18.974967115093023 16.086418401449919 15.348575383424757 24.6727538513951 599.3229569173418 3697.937245958019
leaf_count=1192 16064 114 192 176 129 211 514 382 218 127 79 463 6426 29713
internal_value=8.10751e-06 -0.000968094 -0.0279813 0.00116179 -0.00766489 -0.00430083 -0.000178178 -0.000776883 0.0130225 0.0342553 -0.00638303 -0.00102191 -0.00592506 -0.000212057
internal_weight=8354 4525.32 28.7424 3828.68 218.018 196.245 164.361 4496.58 75.7199 35.0614 40.6586 4420.86 623.996 3796.86
internal_count=56000 38906 306 17094 1030 901 725 38600 806 345 461 37794 6889 30905
is_linear=0
shrinkage=0.05


Tree=172
num_leaves=15
num_cat=1
split_feature=8 4 5 0 7 0 3 3 7 11 3 12 3 12
split_gain=3.7257 4.86238 8.2809 6.79627 13.0958 5.63862 5.52993 3.97934 10.7041 8.86162 13.9848 12.8011 7.0411 7.50982
threshold=3.5000000000000004 1.0000000180025095e-35 4.3850000000000007 43.500000000000007 0.22085000000000002 52.500000000000007 32.085000000000008 19.325000000000003 0.40935000000000005 0 20.565000000000001 26.880000000000006 19.185000000000006 2.6650000000000005
decision_type=2 2 2 2 2 2 2 2 2 1 2 2 2 2
left_child=7 2 3 4 -2 -5 -3 12 9 10 -9 -11 13 -1
right_child=1 6 -4 5 -6 -7 -8 8 -10 11 -12 -13 -14 -15
leaf_value=-0.017540731383305967 -0.017962467132707868 -0.013156376820617899 0.025851152732739011 0.026607197036512577 0.013590095648530873 -0.0037111936060052024 0.015231245587611082 0.021388818833221034 0.012123824848211201 -0.0006629992074130911 0.0021858331187463663 -0.019787176396989601 -0.025753978145714559 -0.00089172406860415869
leaf_weight=66.02429024130106 66.319432895630598 58.266010677441955 52.00318540353328 42.570041052997112 59.667309872806072 22.11226805485785 21.026144357398152 100.3616178072989 197.20641215052456 2731.5128432037309 1160.0604093447328 87.409278439357877 26.438822131603956 3659.1873677372932
leaf_count=584 429 356 281 197 241 118 92 607 1565 16135 6677 589 206 27923
internal_value=6.1563e-06 0.00525475 0.00874212 0.00374764 -0.00305065 0.0165375 -0.0053479 -0.000206218 0.000836158 0.000281974 0.00376204 -0.00127641 -0.00139415 -0.00120068
internal_weight=8350.17 321.964 242.672 190.669 125.987 64.6823 79.2922 8028.2 4276.55 4079.34 1260.42 2818.92 3751.65 3725.21
internal_count=56000 1714 1266 985 670 315 448 54286 25573 24008 7284 16724 28713 28507
cat_boundaries=0 1
cat_threshold=1
is_linear=0
shrinkage=0.05


Tree=173
num_leaves=15
num_cat=1
split_feature=9 1 12 5 7 12 6 13 12 12 13 12 7 3
split_gain=3.71921 4.21688 5.68798 5.78783 6.47106 4.34925 11.8754 14.4961 10.4776 10.3668 8.42646 6.17843 3.95451 7.58629
threshold=0 222.17500000000004 3.8650000000000007 2.9450000000000007 0.33255000000000007 19.425000000000004 5.5000000000000009 1.5000000000000002 15.185 15.315000000000003 3.5000000000000004 11.935 0.23845000000000002 31.435000000000006
decision_type=1 2 2 2 2 2 2 2 2 2 2 2 2 2
left_child=12 2 -2 -4 -5 8 10 -8 11 -10 -7 -3 -1 -14
right_child=1 5 3 4 -6 6 7 -9 9 -11 -12 -13 13 -15
leaf_value=-6.3025348019095327e-05 0.017659448700943745 -0.00082683623530827109 0.011504730867444052 -0.019671711308014001 0.0048265310845700933 0.0037548666030252256 -0.022493214153966337 0.0088959940457614926 -0.042097361210885309 -0.0058918620453465532 -0.023691974888874635 0.0039544568462805034 0.0026615434837671727 0.016769781055134485
leaf_weight=1068.3792254803702 17.062689444050193 4250.9321176088415 23.232323518022895 116.3224482499063 33.491135695949197 49.835498008877039 36.857250866480172 496.87931361608207 17.640399270690978 544.75992950610816 58.696480318903923 800.23997477442026 725.75858853477985 107.02502775751054
leaf_count=7403 95 29717 126 911 155 335 296 3258 162 3848 470 5482 3160 582
internal_value=6.23462e-06 -0.000567451 -0.00784563 -0.0106186 -0.0142078 -0.000343526 0.00354439 0.0066148 -0.000790012 -0.00724484 -0.011327 -6.74546e-05 0.00194194 0.00452835
internal_weight=8347.11 6445.95 190.109 173.046 149.814 6255.84 642.269 533.737 5613.57 562.4 108.532 5051.17 1901.16 832.784
internal_count=56000 44855 1287 1192 1066 43568 4359 3554 39209 4010 805 35199 11145 3742
cat_boundaries=0 1
cat_threshold=2
is_linear=0
shrinkage=0.05


Tree=174
num_leaves=15
num_cat=1
split_feature=2 12 1 1 12 0 7 12 6 5 7 5 0 6
split_gain=3.67557 7.01668 11.8485 10.208 9.18304 9.11606 8.89393 11.8365 15.7377 11.7231 9.68751 7.2109 7.11223 5.9307
threshold=0 7.205000000000001 2088.7600000000007 2501.3100000000009 2.7850000000000006 38.500000000000007 0.20975000000000002 22.665000000000003 8.5000000000000018 4.2350000000000012 0.21685000000000001 3.8750000000000004 43.500000000000007 2.5000000000000004
decision_type=1 2 2 2 2 2 2 2 2 2 2 2 2 2
left_child=1 2 11 5 -5 -4 7 9 -9 -3 -8 -1 -13 -2
right_child=13 6 3 4 -6 -7 10 8 -10 -11 -12 12 -14 -15
leaf_value=-0.042812629598593707 0.012639639925716348 -0.0088155604956029702 0.045120711357771633 -0.025512795119780347 0.0040078747485327668 0.0027046597323739166 0.027663445305555576 -0.016496724355810791 0.048709972087846554 -0.031995089063452137 -0.0025977701645412744 -0.02542811440941355 0.022843825621666154 0.0003111615129328177
leaf_weight=18.743671745061874 95.974457973614335 231.71194743923843 24.812112839892507 25.18152729794383 404.54076205100864 24.009390201419592 24.730252891778946 16.384821395389739 15.366728000342844 70.036655716132373 570.82404815778136 13.184542776085438 11.472997525706885 6797.3278607232496
leaf_count=161 603 2670 163 217 2977 163 131 212 160 1268 2772 139 76 44288
internal_value=5.13783e-06 -0.00227057 0.00234407 0.00465656 0.00211309 0.0256255 -0.00488665 -0.0113851 0.0165419 -0.0144576 -0.00120883 -0.0218061 -0.00292592 0.000487526
internal_weight=8344.3 1451 521.945 478.544 429.722 48.8215 929.054 333.5 31.7515 301.749 595.554 43.4012 24.6575 6893.3
internal_count=56000 11109 3896 3520 3194 326 7213 4310 372 3938 2903 376 215 44891
cat_boundaries=0 1
cat_threshold=4
is_linear=0
shrinkage=0.05


Tree=175
num_leaves=15
num_cat=1
split_feature=3 9 7 3 1 6 1 6 1 12 1 8 5 5
split_gain=3.65649 3.98264 6.6101 7.34221 7.27434 7.25644 6.83325 5.80653 5.76253 12.4704 11.1082 9.76605 7.0053 2.44239
threshold=53.915000000000006 0 0.034650000000000007 22.545000000000005 367.05000000000007 11.500000000000002 1180.7200000000003 5.5000000000000009 6658.8150000000014 3.9950000000000006 6156.1550000000007 2.5000000000000004 2.6450000000000005 3.9850000000000008
decision_type=2 1 2 2 2 2 2 2 2 2 2 2 2 2
left_child=1 2 5 4 -4 7 -5 -1 10 -10 12 -11 -3 -12
right_child=-2 8 3 6 -6 -7 -8 -9 9 11 13 -13 -14 -15
leaf_value=0.0085333638833052627 0.01375839951582725 0.0068909303392620906 0.0062433409240928717 0.0012437175119275133 -0.0018381538523683889 0.026706654162824046 0.0077990950396168573 -0.042106850995379148 0.03206427881552764 -0.023587466492179715 0.037596814834228984 0.015653398471934189 -0.0015485151655475096 0.0082815072150366591
leaf_weight=6.2886408600024941 45.046805053949356 259.05669426079839 324.50820922385901 1035.2459889762104 1856.7942511085421 4.3683429500088087 643.78144056443125 20.418226614128798 11.710384008474646 91.648520166985691 18.896266443654895 16.864920508116484 3994.3016109340824 13.651118066161869
leaf_count=157 196 1391 1976 5396 12928 106 3419 608 82 829 120 91 28579 122
internal_value=4.78692e-06 -7.48262e-05 0.00108896 0.00128432 -0.000628962 -0.0208369 0.00376664 -0.0305251 -0.00110267 -0.0117663 -0.000798092 -0.0172317 -0.00103 0.0270379
internal_weight=8342.58 8297.53 3891.41 3860.33 2181.3 31.0752 1679.03 26.7069 4406.13 120.224 4285.91 108.513 4253.36 32.5474
internal_count=56000 55804 24590 23719 14904 871 8815 765 31214 1002 30212 920 29970 242
cat_boundaries=0 1
cat_threshold=22
is_linear=0
shrinkage=0.05


Tree=176
num_leaves=15
num_cat=1
split_feature=2 3 12 1 3 7 3 1 12 12 3 1 12 1
split_gain=3.58087 8.05614 11.7146 6.49291 7.5541 8.35823 7.34735 5.23267 7.45403 6.3617 8.89062 9.66142 7.97332 16.5993
threshold=0 2.4050000000000007 7.9650000000000007 1549.0550000000001 3.6550000000000007 0.21415000000000003 4.3350000000000009 238.37500000000003 5.2150000000000007 3.4250000000000003 14.485000000000001 5282.7000000000016 4.285000000000001 590.74500000000012
decision_type=1 2 2 2 2 2 2 2 2 2 2 2 2 2
left_child=1 2 -1 4 5 -3 -6 8 -2 10 -9 -12 13 -11
right_child=7 3 -4 -5 6 -7 -8 9 -10 12 11 -13 -14 -15
leaf_value=0.0076523839745001225 0.012059571323180448 0.040466915820268526 -0.041713535513930151 0.014962070483524352 -0.021699094312643483 0.0036575631235695482 0.0010324228669161715 -0.023035570679087902 -0.018024980674460119 -0.022546170563752726 -0.0067657267249423645 0.028176180532125717 -0.00075736194890255702 0.012931582537896778
leaf_weight=20.749556018039584 24.273031501099467 22.282584666274488 23.180272804573178 83.847940837033093 32.926359510980546 41.278969116508961 3405.0583841810003 70.722050826996565 88.482439085841179 35.494392454624176 142.93442439194769 19.898847699165344 4094.7160712806508 234.39955115877092
leaf_count=151 140 249 214 469 279 190 20883 676 667 273 988 109 29164 1548
internal_value=6.1477e-06 0.00118417 -0.0193977 0.00145566 0.0011197 0.017804 0.00079599 -0.000902185 -0.0114039 -0.000639356 -0.00862538 -0.00206322 -0.000206384 0.00806925
internal_weight=8340.24 3629.32 43.9298 3585.39 3501.55 63.5616 3437.98 4710.92 112.755 4598.17 233.555 162.833 4364.61 269.894
internal_count=56000 22435 365 22070 21601 439 21162 33565 807 32758 1773 1097 30985 1821
cat_boundaries=0 1
cat_threshold=3
is_linear=0
shrinkage=0.05


Tree=177
num_leaves=15
num_cat=3
split_feature=7 0 0 2 3 1 2 0 3 1 12 5 3 11
split_gain=3.54361 3.66852 11.0797 6.98961 9.14712 7.44712 4.46044 8.08398 13.1573 8.12942 6.06602 11.1013 7.73368 3.54017
threshold=0.5676500000000001 60.500000000000007 61.500000000000007 0 29.325000000000003 2261.3000000000006 1 50.500000000000007 32.485000000000007 1744.6550000000004 6.495000000000001 3.4050000000000007 42.425000000000004 2
decision_type=2 2 2 1 2 2 1 2 2 2 2 2 2 1
left_child=1 6 13 4 -4 -5 7 9 -9 -1 11 -8 -12 -3
right_child=-2 2 3 5 -6 -7 10 8 -10 -11 12 -13 -14 -15
leaf_value=-0.021256702334180245 0.018482226025113593 0.034617129546932787 -0.024848049114687621 0.012592014870823641 0.017523496533684523 -0.011812321349813935 0.0039606599007207611 -0.021061096663753102 0.012185326702740565 -0.00060760956611849383 0.00076347624750477494 -0.0044888675047701056 0.0096277280020361008 0.0080641211620803652
leaf_weight=46.67519901599735 22.869423843920231 33.339628908783197 46.690118621103466 117.38459326140583 14.727066103368996 39.587455374188721 540.5597136458382 122.75594222033396 36.798321714624763 1183.7044792766683 4490.8094855174422 1363.99209112674 257.38073932006955 22.682199342176318
leaf_count=425 406 165 363 667 67 299 3006 1100 197 8951 29390 9615 1228 121
internal_value=5.48753e-06 -5.19637e-05 0.00560123 0.000400948 -0.0124173 0.00595879 -0.000246864 -0.00280882 -0.01331 -0.00144074 0.000293201 -0.00208822 0.00124975 0.0248226
internal_weight=8339.96 8317.09 274.411 218.389 61.4172 156.972 8042.68 1389.93 159.554 1230.38 6652.74 1904.55 4748.19 56.0218
internal_count=56000 55594 1682 1396 430 966 53912 10673 1297 9376 43239 12621 30618 286
cat_boundaries=0 1 2 3
cat_threshold=18 4 2
is_linear=0
shrinkage=0.05


Tree=178
num_leaves=15
num_cat=0
split_feature=8 6 3 1 12 12 7 7 1 5 5 7 12 3
split_gain=3.47565 5.4174 5.31538 4.45902 5.16944 11.054 8.44732 3.87134 6.79154 5.95083 10.7898 5.79623 15.2118 10.7192
threshold=2.5000000000000004 3.5000000000000004 21.455000000000002 6658.8150000000014 16.565000000000001 15.565000000000003 0.18385000000000004 0.027450000000000006 1260.5050000000003 4.035000000000001 3.7250000000000005 0.036650000000000009 10.035000000000002 22.545000000000005
decision_type=2 2 2 2 2 2 2 2 2 2 2 2 2 2
left_child=7 2 -2 4 5 -3 -6 8 9 10 -1 12 13 -9
right_child=1 3 -4 -5 6 -7 -8 11 -10 -11 -12 -13 -14 -15
leaf_value=-0.010778535372407441 -0.031152027193923022 0.0021742208563435253 0.0046619253500982645 0.02170574067571765 -0.0048990024957034283 -0.032596740371568574 0.018970294766804553 0.07254147227305606 -0.043084489117513655 -0.029388340233777 0.055017428732025891 -0.00038262137862999035 -0.018505733051880285 -0.0007238680864666727
leaf_weight=16.080135948024694 19.897831093519926 779.301937549375 17.671481627970934 29.42195719666779 54.569877589121461 20.548880759626627 106.08800360746682 10.920004794374114 11.543554267846046 9.8596205255016667 6.4619465386494985 7234.4450378138572 13.326938971877096 7.6925144782289854
leaf_count=300 142 4388 90 161 441 141 408 288 412 354 139 48227 363 146
internal_value=5.82205e-06 0.00272438 -0.0152072 0.0034488 0.00282372 0.00116246 0.0109215 -0.000377245 -0.0146896 -0.00177977 0.0123293 -0.00028466 0.0200317 0.0463638
internal_weight=8337.83 1027.5 37.5693 989.931 960.509 799.851 160.658 7310.33 43.9453 32.4017 22.5421 7266.38 31.9395 18.6125
internal_count=56000 5771 232 5539 5378 4529 849 50229 1205 793 439 49024 797 434
is_linear=0
shrinkage=0.05


Tree=179
num_leaves=15
num_cat=1
split_feature=7 6 3 5 5 0 11 5 12 6 0 3 5 0
split_gain=3.30199 8.67048 7.12044 6.94079 7.71156 7.59837 10.0382 6.90049 6.41808 6.53578 12.076 5.69696 5.43722 5.36673
threshold=0.24775000000000003 15.500000000000002 14.965000000000002 4.745000000000001 4.7950000000000008 38.500000000000007 0 4.8650000000000011 2.1350000000000002 14.500000000000002 29.500000000000004 42.425000000000004 3.9250000000000003 30.500000000000004
decision_type=2 2 2 2 2 2 1 2 2 2 2 2 2 2
left_child=1 8 -3 11 13 7 -7 -6 12 -10 -11 -2 -1 -5
right_child=3 2 -4 4 5 6 -8 -9 9 10 -12 -13 -14 -15
leaf_value=-0.0026070672594616499 0.0012026848818535987 0.0076350559241906285 -0.042483364146193789 -0.0019172735816786514 0.0007113119649308626 0.023690009167036855 -0.014291132415400554 -0.031183556539055596 -0.0011159359009312475 0.050259524391932514 -0.00052461444718856121 0.012166652755710716 0.033724295621881346 -0.034764934313029086
leaf_weight=16.926255019381642 3513.3303794916719 9.218069286085667 19.239623174071312 19.197994573041797 37.706387234851718 43.584496781229973 25.250554286874831 27.626129887998104 4399.8656961554661 14.699220083653925 34.389988458715379 119.67826490290463 21.791474578902125 34.320322044193745
leaf_count=136 15610 112 194 88 170 169 121 149 37915 86 283 591 180 196
internal_value=5.35045e-06 -0.000909639 -0.027069 0.00108675 -0.00821361 -0.00164924 0.00974252 -0.0135525 -0.000725782 -0.000908225 0.0167009 0.0015736 0.018796 -0.0237091
internal_weight=8336.82 4516.13 28.4577 3820.69 187.686 134.168 68.8351 65.3325 4487.67 4448.95 49.0892 3633.01 38.7177 53.5183
internal_count=56000 38906 306 17094 893 609 290 319 38600 38284 369 16201 316 284
cat_boundaries=0 1
cat_threshold=2
is_linear=0
shrinkage=0.05


Tree=180
num_leaves=15
num_cat=0
split_feature=8 1 1 1 12 0 0 0 0 6 5 7 0 12
split_gain=3.32063 4.75451 5.75368 6.61825 7.12543 4.95067 3.66052 7.05493 8.13202 6.67566 4.55435 7.87109 6.65511 3.96793
threshold=3.5000000000000004 293.47000000000008 526.99500000000012 612.18500000000006 5.3150000000000004 38.500000000000007 69.500000000000014 60.500000000000007 61.500000000000007 5.5000000000000009 4.4250000000000007 0.22375000000000003 53.500000000000007 9.7450000000000028
decision_type=2 2 2 2 2 2 2 2 2 2 2 2 2 2
left_child=6 -2 5 -4 -5 -3 7 10 -9 -10 12 -12 -1 -8
right_child=1 2 3 4 -6 -7 13 8 9 -11 11 -13 -14 -15
leaf_value=0.00063876063081403278 0.023829929068110382 0.003560485152996385 0.029262954548052247 0.020342990766866589 -0.0015846851581529479 -0.023691023814494533 -0.031551222973955538 0.024732420123251594 -0.01758728245789928 0.0073944307372458499 -0.0075268468738196358 5.1216891668630505e-05 -0.005693119040686985 0.002950496909453365
leaf_weight=5871.6726343012415 27.354141879826784 31.994334096089005 25.424155054613948 45.026701768860221 160.47424959670752 30.309728275984526 16.188872030004863 54.57633631490171 29.472137638367712 149.97837028186768 561.59486769232899 871.58838126529008 443.52788419835269 13.896641151979564
leaf_count=38538 121 159 114 220 917 183 131 279 222 922 7041 4107 2954 92
internal_value=5.10803e-06 0.00497096 0.00298816 0.00662488 0.0034434 -0.0101762 -0.000195364 -0.000126526 0.00837075 0.00306983 -0.000386312 -0.00292778 0.000191569 -0.0167922
internal_weight=8333.08 320.583 293.229 230.925 205.501 62.3041 8012.5 7982.41 234.027 179.451 7748.38 1433.18 6315.2 30.0855
internal_count=56000 1714 1593 1251 1137 342 54286 54063 1423 1144 52640 11148 41492 223
is_linear=0
shrinkage=0.05


Tree=181
num_leaves=15
num_cat=1
split_feature=9 6 1 7 3 3 1 1 7 12 6 0 5 12
split_gain=3.29741 11.1437 12.4775 10.0529 33.7222 19.5622 11.696 11.3069 10.588 8.02062 9.28486 9.0962 8.08121 14.1706
threshold=0 8.5000000000000018 4633.0550000000012 0.073250000000000023 21.745000000000001 28.945000000000004 197.49000000000004 434.42500000000001 0.17405000000000001 3.1750000000000003 6.5000000000000009 28.500000000000004 4.8450000000000006 9.2350000000000012
decision_type=1 2 2 2 2 2 2 2 2 2 2 2 2 2
left_child=1 3 -3 4 7 -6 -5 -1 -8 10 11 -2 -11 -14
right_child=9 2 -4 6 5 -7 8 -9 -10 12 -12 -13 13 -15
leaf_value=0.030116944875136348 -0.056343642258464881 -0.0084494963790783407 0.014612660486882246 -0.039162727817245169 0.097234520524136767 0.013932010413929852 -0.0085208008974307931 -0.039099553704810448 0.003574210381586037 0.00063481420465199331 -0.0018522469779010575 -0.0130173671567828 0.029599939775465451 -0.0037302750197885782
leaf_weight=5.7413603328168419 13.324732603505252 693.67073566420004 61.326844873838127 15.494925204664467 12.39114720374346 15.189355717971919 228.3066847184673 17.616444283165038 828.40589964482933 6084.0306963254698 172.73510867822915 58.996165277436376 62.354746524244547 61.11221279669553
leaf_count=114 122 5066 433 127 214 211 2627 529 4031 40010 1201 449 406 460
internal_value=5.29668e-06 -0.00183117 -0.00652579 0.00131735 0.0223799 0.0572249 0.000257057 -0.0205947 0.000944314 0.000542436 -0.00827364 -0.0229262 0.000895174 0.0134054
internal_weight=8330.7 1878.14 754.998 1123.15 50.9383 27.5805 1072.21 23.3578 1056.71 6452.55 245.056 72.3209 6207.5 123.467
internal_count=56000 13352 5499 7853 1068 425 6785 643 6658 42648 1772 571 40876 866
cat_boundaries=0 1
cat_threshold=1
is_linear=0
shrinkage=0.05


Tree=182
num_leaves=15
num_cat=3
split_feature=12 12 7 0 2 6 12 0 5 8 5 2 1 9
split_gain=3.29016 14.7586 12.6934 13.7257 10.7462 8.62045 7.44657 7.34382 7.02611 19.5432 9.73213 8.18529 7.91317 6.74638
threshold=17.505000000000006 15.185 0.13875000000000001 22.500000000000004 0 10.500000000000002 17.665000000000003 41.500000000000007 4.6950000000000012 1.0000000180025095e-35 4.5650000000000004 1 1987.1150000000002 2
decision_type=2 2 2 2 1 2 2 2 2 2 2 1 2 1
left_child=1 -1 3 -3 5 -4 -2 -6 10 -10 12 -11 -8 -12
right_child=6 2 4 -5 7 -7 8 -9 9 11 13 -13 -14 -15
leaf_value=0.00020289691141732203 0.025092119474426328 0.021660360420946833 0.0096736604738074036 -0.035971269035350195 -0.019990728272002496 -0.019844403552085943 0.0038117589868500133 -0.0013690930029085059 -0.053700242888766042 0.021854891529828158 0.00055055754702032836 -0.012552184782808774 -0.0071672933535344516 0.033978687484838066
leaf_weight=6727.9127362393774 32.349554922431707 10.146149551495908 138.88475492876023 64.060116522479802 132.27217999845743 27.060837499797344 778.38851944729686 87.764069261029363 18.155479358974844 18.886620347388089 35.234452303498983 25.951086020097136 204.84661963023245 27.648977525532246
leaf_count=45254 197 124 696 1013 760 156 4889 455 209 119 264 185 1518 161
internal_value=4.94038e-06 -0.000391352 -0.00902427 -0.0275559 -0.00527646 0.00433654 0.00249499 -0.0121374 0.00176999 -0.0140635 0.00276091 0.00434714 0.00150955 0.0213674
internal_weight=8329.56 7188.1 460.188 74.2063 385.982 165.946 1141.46 220.036 1109.11 62.9932 1046.12 44.8377 983.235 62.8834
internal_count=56000 48458 3204 1137 2067 852 7542 1215 7345 513 6832 304 6407 425
cat_boundaries=0 1 2 3
cat_threshold=50 52 14
is_linear=0
shrinkage=0.05


Tree=183
num_leaves=11
num_cat=1
split_feature=7 3 9 1 0 1 1 12 1 3
split_gain=3.27799 3.24617 3.37283 6.57085 9.94206 8.61502 5.42559 11.1063 10.6737 1.45867
threshold=0.5676500000000001 53.915000000000006 0 5447.7100000000009 48.500000000000007 3381.5650000000005 6658.8150000000014 3.9950000000000006 6156.1550000000007 14.855000000000002
decision_type=2 2 1 2 2 2 2 2 2 2
left_child=1 2 3 5 -5 -1 8 -8 -4 -2
right_child=9 -3 6 4 -6 -7 7 -9 -10 -11
leaf_value=0.0011260610581589352 0.0030206803556693225 0.01295853002820823 -0.0010036984480218409 0.014267144961018477 -0.015765820450170775 -0.0083820395516744778 0.029817862879104446 -0.016672347498789829 0.026575089944239839 0.028212022214586303
leaf_weight=3419.6357331285253 10.754369947128 44.694409446790814 4233.9743037796579 172.75875997077674 30.109714845195413 253.06837832508609 11.766354674473403 107.41745446389541 32.378918281756341 11.696318026632069
leaf_count=21181 153 195 29763 1100 232 1891 82 912 238 253
internal_value=6.53463e-06 -4.83486e-05 -0.000123397 0.000949782 0.00964487 0.000464597 -0.00107151 -0.0114632 -0.000775866 0.0179233
internal_weight=8328.25 8305.8 8261.11 3875.57 202.868 3672.7 4385.54 119.184 4266.35 22.4507
internal_count=56000 55594 55399 24404 1332 23072 30995 994 30001 406
cat_boundaries=0 1
cat_threshold=22
is_linear=0
shrinkage=0.05


Tree=184
num_leaves=15
num_cat=2
split_feature=2 6 7 6 1 3 1 13 1 1 13 9 12 5
split_gain=3.17435 5.24241 5.52116 5.25469 5.3285 5.13086 4.05377 12.8184 10.2773 11.0196 8.11266 7.84789 9.85031 8.38146
threshold=0 2.5000000000000004 0.027450000000000006 14.500000000000002 1549.0550000000001 17.365000000000006 869.7650000000001 1.5000000000000002 815.6350000000001 846.35500000000013 5.5000000000000009 1 7.9050000000000011 3.4150000000000005
decision_type=1 2 2 2 2 2 2 2 2 2 2 1 2 2
left_child=1 -1 -3 4 -4 -5 7 11 10 -10 -9 13 -13 -2
right_child=6 2 3 5 -6 -7 -8 8 9 -11 -12 12 -14 -15
leaf_value=0.019664951561453897 0.0065409793796785409 -0.025509778979230131 0.00083974869668579247 0.032341227978748242 0.022269661026945217 0.00014778456299979141 0.00042278561554090092 0.0041648599313065067 -0.033821708753214073 0.0048781403781221026 -0.011951116659268192 -0.0051526723913359503 -0.019371677802189395 -0.0057387198749790022
leaf_weight=36.359814297407866 193.68028577137738 16.114619499072433 2221.3173740953207 23.92158118635416 26.398753587156534 22.958711745217443 3683.7591306609102 959.93603789713234 37.812720025889575 32.272509236820042 82.092470268718898 323.58083743043244 195.48848965205252 471.54715607408434
leaf_count=192 1103 329 12958 112 120 135 26408 6356 310 222 586 2299 1511 3359
internal_value=7.54005e-06 0.00156075 0.00125749 0.00147854 0.00112078 0.0175322 -0.000604133 -0.00225248 0.00160096 -0.0165326 0.00286456 -0.00586596 -0.0103893 -0.00211848
internal_weight=8327.24 2347.07 2310.71 2294.6 2247.72 46.8803 5980.17 2296.41 1112.11 70.0852 1042.03 1184.3 519.069 665.227
internal_count=56000 13846 13654 13325 13078 247 42154 15746 7474 532 6942 8272 3810 4462
cat_boundaries=0 1 2
cat_threshold=1 7
is_linear=0
shrinkage=0.05


Tree=185
num_leaves=15
num_cat=3
split_feature=7 8 9 5 1 6 12 6 5 11 5 0 2 0
split_gain=3.11856 3.55646 3.47832 12.5911 11.8189 11.2372 7.5232 8.62277 7.15994 3.31008 5.07167 2.53452 3.13032 1.52599
threshold=0.50685000000000013 5.5000000000000009 0 4.745000000000001 1321.8600000000004 8.5000000000000018 3.1750000000000003 6.5000000000000009 4.8450000000000006 1 4.2750000000000012 37.500000000000007 2 44.500000000000007
decision_type=2 2 1 2 2 2 2 2 2 1 2 2 1 2
left_child=1 2 3 5 -5 -1 7 -4 -8 10 -2 -11 -13 -14
right_child=9 -3 6 4 -6 -7 8 -9 -10 11 -12 12 13 -15
leaf_value=0.0020674332468402852 0.011069266917377446 0.019590911103558685 -0.022419703379578142 -0.036160697764440641 0.0040098645884311971 -0.0060311872034699981 0.00051020798442735326 -0.0019530147894476924 0.012636397534044001 0.026496411112439635 -0.033047255960575207 0.017760138355040291 -0.024088528906011028 0.0022798572984552515
leaf_weight=1064.1487802374177 14.932524542324247 19.89787407591939 71.184450187720358 47.35102997533977 27.909308958798647 712.69460823852569 6016.8584603108466 170.18674882315099 121.25532287824899 26.856498584151268 7.3411878142505875 7.7418287489563227 8.1794343488290959 9.8513107048347575
leaf_count=7308 217 93 560 419 244 5118 39214 1177 848 340 97 116 118 131
internal_value=6.94978e-06 -8.70236e-05 -0.00014171 -0.00204118 -0.0216813 -0.00118563 0.000412999 -0.00819012 0.000755811 0.00996399 -0.00566786 0.0165286 0.00446191 -0.00773417
internal_weight=8326.39 8251.49 8231.59 1852.1 75.2603 1776.84 6379.48 241.371 6138.11 74.9028 22.2737 52.6291 25.7726 18.0307
internal_count=56000 54981 54888 13089 663 12426 41799 1737 40062 1019 314 705 365 249
cat_boundaries=0 1 2 3
cat_threshold=1 1 33
is_linear=0
shrinkage=0.05


Tree=186
num_leaves=15
num_cat=1
split_feature=8 6 5 3 0 9 7 5 3 1 0 0 7 4
split_gain=3.10152 6.55667 16.3476 8.10933 6.73752 10.705 8.09608 7.72784 5.91097 5.45438 4.68516 4.17902 10.0874 10.6827
threshold=1.5000000000000002 13.500000000000002 3.7050000000000005 14.485000000000001 53.500000000000007 0 0.34695000000000004 3.4650000000000003 32.295000000000009 2261.3000000000006 42.500000000000007 36.500000000000007 0.079450000000000007 1.0000000180025095e-35
decision_type=2 2 2 2 2 1 2 2 2 2 2 2 2 2
left_child=11 4 -3 -4 6 9 7 -2 -7 -6 -8 -1 13 -13
right_child=1 2 3 -5 5 8 10 -9 -10 -11 -12 12 -14 -15
leaf_value=-0.0021414592717002414 0.005320647631630886 -0.01571561323251363 0.046912500460405099 0.012224267185386925 0.0049242523716504401 -0.031182034496551117 0.012904784384906441 -0.0015115880153494276 0.00077066751929885842 -0.017357679491681936 -0.0013419710648424725 -0.020483180252729452 0.0012146755167674874 0.0074399562134227345
leaf_weight=2563.7260917238891 594.91773026995361 31.200357258319855 26.526937676593661 46.484602455049753 141.94531808327883 56.762531034648418 226.97163151483983 1341.8655483666807 18.911703644320369 30.890464995056391 76.332508097402751 105.88394638989121 3014.8660446265712 48.096824146341532
leaf_count=18262 3025 189 123 241 809 424 1238 8767 87 224 447 2500 18729 935
internal_value=7.23181e-06 0.00144124 0.013549 0.0261815 0.00091851 -0.00684324 0.00178758 0.000592039 -0.0208249 0.00067526 0.00934128 -0.000641774 0.00057241 -0.0117857
internal_weight=8325.38 2592.81 104.212 73.0115 2488.6 248.51 2240.09 1936.78 75.6742 172.836 303.304 5732.57 3168.85 153.981
internal_count=56000 15574 553 364 15021 1544 13477 11792 511 1033 1685 40426 22164 3435
cat_boundaries=0 1
cat_threshold=26
is_linear=0
shrinkage=0.05


Tree=187
num_leaves=15
num_cat=2
split_feature=0 0 2 3 7 1 1 1 2 5 7 7 3 3
split_gain=3.05101 9.31757 6.49967 8.69609 12.6953 6.81243 14.4947 14.0024 3.96542 6.1501 11.2326 9.56353 6.81989 13.7586
threshold=60.500000000000007 61.500000000000007 0 29.325000000000003 0.28135000000000004 2261.3000000000006 4218.0150000000003 1305.6150000000002 1 3.9350000000000005 0.11235000000000002 0.15885000000000002 27.065000000000001 29.125000000000004
decision_type=2 2 1 2 2 2 2 2 1 2 2 2 2 2
left_child=8 -2 3 4 -3 7 -7 -4 9 12 -11 -12 -1 -14
right_child=1 2 5 -5 -6 6 -8 -9 -10 10 11 -13 13 -15
leaf_value=-0.0019262929407773439 0.02277909711391678 -0.046155740642942519 0.0024518492829946614 0.017139722459104317 0.0043513095944086025 -0.039468068782169755 0.017125180565027442 0.042482545519202081 0.00058529805569716069 -0.020075572421541253 0.010015680493615427 -0.0046805343499792557 0.023806054853698761 0.0012799358251073484
leaf_weight=963.2292816080153 56.073038598522544 25.213583074510098 91.729505943134427 14.804305657744406 21.405802157707512 19.306904667057097 20.417231938801706 25.845337672159076 5497.1781603684649 102.36889237491414 122.85988616943359 924.3145611975342 80.858632709830999 355.72789693437517
leaf_count=6894 289 280 548 70 85 171 131 125 35375 2665 1598 5426 446 1897
internal_value=6.88598e-06 0.00515872 0.000394362 -0.0119701 -0.0241039 0.0057446 -0.0112205 0.0120895 -0.00017091 -0.00179555 -0.00450751 -0.00293261 0.000423613 0.00558591
internal_weight=8321.33 274.796 218.723 61.4237 46.6194 157.299 39.7241 117.575 8046.54 2549.36 1149.54 1047.17 1399.82 436.587
internal_count=56000 1699 1410 435 365 975 302 673 54301 18926 9689 7024 9237 2343
cat_boundaries=0 1 2
cat_threshold=18 12
is_linear=0
shrinkage=0.05


Tree=188
num_leaves=15
num_cat=0
split_feature=8 4 5 0 7 3 0 5 3 0 7 5 12 1
split_gain=3.0059 4.46306 7.52761 6.4867 11.6334 5.0516 4.87324 3.69858 3.44738 8.18612 10.0865 9.44313 8.36097 9.854
threshold=3.5000000000000004 1.0000000180025095e-35 4.3850000000000007 43.500000000000007 0.22085000000000002 32.085000000000008 52.500000000000007 4.1950000000000012 7.4450000000000012 52.500000000000007 0.12505000000000002 3.0250000000000004 5.6650000000000009 808.25500000000011
decision_type=2 2 2 2 2 2 2 2 2 2 2 2 2 2
left_child=8 2 3 4 -2 7 -5 -3 9 10 -1 -12 -11 -14
right_child=1 5 -4 6 -6 -7 -8 -9 -10 12 11 -13 13 -15
leaf_value=-0.023195723124539033 -0.017422029563849518 -0.0042085344393276028 0.024401183644027005 0.025211413392448034 0.012481126374374516 0.014355561940996532 -0.003055783202385226 -0.03107614488575627 0.00016191875773007754 0.036862924987891392 0.010843091939431424 -0.0057848489417448969 0.018571699307087502 -0.016348296925237468
leaf_weight=66.964088685810566 65.96264542080462 41.784794472157955 51.926899634301662 42.312909746542573 58.690185029059649 20.804131124168634 22.084209317341447 16.258817605674267 7202.5967197027057 19.724332536570728 98.580556936562061 536.81369487941265 39.777330600656569 35.321194722317159
leaf_count=1876 429 228 281 197 241 92 118 128 47520 160 471 3669 269 321
internal_value=6.90725e-06 0.00473718 0.00809309 0.0033025 -0.00338031 -0.00543994 0.015813 -0.0128919 -0.00018391 -0.0032974 -0.0051664 -0.00316621 0.0102803 0.00215064
internal_weight=8319.6 319.825 240.977 189.05 124.653 78.8477 64.3971 58.0436 7999.78 797.181 702.358 635.394 94.8229 75.0985
internal_count=56000 1714 1266 985 670 448 315 356 54286 6766 6016 4140 750 590
is_linear=0
shrinkage=0.05


Tree=189
num_leaves=15
num_cat=1
split_feature=7 8 6 7 6 7 3 7 5 1 13 7 0 2
split_gain=2.9689 2.98258 6.96513 9.44962 7.52563 7.05078 23.7207 6.41684 6.32045 4.61711 7.35642 13.4674 9.29793 5.66083
threshold=0.5676500000000001 1.0000000180025095e-35 6.5000000000000009 0.050850000000000006 14.500000000000002 0.074450000000000002 18.085000000000004 0.030050000000000004 4.6350000000000007 5954.5050000000001 1.0000000180025095e-35 0.20975000000000002 26.500000000000004 0
decision_type=2 2 2 2 2 2 2 2 2 2 2 2 2 1
left_child=1 2 5 7 -5 6 -1 -4 -7 13 11 -11 -12 -3
right_child=-2 9 3 4 -6 8 -8 -9 -10 10 12 -13 -14 -15
leaf_value=-0.035478321356325872 0.017231925716840523 0.0016872720240643853 0.0043423837696756392 0.0012207635799768117 -0.019766261925776817 -0.0047107732191725921 0.036050568225920655 -0.038733681530787135 -0.02071782917979614 -0.041153048535967324 -0.014990423835956302 0.0093809181018519906 0.017621594815810476 -0.0017154215471502589
leaf_weight=14.384646838996558 21.941789815202355 3108.5298388851807 12.219270608387886 1977.9532288433984 40.660600686445832 806.19293633662164 32.682752170599997 22.57894105091691 64.242110763676465 17.036342414095998 23.349158870056272 36.189205970615149 142.69722424913198 1996.597165513318
leaf_count=541 406 18627 430 13552 344 5342 492 684 529 227 177 151 919 13579
internal_value=7.21442e-06 -4.45596e-05 -0.00131303 0.000306646 0.00076932 -0.00492712 0.0133741 -0.0244636 -0.00595927 0.000663564 0.00771805 -0.00812666 0.0128511 0.00035621
internal_weight=8317.26 8295.31 2970.91 2053.41 2018.61 917.502 47.0674 34.7982 870.435 5324.4 219.272 53.2255 166.046 5105.13
internal_count=56000 55594 21914 15010 13896 6904 1033 1114 5871 33680 1474 378 1096 32206
cat_boundaries=0 1
cat_threshold=19
is_linear=0
shrinkage=0.05


Tree=190
num_leaves=15
num_cat=2
split_feature=12 12 7 0 2 6 12 6 7 3 7 7 9 5
split_gain=2.94737 13.4394 11.7191 12.8675 9.62985 7.7616 6.96153 19.2493 10.6638 13.6809 10.9383 15.4794 9.89372 9.01685
threshold=17.505000000000006 15.185 0.13875000000000001 22.500000000000004 0 10.500000000000002 23.905000000000005 9.5000000000000018 0.063850000000000004 32.295000000000009 0.18265000000000003 0.22525000000000003 1 4.0250000000000012
decision_type=2 2 2 2 1 2 2 2 2 2 2 2 1 2
left_child=1 -1 3 -3 5 -4 8 12 9 -2 -10 -12 -8 -14
right_child=6 2 4 -5 -6 -7 7 -9 10 -11 11 -13 13 -15
leaf_value=0.0001964466117229012 0.051084027720376804 0.020776057975686921 0.0091414503541804911 -0.034994276024541304 -0.011540406920381064 -0.018855908429957786 0.0049748586144060837 0.013078977809687012 -0.0061134191101608563 -0.025987402748776357 0.02328973481775205 0.0029104694875191905 -0.0070299956883117399 -0.028260810093380287
leaf_weight=6717.7406148184091 21.637603027746085 10.222917867824433 138.53879351820797 62.461949493736029 220.07129499875009 27.104407787322998 80.813256251625717 129.35419964417815 189.89659319538623 5.4720294000580898 120.49752747453749 384.06697779335082 123.39363703131676 84.417809267528355
leaf_count=45254 454 124 696 1013 1215 156 493 797 1896 71 580 1697 819 735
internal_value=4.96901e-06 -0.000370423 -0.00862504 -0.0266377 -0.0050513 0.00406522 0.00236371 -0.00275852 0.00532996 0.034488 0.00404827 0.00788623 -0.00991801 -0.0152123
internal_weight=8315.69 7176.14 458.399 72.6849 385.714 165.643 1139.55 417.979 721.571 27.1096 694.461 504.565 288.625 207.811
internal_count=56000 48458 3204 1137 2067 852 7542 2844 4698 525 4173 2277 2047 1554
cat_boundaries=0 1 2
cat_threshold=50 20
is_linear=0
shrinkage=0.05


Tree=191
num_leaves=13
num_cat=3
split_feature=3 5 3 9 12 9 13 2 13 7 5 12
split_gain=2.97354 2.9318 6.10998 6.3106 6.18439 3.47263 6.86056 9.4246 6.34103 6.53964 6.00787 5.15959
threshold=53.915000000000006 2.3150000000000004 10.265000000000002 0 7.1050000000000013 1 6.5000000000000009 2 5.5000000000000009 0.17645000000000002 3.6650000000000005 29.510000000000002
decision_type=2 2 2 1 2 1 2 1 2 2 2 2
left_child=1 2 -1 4 -4 6 10 -8 11 -10 -3 -7
right_child=-2 5 3 -5 -6 8 7 -9 9 -11 -12 -13
leaf_value=-0.015024374334900677 0.012474541317152586 0.003099202436828815 -6.9668819101426996e-05 -0.0092406278654467676 0.023596560658678177 -0.00061232446710472233 0.023586175098787285 -0.0069952675727530129 -0.026420628321850645 -0.0043357172172750853 -0.0010377385589017093 -0.017709222264103111
leaf_weight=25.803941920399666 44.527659572660923 1420.2840992640704 41.547596804797649 28.607982750982046 79.151396200060844 4089.1327832192183 59.37184919603169 35.591296675615013 44.71651847101748 117.99771237559617 2286.4400164801627 41.616349867545068
leaf_count=175 196 8050 226 166 344 29162 295 245 642 581 15588 330
internal_value=3.86553e-06 -6.77765e-05 0.00627778 0.0101827 0.0144757 -0.000207316 0.000891887 0.0139549 -0.00117989 -0.0107734 0.000548614 -0.000797299
internal_weight=8314.79 8270.26 175.111 149.307 120.699 8095.15 3801.69 94.9631 4293.46 162.714 3706.72 4130.75
internal_count=56000 55804 911 736 570 54893 24178 540 30715 1223 23638 29492
cat_boundaries=0 1 2 3
cat_threshold=11 22 13
is_linear=0
shrinkage=0.05


Tree=192
num_leaves=15
num_cat=0
split_feature=7 3 12 5 5 1 12 12 13 6 12 12 5 5
split_gain=2.84037 5.58495 7.11961 4.47094 3.93223 3.51949 3.49288 13.8375 13.1405 7.43705 11.6552 10.4118 11.2455 9.54523
threshold=0.45485000000000003 19.565000000000001 5.1150000000000011 4.455000000000001 4.6450000000000005 815.6350000000001 17.505000000000006 17.005000000000006 2.5000000000000004 11.500000000000002 23.905000000000005 21.545000000000005 3.6050000000000004 4.6850000000000014
decision_type=2 2 2 2 2 2 2 2 2 2 2 2 2 2
left_child=6 2 -2 5 -3 -4 7 -1 -9 10 -8 -11 -13 -12
right_child=1 4 3 -5 -6 -7 9 8 -10 11 13 12 -14 -15
leaf_value=-0.0003308987336320769 0.020330260766256207 0.019101580189962226 0.010129228031966473 -0.023292316987794527 -0.011557993040684229 -0.0092315738487697748 0.0050041121219564239 -0.0012748741357256985 -0.042387671650377295 -0.003260876109594624 -0.0042111130238487249 -0.0033214627466428819 0.037755197154098974 -0.038876788493943729
leaf_weight=6898.1390053667128 28.942219890654087 76.226094293873757 39.070043141953647 26.099777152761817 10.014362337067721 50.120768134482205 631.22166558820754 39.815861004404724 35.33161371294409 53.048327136784792 331.9547492293641 23.350464873015881 51.456897217780352 18.221156866289675
leaf_count=46097 197 837 346 190 84 390 4051 262 319 378 2246 141 290 172
internal_value=3.75538e-06 0.00544073 -0.000629335 -0.00627313 0.0152725 -0.000696938 -0.000153241 -0.00056806 -0.0214898 0.00244901 0.000953043 0.0136467 0.0252998 -0.00632983
internal_weight=8313.01 230.473 144.233 115.291 86.2405 89.1908 8082.54 6973.29 75.1475 1109.25 981.398 127.856 74.8074 350.176
internal_count=56000 2044 1123 926 921 736 53956 46678 581 7278 6469 809 431 2418
is_linear=0
shrinkage=0.05


Tree=193
num_leaves=13
num_cat=2
split_feature=3 4 0 2 0 0 5 0 11 12 12 1
split_gain=2.7652 6.08445 2.95227 5.59895 5.48092 6.45857 8.25813 3.88541 4.90019 3.90319 3.37018 0.00126876
threshold=51.295000000000009 1.0000000180025095e-35 68.500000000000014 0 60.500000000000007 61.500000000000007 4.3450000000000006 59.500000000000007 1 26.125000000000004 7.3050000000000006 1035.8950000000002
decision_type=2 2 2 1 2 2 2 2 1 2 2 2
left_child=2 11 4 -4 7 10 -7 9 -9 -1 -6 -2
right_child=1 -3 3 -5 5 6 -8 8 -10 -11 -12 -13
leaf_value=5.6147725882008116e-05 0.014450760081599644 -0.0060669954152791613 -0.027481621043271884 0.0042855583708639273 0.035604553132742751 -0.0038278418383508673 0.0206573236892389 0.0070341490459539776 -0.026107814629348372 -0.0059302888691655916 0.010120945496477312 0.023518766338973054
leaf_weight=7631.2899848804809 25.471575299277902 37.946275532245636 14.406152050942181 27.62282263673842 22.963863639160991 128.57743071578443 43.706256411969662 15.693957599811256 28.265738623216748 279.35755667649209 32.950232736766338 23.403099808841944
leaf_count=51618 109 190 122 176 109 846 256 99 223 1979 179 94
internal_value=2.85788e-06 0.00872829 -9.23963e-05 -0.01286 -2.21294e-05 0.0075669 0.00263098 -0.00024261 -0.0145824 -0.000157426 0.0218671 0.0199019
internal_weight=8311.65 86.821 8224.83 42.029 8182.81 228.198 172.284 7954.61 43.9597 7910.65 55.9141 48.8747
internal_count=56000 393 55607 298 55309 1390 1102 53919 322 53597 288 203
cat_boundaries=0 1 2
cat_threshold=50 1
is_linear=0
shrinkage=0.05


Tree=194
num_leaves=15
num_cat=2
split_feature=1 1 13 7 6 7 9 12 12 11 7 0 7 12
split_gain=2.74754 7.59033 12.943 14.8289 10.7059 10.5019 9.91654 7.50224 9.11933 12.5103 8.06543 7.80044 8.11292 7.85428
threshold=2501.3100000000009 1828.3500000000001 1.0000000180025095e-35 0.15285000000000001 8.5000000000000018 0.28315000000000007 0 2.7850000000000006 5.5650000000000004 1 0.28865000000000007 24.500000000000004 0.32175000000000004 6.1150000000000011
decision_type=2 2 2 2 2 2 1 2 2 1 2 2 2 2
left_child=1 -1 3 -3 6 -6 -4 -2 9 -9 -11 12 -10 -13
right_child=7 2 4 -5 5 -7 -8 8 11 10 -12 13 -14 -15
leaf_value=-7.5831180243489364e-05 -0.026001990241019419 0.048516457265021726 0.015327752940346447 0.0098920556780775597 -0.018591246920080389 0.0070291365443001649 -0.0049264693827125519 -0.02874685435062372 -0.0081443759382651207 0.016076139405676648 -0.0026582797080839065 -0.020430567463912128 -0.039006960239362294 -0.00086676935875962908
leaf_weight=6384.0470946356654 28.897761252708733 29.923607813194394 149.581538092345 111.18635338917375 97.065607448108494 64.518959809094667 91.940239582210779 20.073351862840354 98.271430971566588 167.17188466526568 85.582619916647673 51.403456154279411 25.113550940528512 906.60188648011535
leaf_count=41717 255 368 919 553 896 278 726 172 899 1392 391 439 154 6841
internal_value=2.16857e-06 0.000408557 0.00606004 0.0189222 0.00145105 -0.00841965 0.00807709 -0.00202998 -0.0014621 0.00665975 0.0097759 -0.00352394 -0.0152029 -0.001977
internal_weight=8311.38 6928.26 544.216 141.11 403.106 161.585 241.522 1383.12 1354.22 272.828 252.755 1081.39 123.385 958.005
internal_count=56000 45457 3740 921 2819 1174 1645 10543 10288 1955 1783 8333 1053 7280
cat_boundaries=0 1 2
cat_threshold=19 4
is_linear=0
shrinkage=0.05


Tree=195
num_leaves=14
num_cat=1
split_feature=8 3 7 11 12 3 0 3 7 6 5 12 1
split_gain=2.74368 3.00677 9.37613 8.80033 9.80443 9.80404 5.93795 5.52949 9.71885 5.41419 7.05556 5.51154 2.1301
threshold=5.5000000000000009 19.325000000000003 0.40935000000000005 0 26.880000000000006 20.565000000000001 53.500000000000007 19.185000000000006 0.28315000000000007 13.500000000000002 3.7050000000000005 3.0950000000000002 381.25500000000005
decision_type=2 2 2 1 2 2 2 2 2 2 2 2 2
left_child=1 7 3 5 -5 -3 12 9 -9 11 -11 -1 -4
right_child=-2 2 6 4 -6 -7 -8 8 -10 10 -12 -13 -14
leaf_value=-0.011483812136710307 0.017315019062638142 0.018324146980937896 0.026351854681453069 -0.00064828687578093636 -0.016923391455695564 0.002460943968173787 -0.015590988420733976 -0.047810698820740294 0.0075151685502052139 -0.0060422701882003049 0.016158732129482944 -0.00090798068709611011 0.011292318548220551
leaf_weight=124.62751428224146 19.819934571161866 103.20474262349308 28.253798917867243 2820.4858415462077 92.689307181164622 1196.9416033718735 16.163752713240683 13.833456082269551 13.687098201364277 53.663196527399123 97.225739009212703 3578.3843313213438 153.18288668757305
leaf_count=1076 95 630 234 16632 613 6868 153 156 56 387 644 27229 1227
internal_value=1.58115e-06 -4.60475e-05 0.000846813 0.000343732 -0.00118299 0.00375944 0.0114082 -0.00106058 -0.0222608 -0.000891994 0.00829914 -0.00127293 0.0140279
internal_weight=8312.16 8292.34 4410.92 4213.32 2913.18 1300.15 197.6 3881.42 27.5206 3853.9 150.889 3703.01 181.437
internal_count=56000 55905 26357 24743 17245 7498 1614 29548 212 29336 1031 28305 1461
cat_boundaries=0 1
cat_threshold=1
is_linear=0
shrinkage=0.05


Tree=196
num_leaves=15
num_cat=0
split_feature=12 12 7 5 7 7 1 7 6 3 12 1 12 6
split_gain=2.80501 7.64328 5.56304 6.67319 5.47723 8.50376 7.1921 3.44106 8.7419 7.75452 6.14631 13.0138 9.72482 5.22469
threshold=2.1350000000000002 2.6650000000000005 0.29075000000000006 3.6550000000000007 0.16475000000000004 0.12975000000000003 758.50000000000011 0.25805000000000006 15.500000000000002 14.965000000000002 4.5750000000000011 412.59000000000009 4.745000000000001 14.500000000000002
decision_type=2 2 2 2 2 2 2 2 2 2 2 2 2 2
left_child=2 4 3 -1 5 -2 -6 8 13 -10 11 -9 -12 -3
right_child=1 7 -4 -5 6 -7 -8 10 9 -11 12 -13 -14 -15
leaf_value=-0.0085220877783620998 -0.017455484614882652 -0.00080066842107471095 -0.01187266090060091 0.029956933859068849 -0.002102229989629196 0.035761666941609149 -0.035348458638005696 -0.01418346591910408 0.0069915273608278268 -0.043436106719966582 -0.023307459785906825 0.010888503225391992 0.00084807692567652113 0.014781228084959398
leaf_weight=14.603934122249482 15.150487065315248 4621.1996841565706 18.77631373051554 33.992614309303463 28.118030153214931 9.8740447461605054 36.946988005191088 58.363623609766364 10.496328299865128 19.154719932936132 39.251406770199537 337.63084048312157 3014.6301197214052 51.435272018425167
leaf_count=105 240 38687 94 249 144 77 235 297 117 195 205 1423 13555 377
internal_value=1.55734e-06 -8.32812e-05 0.00994162 0.0185703 -0.0143293 0.00512307 -0.0217069 7.93651e-05 -0.000800331 -0.0265828 0.00127807 0.00711441 0.000515038 -0.000619773
internal_weight=8309.62 8242.25 67.3729 48.5965 90.0895 25.0245 65.065 8152.16 4702.29 29.651 3449.88 395.994 3053.88 4672.63
internal_count=56000 55552 448 354 696 317 379 54856 39376 312 15480 1720 13760 39064
is_linear=0
shrinkage=0.05


Tree=197
num_leaves=15
num_cat=2
split_feature=12 12 7 0 2 6 0 6 2 1 13 7 8 6
split_gain=2.78549 11.6854 10.861 12.0422 8.72266 7.06405 6.60782 6.56299 10.0036 13.7421 11.1003 7.3288 12.8795 8.88688
threshold=17.505000000000006 15.185 0.13875000000000001 22.500000000000004 0 10.500000000000002 41.500000000000007 5.5000000000000009 1 455.85000000000008 3.5000000000000004 0.063850000000000004 1.0000000180025095e-35 7.5000000000000009
decision_type=2 2 2 2 1 2 2 2 1 2 2 2 2 2
left_child=1 -1 3 -3 5 -4 -6 8 -2 -10 -11 12 -9 -14
right_child=7 2 4 -5 6 -7 -8 11 9 10 -12 -13 13 -15
leaf_value=0.00016345843055147122 -0.019597178980746637 0.01999951274002364 0.0088659292840532391 -0.033924136242324564 -0.018249956847588879 -0.017845832833879721 -0.0006158431359177003 -0.019505691054779829 -0.023470663030875295 0.02765734906744214 -0.0043411701388759065 0.0031514167551390578 0.076136550823292085 0.015839573573359546
leaf_weight=6712.3854717700742 67.473627121653408 10.296816022135316 138.24555321130902 60.83626916911453 132.45964481495321 27.118885409086943 87.755181673914194 9.6862268429249507 34.380268504843116 51.237366971559823 52.770422617904842 896.80020256247371 9.0027139289304632 16.776107497513294
leaf_count=45254 531 124 696 1013 760 156 455 266 243 287 351 5446 121 297
internal_value=4.35377e-07 -0.000364638 -0.00807659 -0.025625 -0.00466635 0.00400739 -0.0108399 0.00229496 -0.0057284 0.00251416 0.0117557 0.00407936 0.0254682 0.0426387
internal_weight=8307.22 7169.1 456.712 71.1331 385.579 165.364 220.215 1138.13 205.862 138.388 104.008 932.265 35.465 25.7788
internal_count=56000 48458 3204 1137 2067 852 1215 7542 1412 881 638 6130 684 418
cat_boundaries=0 1 2
cat_threshold=50 6
is_linear=0
shrinkage=0.05


Tree=198
num_leaves=15
num_cat=3
split_feature=2 6 1 1 3 7 12 12 7 1 9 9 7 13
split_gain=2.71765 4.7804 4.6034 10.5369 11.776 4.33417 4.20421 7.96438 17.8083 18.0114 12.3116 8.18627 15.545 7.51813
threshold=0 2.5000000000000004 1219.9650000000004 1035.8950000000002 24.745000000000001 0.33775000000000005 11.865 14.375000000000002 0.20845000000000002 1663.5150000000001 1 2 0.18995000000000004 8.5000000000000018
decision_type=1 2 2 2 2 2 2 2 2 2 1 1 2 2
left_child=1 -1 3 5 -5 -3 -2 8 9 -8 -10 13 -13 -9
right_child=6 2 -4 4 -6 -7 7 11 10 -11 -12 12 -14 -15
leaf_value=0.018753605771898905 -0.0014912394162330718 0.00040640348619414468 0.012253451278527699 -0.033694933908528221 0.0067972775418852875 0.0067675704661537273 0.024654341440287445 0.0029001304522829358 0.0049799859820402895 -0.0032939333482711348 -0.01391695024020791 -0.020375347538013188 -0.00042719900238769542 -0.025979304887269624
leaf_weight=36.232485519722104 4020.4650142788887 1837.8699670908973 86.699467858299613 42.442115277983248 28.255414690822363 310.5387921333313 178.78794457111508 817.96157017024234 256.15901026222855 83.47091456502676 113.96826862823218 134.18062221305445 339.47561934404075 20.188781091012061
leaf_count=192 28519 11022 454 315 139 1724 1629 5603 1163 1017 598 1830 1632 163
internal_value=-7.54264e-07 0.00143785 0.00114797 0.000698128 -0.0178936 0.00133402 -0.000567523 0.0013391 0.00593408 0.0158224 -0.00114332 -0.000884496 -0.00604412 0.00208949
internal_weight=8306.7 2342.04 2305.81 2219.11 70.6975 2148.41 5964.66 1944.19 632.386 262.259 370.127 1311.81 473.656 838.15
internal_count=56000 13846 13654 13200 454 12746 42154 13635 4407 2646 1761 9228 3462 5766
cat_boundaries=0 1 2 3
cat_threshold=1 26 14
is_linear=0
shrinkage=0.05


Tree=199
num_leaves=15
num_cat=2
split_feature=8 3 6 6 0 0 7 1 13 6 2 13 7 10
split_gain=2.72111 5.08957 8.18992 6.98018 6.15104 6.23653 6.09368 5.86514 4.04641 11.436 10.5505 19.8996 16.4538 7.09069
threshold=2.5000000000000004 30.155000000000005 9.5000000000000018 3.5000000000000004 60.500000000000007 56.500000000000007 0.17515000000000003 512.21500000000015 3.5000000000000004 5.5000000000000009 0 5.5000000000000009 0.20415000000000003 1
decision_type=2 2 2 2 2 2 2 2 2 2 1 2 2 1
left_child=8 3 7 -2 5 -5 -4 -3 -1 13 11 -11 -12 -10
right_child=1 2 6 4 -6 -7 -8 -9 9 10 12 -13 -14 -15
leaf_value=-0.0008235878241657224 -0.022058710045862906 -0.0024007165667557281 -0.02715186575603501 0.001393091007583498 0.022877309257272889 -0.024342075904895219 0.0064566852256942552 0.019061188920454997 -0.0021935793201653905 0.018515352150352642 -0.011711485619696371 -0.0078929663251590294 0.0069640252119785601 -0.023504478976145646
leaf_weight=6238.8774796463549 29.811226991936564 40.719649029895663 21.035079104825854 717.44824149180204 29.213227443397045 21.337906242348254 28.690939985215664 133.3324605692178 127.53931967867538 266.53021927922964 183.24906541733071 95.068535532802343 318.57379824481905 53.708925851620734
leaf_count=43057 199 208 143 4197 144 145 136 599 885 1694 2021 667 1444 461
internal_value=-1.84054e-06 0.00241084 0.00902081 0.000529955 0.00148919 0.000554358 -0.00849635 0.0140846 -0.000341095 0.00253451 0.00493361 0.0112558 0.000113038 -0.00878848
internal_weight=8305.14 1021.59 223.778 797.811 767.999 738.786 49.726 174.052 7283.55 1044.67 863.422 361.599 501.823 181.248
internal_count=56000 5771 1086 4685 4486 4342 279 807 50229 7172 5826 2361 3465 1346
cat_boundaries=0 1 2
cat_threshold=42 2
is_linear=0
shrinkage=0.05


Tree=200
num_leaves=15
num_cat=3
split_feature=7 3 1 7 7 9 11 6 9 7 3 12 5 0
split_gain=2.64597 2.70571 4.43679 6.32654 5.71943 5.40524 4.00251 3.91534 2.9361 9.10615 18.6964 9.17999 7.10392 13.141
threshold=0.5676500000000001 46.140000000000008 751.22000000000014 0.21685000000000001 0.14465000000000003 0 1 6.5000000000000009 2 0.073250000000000023 21.745000000000001 4.8550000000000013 4.8450000000000006 38.500000000000007
decision_type=2 2 2 2 2 1 1 2 1 2 2 2 2 2
left_child=1 8 5 4 -4 -3 -5 -7 9 10 -1 -11 -10 -14
right_child=-2 2 3 6 -6 7 -8 -9 12 11 -12 -13 13 -15
leaf_value=-0.0095728070881834996 0.016442714752238251 -0.0060636846142599508 0.0017391509526959272 -0.0011770615138205342 -0.025592646295966155 0.034018998380236622 0.0251611055951265 0.010827852223819961 6.3210430380469313e-05 0.0057422162234309557 0.037837033879563879 -0.0043191247910848432 -0.0047025757218866447 0.027335921191448804
leaf_weight=39.607413285411894 21.387376566883177 30.070001125335693 41.551964858546853 30.057209307327867 31.935786791145802 27.576302353292704 24.289227064698935 56.650960959494114 6115.7270786692388 265.74438394606113 38.647843269631267 1455.7077977126464 60.152704273350537 63.612312709912658
leaf_count=1105 406 157 263 139 155 110 95 264 40577 1665 654 9527 472 411
internal_value=-2.58852e-06 -5.09992e-05 0.0051238 -0.00129095 -0.0106764 0.0121478 0.0112948 0.0173415 -0.000208711 -0.00198002 0.0143739 -0.00275865 0.000305589 0.0120217
internal_weight=8302.72 8281.33 242.131 127.834 73.4878 114.297 54.3464 84.2273 8039.2 1799.71 78.2553 1721.45 6239.49 123.765
internal_count=56000 55594 1183 652 418 531 234 374 54411 12951 1759 11192 41460 883
cat_boundaries=0 1 2 3
cat_threshold=8 2 1
is_linear=0
shrinkage=0.05


Tree=201
num_leaves=15
num_cat=1
split_feature=8 1 1 1 12 3 0 0 0 6 5 11 0 1
split_gain=2.5783 4.51338 5.20328 5.91786 6.45285 4.61146 3.2616 5.43331 6.14087 5.78324 3.89981 7.62624 5.71104 3.85425
threshold=3.5000000000000004 293.47000000000008 526.99500000000012 612.18500000000006 5.3150000000000004 17.035000000000004 69.500000000000014 60.500000000000007 61.500000000000007 5.5000000000000009 4.4250000000000007 0 53.500000000000007 985.6350000000001
decision_type=2 2 2 2 2 2 2 2 2 2 2 1 2 2
left_child=6 -2 5 -4 -5 -3 7 10 13 -10 12 -12 -1 -9
right_child=1 2 3 4 -6 -7 -8 8 9 -11 11 -13 -14 -15
leaf_value=0.00060936331399682889 0.022865800081696024 -0.025438712925043142 0.027435285815541929 0.019089503462396656 -0.0018620718754600498 0.0013511054595394085 -0.015895201353433766 0.0074567860961611823 -0.016542228673005418 0.0067728270003299951 -0.013871262375280059 -0.001500839113545918 -0.0052634749891134654 0.034420570375704271
leaf_weight=5852.9083631807007 27.017572979442775 24.891709592193365 25.186650594696403 44.596081249415874 159.39040112029761 37.208856930956244 29.870658674277365 28.114323390647769 29.284904142841697 149.29957530926913 135.03876813640818 1290.9121456206776 442.45382633153349 26.272799948230386
leaf_count=38538 121 157 114 220 917 185 223 150 222 922 1112 10036 2954 129
internal_value=-9.3342e-07 0.00439067 0.00246134 0.00594174 0.00292871 -0.0100645 -0.00017759 -0.000112595 0.0073612 0.00273941 -0.00034087 -0.00269899 0.000194295 0.0216007
internal_weight=8302.45 318.291 291.274 229.173 203.986 62.1006 7984.16 7954.28 232.972 178.584 7721.31 1425.95 6295.36 54.3871
internal_count=56000 1714 1593 1251 1137 342 54286 54063 1423 1144 52640 11148 41492 279
cat_boundaries=0 1
cat_threshold=4
is_linear=0
shrinkage=0.05


Tree=202
num_leaves=15
num_cat=2
split_feature=2 6 6 0 1 1 1 13 1 1 12 3 2 3
split_gain=2.56387 4.40206 4.42994 4.76924 4.52823 5.5184 4.11681 11.3062 9.36163 10.1051 7.7399 7.39935 7.36638 9.67016
threshold=0 2.5000000000000004 14.500000000000002 33.500000000000007 1549.0550000000001 885.71500000000015 869.7650000000001 1.5000000000000002 815.6350000000001 846.35500000000013 18.005000000000006 17.365000000000006 1 17.485000000000003
decision_type=1 2 2 2 2 2 2 2 2 2 2 2 1 2
left_child=1 -1 4 -4 5 -3 7 10 11 -10 -2 -9 13 -8
right_child=6 2 3 -5 -6 -7 12 8 9 -11 -12 -13 -14 -15
leaf_value=0.018022135773156724 -0.0050128290706776242 0.0014003901658435594 0.033339885884741287 0.002007450344407761 0.020294238660624419 -0.0065873778313232517 -0.0071819642398508327 -0.0026101075772868351 -0.032541708776118644 0.004601219848872868 -0.033584031971096884 0.006005293445289786 0.00016148440953584327 0.032503309174242045
leaf_weight=36.197278982028365 1159.5772020034492 1990.0516827590764 18.903170641511679 28.190990278497338 26.380191419273615 239.55222447216511 22.549085163511336 408.72773043252528 37.59956506639719 32.158808200620115 21.317513494752347 630.19585383217782 3610.810715845786 39.587935291230679
leaf_count=192 8092 11804 89 166 124 1471 164 3215 310 222 180 3727 26047 197
internal_value=-1.53004e-07 0.00139813 0.00111981 0.0158275 0.000792177 0.000534473 -0.000550591 -0.00221411 0.0014109 -0.015935 -0.00561239 0.00261811 0.000485846 0.0159809
internal_weight=8301.8 2339.28 2303.08 47.0942 2255.98 2229.6 5962.52 2289.58 1108.68 69.7584 1180.89 1038.92 3672.95 62.137
internal_count=56000 13846 13654 255 13399 13275 42154 15746 7474 532 8272 6942 26408 361
cat_boundaries=0 1 2
cat_threshold=1 32
is_linear=0
shrinkage=0.05


Tree=203
num_leaves=15
num_cat=3
split_feature=12 12 7 0 1 9 7 12 5 8 5 2 1 9
split_gain=2.52182 10.7865 9.95728 11.2463 8.29165 9.32967 8.29046 6.5132 6.05354 17.7336 9.42745 7.69045 6.81986 6.40729
threshold=17.505000000000006 15.185 0.13875000000000001 22.500000000000004 390.14500000000004 0 0.24455000000000002 17.665000000000003 4.6950000000000012 1.0000000180025095e-35 4.5650000000000004 1 1987.1150000000002 2
decision_type=2 2 2 2 2 1 2 2 2 2 2 1 2 1
left_child=1 -1 3 -3 6 -6 -4 -2 10 -10 12 -11 -9 -12
right_child=7 2 4 -5 5 -7 -8 8 9 11 13 -13 -14 -15
leaf_value=0.00015966049508526497 0.023301296242163268 0.019100621094786285 0.025642323290636579 -0.032979876283779581 0.0022074868947743686 -0.014895903800189104 -0.0082166335795228074 0.0033329442491069092 -0.051353100523853647 0.021206184712862845 0.00050329071652044138 -0.012175924226458072 -0.0068840151936621413 0.033083620043794636
leaf_weight=6709.884280513972 32.399092894978821 10.380888739600776 38.096475098282099 59.360185100696981 137.08680331148207 179.613385502249 30.24968796223402 774.93859526887536 17.844510442577302 18.853190147317946 35.204953749664128 25.854578488506377 203.8033360587433 27.498531591147184
leaf_count=45254 197 124 173 1013 742 1005 147 4889 209 119 264 185 1518 161
internal_value=4.33986e-07 -0.000346904 -0.00777277 -0.0247597 -0.0045284 -0.00793817 0.0109411 0.00218545 0.0015043 -0.0132419 0.00242549 0.00424237 0.00119093 0.0207614
internal_weight=8301.07 7164.67 454.787 69.7411 385.046 316.7 68.3462 1136.4 1104 62.5523 1041.45 44.7078 978.742 62.7035
internal_count=56000 48458 3204 1137 2067 1747 320 7542 7345 513 6832 304 6407 425
cat_boundaries=0 1 2 3
cat_threshold=12 52 14
is_linear=0
shrinkage=0.05


Tree=204
num_leaves=15
num_cat=2
split_feature=9 6 6 8 12 7 3 7 12 3 2 5 13 1
split_gain=2.52538 3.94752 10.1757 8.20026 14.3643 7.2693 5.82687 7.37935 5.76912 10.3863 8.58492 9.25467 5.60213 4.27146
threshold=0 4.5000000000000009 6.5000000000000009 1.0000000180025095e-35 7.1550000000000011 0.11815000000000002 4.7150000000000007 0.28675000000000006 12.595000000000001 25.215000000000003 1 4.2250000000000005 1.0000000180025095e-35 621.91500000000008
decision_type=1 2 2 2 2 2 2 2 2 2 1 2 2 2
left_child=1 8 3 5 -5 -3 7 -4 10 -10 11 -1 -8 -12
right_child=-2 2 6 4 -6 -7 12 -9 9 -11 13 -13 -14 -15
leaf_value=0.01159861657538774 -0.00047183855010543736 0.0080249403179923628 -0.027223850472438138 -0.017019933350791727 0.0077583968258960016 -0.02066753586814838 0.0094281120131880936 0.0083163863419610518 -0.024739142558181142 0.018519167474255124 0.01244403346548441 0.046115006748776867 0.0017328745294556917 -0.015415470000393583
leaf_weight=58.856398103758693 6410.5220205462538 25.291439945343882 31.733897778205574 85.723754581995308 168.66390183009207 118.23002716340125 314.71187626291066 23.278760584071279 28.345850680023432 22.063592972233891 20.201237229630351 28.388988600578159 933.00342069100589 31.234658621251583
leaf_count=317 44855 293 316 553 899 694 1781 92 224 95 114 139 5436 192
internal_value=2.09277e-06 0.00160204 0.000841511 -0.00612788 -0.00069248 -0.0155505 0.00297945 -0.0125325 0.00840547 -0.00582879 0.0135934 0.0215965 0.00369181 -0.00370952
internal_weight=8300.25 1889.73 1700.64 397.909 254.388 143.521 1302.73 55.0127 189.091 50.4094 138.681 87.2454 1247.72 51.4359
internal_count=56000 11145 10064 2439 1452 987 7625 408 1081 319 762 456 7217 306
cat_boundaries=0 1 2
cat_threshold=2 21
is_linear=0
shrinkage=0.05


Tree=205
num_leaves=15
num_cat=0
split_feature=12 12 3 7 7 3 7 5 0 7 6 12 13 12
split_gain=2.51019 6.94929 5.04554 7.33777 7.42802 5.01735 4.99371 5.97284 3.87527 3.19213 8.14853 7.45091 6.05184 8.13449
threshold=2.1350000000000002 2.6650000000000005 13.775 0.16475000000000004 0.12625000000000003 8.1350000000000033 0.29075000000000006 3.6550000000000007 40.500000000000007 0.25805000000000006 15.500000000000002 8.8650000000000002 6.5000000000000009 32.015000000000008
decision_type=2 2 2 2 2 2 2 2 2 2 2 2 2 2
left_child=6 2 5 4 -4 -2 7 -1 -5 10 -3 -12 -11 -14
right_child=1 9 3 8 -6 -7 -8 -9 -10 12 11 -13 13 -15
leaf_value=-0.0081431222698411434 -0.0032080803207708546 -0.0005971708982124075 -0.011514502887803153 -0.027662794004065058 0.042792198660119504 -0.049116201974770901 -0.011235003844049171 0.028233814290106757 0.0010671951804146955 0.00089833477127458899 -0.0022332859637133775 -0.050698594910783969 0.024423866054756882 -0.008712567200691473
leaf_weight=14.574046285822986 9.9951195195317286 4666.5030177580193 10.234684981405737 27.634375911206007 10.049017466604708 13.533195053227244 18.877798156812787 34.276162574067712 18.677926402539015 3363.9848924470134 16.75210192240775 12.572600572369991 57.1240473408252 24.924815462902188
leaf_count=105 97 39064 148 155 62 140 94 249 94 15139 148 164 219 122
internal_value=2.31803e-06 -7.82391e-05 -0.0136595 -0.0060103 0.0174373 -0.0321821 0.00938162 0.0175378 -0.0167159 7.70709e-05 -0.000770854 -0.025789 0.00123218 0.0144054
internal_weight=8299.71 8231.99 90.1243 66.596 20.2837 23.5283 67.728 48.8502 46.3123 8141.86 4695.83 29.3247 3446.03 82.0489
internal_count=56000 55552 696 459 210 237 448 354 249 54856 39376 312 15480 341
is_linear=0
shrinkage=0.05


Tree=206
num_leaves=13
num_cat=4
split_feature=5 3 2 11 1 9 7 8 3 9 13 13
split_gain=2.48411 5.32519 5.84753 5.901 4.55725 4.96219 3.20973 3.13516 2.86956 2.98953 6.76667 6.01456
threshold=2.3150000000000004 10.265000000000002 0 1 1069.8600000000004 2 0.20145000000000005 5.5000000000000009 53.915000000000006 3 3.5000000000000004 5.5000000000000009
decision_type=2 2 1 1 2 1 2 2 2 1 2 2
left_child=1 -1 3 6 5 -4 -3 8 9 10 -2 -11
right_child=7 2 4 -5 -6 -7 -8 -9 -10 11 -12 -13
leaf_value=-0.014051624657378177 -0.00010917945169242087 0.042199128365977896 0.0066001764394797609 0.0014402583060443704 0.011839351041032996 -0.02264365422196872 0.01369915935843284 0.018505520096729323 0.012159427392292895 -0.00078420202773417228 0.0058308312385865445 -0.010588363512438581
leaf_weight=25.772606058046222 3225.2119950740598 25.021463889628649 21.277155004441738 27.177205096930265 32.859637200832367 21.061665389686823 21.728577937930822 19.513770941644907 43.85297704488039 4114.1030381238088 560.14353099558502 159.65449392981827
leaf_count=175 20680 130 103 142 152 125 86 93 194 29445 3458 1217
internal_value=7.83356e-07 0.00584555 0.00949356 0.0180002 -0.00136613 -0.0120216 0.0305777 -0.000127181 -0.000178885 -0.000250523 0.000771687 -0.00115493
internal_weight=8297.38 174.898 149.126 73.9272 75.1985 42.3388 46.75 8122.48 8102.97 8059.11 3785.36 4273.76
internal_count=56000 913 738 358 380 228 216 55087 54994 54800 24138 30662
cat_boundaries=0 1 2 3 4
cat_threshold=38 2 3 22
is_linear=0
shrinkage=0.05


Tree=207
num_leaves=15
num_cat=3
split_feature=7 11 5 8 0 0 6 6 0 5 2 0 2 0
split_gain=2.47036 3.2502 4.54909 2.6299 2.50248 8.00211 7.20178 6.18742 3.45236 4.26838 3.05288 2.45703 3.0369 1.41844
threshold=0.50685000000000013 0 4.2750000000000012 5.5000000000000009 60.500000000000007 63.500000000000007 5.5000000000000009 10.500000000000002 59.500000000000007 3.9950000000000006 1 37.500000000000007 2 44.500000000000007
decision_type=2 1 2 2 2 2 2 2 2 2 1 2 1 2
left_child=3 2 -2 4 8 7 -7 -6 10 -10 -1 -3 -13 -14
right_child=1 11 -4 -5 5 6 -8 -9 9 -11 -12 12 13 -15
leaf_value=-0.0023559704490128675 0.0098820014517065069 0.025605403027681897 -0.032039066810204256 0.016941401167582557 0.0072778167949013491 -0.029146380071637619 0.0011997115306358974 0.033333238657681986 -0.00034539670213455263 -0.030816413786925529 0.00023915545052026301 0.017206709797776259 -0.023860972105703274 0.0017495276256790503
leaf_weight=1357.8493928387761 14.431962550152095 25.867243146523833 7.4582106331363311 19.625212885439396 103.76894457358867 20.296288401819766 120.32783516310155 27.217237947508693 26.055805565789342 17.660712968558073 6531.0647248686291 7.4167483411729336 8.2085287887603098 9.7102893171831948
leaf_count=10476 217 340 97 93 586 173 778 131 163 154 42427 116 118 131
internal_value=9.19167e-07 0.00896856 -0.00654108 -8.20258e-05 -0.000128925 0.0045637 -0.00369746 0.0133169 -0.000291263 -0.0138436 -0.000210929 0.0155943 0.00374426 -0.00793075
internal_weight=8296.96 73.093 21.8902 8223.87 8204.24 271.61 140.624 130.986 7932.63 43.7165 7888.91 51.2028 25.3356 17.9188
internal_count=56000 1019 314 54981 54888 1668 951 717 53220 317 52903 705 365 249
cat_boundaries=0 1 2 3
cat_threshold=1 4 33
is_linear=0
shrinkage=0.05


Tree=208
num_leaves=15
num_cat=1
split_feature=8 6 7 12 0 11 0 3 12 3 6 7 12 0
split_gain=2.40289 5.56783 8.63714 6.84758 17.5577 8.26156 11.8688 8.32047 7.34355 7.23258 6.7847 6.10683 7.64306 5.82189
threshold=1.0000000180025095e-35 6.5000000000000009 0.050850000000000006 3.8650000000000007 33.500000000000007 0 46.500000000000007 3.6550000000000007 3.1750000000000003 25.965000000000003 14.500000000000002 0.030050000000000004 8.0150000000000023 34.500000000000007
decision_type=2 2 2 2 2 1 2 2 2 2 2 2 2 2
left_child=1 3 11 4 9 6 -5 -7 -6 -1 13 12 -3 -4
right_child=-2 2 10 5 8 7 -8 -9 -10 -11 -12 -13 -14 -15
leaf_value=-0.043477820395581457 0.00063758890460675747 -0.033568967880244611 -0.0023279485128806488 0.01696877102751396 0.0039107794415012744 0.022297976034532714 -0.025674194997735173 -0.0083348981036335448 0.041772516377204569 0.0055880404798248819 -0.018784231677544193 -0.03789146974317395 0.031905432674228337 0.0032680493213155348
leaf_weight=13.831766682676973 5323.2619192767888 4.866639073006807 739.68808724172413 74.779206196777523 22.695145898498595 20.047165474388748 17.822618859820068 728.28718147194013 28.55724492482841 12.463201750069855 40.508296125568449 21.821746258530766 7.3428992829285562 1240.0448866868392
leaf_count=151 33923 181 5246 508 180 195 159 5509 183 65 348 684 249 8419
internal_value=1.77176e-06 -0.00113627 0.000311825 -0.00436554 0.00960074 -0.005683 0.00821337 -0.00742852 0.0261502 -0.0220311 0.000749353 -0.0236182 0.0043341 0.00117686
internal_weight=8296.02 2972.76 2054.27 918.484 77.5474 840.936 92.6018 748.334 51.2524 26.295 2020.24 34.0313 12.2095 1979.73
internal_count=56000 22077 15127 6950 579 6371 667 5704 363 216 14013 1114 430 13665
cat_boundaries=0 1
cat_threshold=4
is_linear=0
shrinkage=0.05


Tree=209
num_leaves=15
num_cat=1
split_feature=7 3 7 6 12 7 13 7 4 1 13 2 5 12
split_gain=2.38835 2.45965 7.22368 4.31963 5.81482 5.51813 3.60833 12.8743 12.4108 9.35089 6.30345 7.4872 3.6702 1.85654
threshold=0.5676500000000001 36.175000000000004 0.36825000000000008 4.5000000000000009 7.3550000000000013 0.052350000000000008 6.5000000000000009 0.15775000000000003 1.0000000180025095e-35 751.22000000000014 5.5000000000000009 0 4.8450000000000006 11.085000000000003
decision_type=2 2 2 2 2 2 2 2 2 2 2 1 2 2
left_child=1 6 3 4 -3 -5 10 8 -8 -9 12 -12 -1 -4
right_child=-2 2 13 5 -6 -7 7 9 -10 -11 11 -13 -14 -15
leaf_value=-0.00049355863306790252 0.015771504161381726 0.025449048922548945 0.01004864281025333 -0.021089631448936972 0.00026546093398044731 0.00079540203124093308 -0.041198935380133 -0.0012093515644038605 0.019383264498106779 0.025136092201523359 0.01219696962119628 -0.015874835310921202 0.0077840427494595176 0.028483707329346266
leaf_weight=6836.7020380003378 20.937437815591693 38.052076257765293 37.624507376924157 26.835551373660564 52.044334637001157 829.27736286632717 20.800279152579606 59.231641702353954 10.887533864937724 74.279701026156545 21.617471991106868 108.47397382371128 133.59163083694875 24.772220613434911
leaf_count=47311 406 151 302 348 275 3980 362 275 112 335 149 807 1014 173
internal_value=7.36127e-07 -4.48728e-05 0.00226511 0.00115056 0.011379 3.8149e-05 -0.000366347 0.00687215 -0.0205075 0.0136783 -0.00053759 -0.0113167 -0.000331631 0.0183385
internal_weight=8295.13 8274.19 1008.61 946.209 90.0964 856.113 7265.58 165.199 31.6878 133.511 7100.39 130.091 6970.29 62.3967
internal_count=56000 55594 5229 4754 426 4328 50365 1084 474 610 49281 956 48325 475
cat_boundaries=0 1
cat_threshold=16
is_linear=0
shrinkage=0.05


Tree=210
num_leaves=15
num_cat=0
split_feature=12 12 7 12 13 0 3 12 0 3 3 7 1 7
split_gain=2.27195 9.97406 10.4337 5.93145 5.92706 18.6611 17.6737 6.16763 9.32121 9.04669 6.01488 5.2446 7.99495 7.32713
threshold=17.505000000000006 17.005000000000006 0.20845000000000002 17.665000000000003 1.5000000000000002 38.500000000000007 16.685000000000006 26.125000000000004 38.500000000000007 21.325000000000003 21.885000000000002 0.027450000000000006 672.08500000000015 0.032450000000000007
decision_type=2 2 2 2 2 2 2 2 2 2 2 2 2 2
left_child=1 11 -3 -2 5 10 -7 8 -6 -9 -5 12 -1 -13
right_child=3 2 -4 4 7 6 -8 9 -10 -11 -12 13 -14 -15
leaf_value=0.0049360369621293072 0.022239430933069897 -0.040195948572165921 -0.0031679953519421996 -0.04465785257771325 0.010671620757671332 0.035506118284030268 -0.015876716860852964 0.0044757387174907005 -0.00086391761058241434 -0.013195443393129764 -0.01045720428215292 0.031268097618445172 -0.036404850560127364 -0.00010215248476545631
leaf_weight=21.074459098279476 32.359746543690562 28.657575773075223 49.10717386752367 28.353849509730935 367.28949927538633 29.837850080803037 31.545781384222209 159.46333077456802 331.45982400048524 128.05661136377603 25.812036347575486 15.663383959326891 21.618375569581985 7022.3076472906396
leaf_count=468 197 365 239 262 2345 178 214 1168 2174 844 160 375 677 46334
internal_value=1.65604e-06 -0.000328016 -0.0177996 0.00207777 0.00142686 -0.00914401 0.0095905 0.00268929 0.0052193 -0.0034497 -0.0297641 -0.000128674 -0.0170135 -1.90434e-05
internal_weight=8292.61 7158.43 77.7647 1134.18 1101.82 115.55 61.3836 986.269 698.749 287.52 54.1659 7080.66 42.6928 7037.97
internal_count=56000 48458 604 7542 7345 814 392 6531 4519 2012 422 47854 1145 46709
is_linear=0
shrinkage=0.05


Tree=211
num_leaves=15
num_cat=0
split_feature=3 7 12 13 3 3 3 5 0 13 0 5 12 0
split_gain=2.29817 6.97297 6.13455 9.92369 5.97883 5.0287 7.6257 8.4051 5.52269 5.28098 7.15927 7.72785 5.19702 4.79011
threshold=7.4450000000000012 0.06235000000000001 26.880000000000006 4.5000000000000009 7.2950000000000008 8.2650000000000023 8.6550000000000029 3.3650000000000007 47.500000000000007 1.0000000180025095e-35 29.500000000000004 4.3250000000000011 45.32500000000001 40.500000000000007
decision_type=2 2 2 2 2 2 2 2 2 2 2 2 2 2
left_child=1 -1 3 4 -3 9 7 -7 -9 13 -11 -12 -8 -2
right_child=5 2 -4 -5 -6 6 12 8 -10 10 11 -13 -14 -15
leaf_value=-0.031172002461046178 0.0078352591127357468 -0.00051086970834254657 0.018603205111896316 -0.026524768062706074 -0.025648730774304913 0.0080982441158070437 0.00032614781829786837 -0.033248415312247953 0.0045969748823063402 0.021238914167192809 0.0031442662936923857 -0.031107237357700143 -0.02319420441122964 0.040641747788616629
leaf_weight=17.670458583626896 27.294983075931668 723.480259870179 32.461772177368402 38.292658827267587 21.458809536881745 25.518151412717998 7182.2245656698942 43.410087664145976 11.320103014819322 36.128227648325264 76.234827538020909 17.855596034321934 20.563235834240913 18.208690744359046
leaf_count=729 203 5532 212 336 192 161 46769 436 96 245 598 202 156 133
internal_value=3.59669e-07 -0.00248503 -0.00175163 -0.00266302 -0.00133497 0.000278939 7.55732e-05 -0.0149707 -0.0255886 0.00856493 0.00323841 -0.004116 0.000249371 0.0226648
internal_weight=8292.12 833.364 815.694 783.232 744.939 7458.76 7283.04 80.2483 54.7302 175.722 130.219 94.0904 7202.79 45.5037
internal_count=56000 7001 6272 6060 5724 48999 47618 693 532 1381 1045 800 46925 336
is_linear=0
shrinkage=0.05


Tree=212
num_leaves=15
num_cat=3
split_feature=2 6 3 3 6 3 11 0 3 1 13 1 1 9
split_gain=2.2518 4.17191 4.52159 9.92707 8.87714 9.62848 8.70458 5.62562 4.51255 3.9337 10.1393 8.55493 9.20818 7.2536
threshold=0 14.500000000000002 24.455000000000002 23.225000000000005 3.5000000000000004 25.505000000000006 1 24.500000000000004 17.365000000000006 869.7650000000001 1.5000000000000002 815.6350000000001 846.35500000000013 2
decision_type=1 2 2 2 2 2 1 2 2 2 2 2 2 1
left_child=1 2 3 7 -4 -6 -5 -1 -3 10 13 -12 -13 -2
right_child=9 8 4 6 5 -7 -8 -9 -10 -11 11 12 -14 -15
leaf_value=0.0080334580511125849 -0.0017670072372856724 0.029549097342342429 0.027012886283880468 -0.0042263732343581027 0.019858311916915894 0.0010162588728432139 -0.040917066322071122 -0.0010735509354933162 -0.00053211133335008315 0.000496605073183279 0.0024470095787336075 -0.03118354951776299 0.0043141125341153658 -0.0097193056673054706
leaf_weight=194.78252450935543 663.00331929838285 23.856271984055638 36.65671275742352 40.659577639773488 71.739298338070512 734.95616387203336 24.731498716399074 1186.0343625899404 23.074854381382465 3668.1278048581444 1037.1981233344413 37.495921395719051 32.106958528980613 516.7885995414108
leaf_count=1174 4462 114 163 248 356 3856 180 7614 141 26408 6942 310 222 3810
internal_value=-9.98705e-07 0.00131019 0.00100262 -0.000694741 0.00390546 0.00275925 -0.0192893 0.000225744 0.0156156 -0.000517208 -0.00214434 0.00129214 -0.0153073 -0.00536331
internal_weight=8291.21 2336.49 2289.56 1446.21 843.352 806.695 65.3911 1380.82 46.9311 5954.72 2286.59 1106.8 69.6029 1179.79
internal_count=56000 13846 13591 9216 4375 4212 428 8788 255 42154 15746 7474 532 8272
cat_boundaries=0 1 2 3
cat_threshold=1 2 7
is_linear=0
shrinkage=0.05


Tree=213
num_leaves=15
num_cat=2
split_feature=12 12 9 3 7 7 3 2 1 7 6 3 5 3
split_gain=2.26345 6.27138 4.67611 4.65546 6.70135 6.78741 4.64766 4.32693 3.74291 2.8216 7.66116 7.38434 5.5331 6.86244
threshold=2.1350000000000002 2.6650000000000005 0 13.775 0.16475000000000004 0.12625000000000003 8.1350000000000033 1 758.50000000000011 0.25805000000000006 15.500000000000002 14.965000000000002 4.7350000000000012 23.355000000000004
decision_type=2 2 1 2 2 2 2 1 2 2 2 2 2 2
left_child=2 3 7 6 5 -5 -2 -1 -6 10 -3 -12 -11 -14
right_child=1 9 -4 4 8 -7 -8 -9 -10 12 11 -13 13 -15
leaf_value=-0.002414865684072291 -0.0029831159663062487 -0.0005606040606949208 -0.0076303979132015592 -0.011162003523580143 0.0010873174172916342 0.040662454156369668 -0.047198033081694735 0.028883960921587293 -0.026933251188996393 0.0016372175264065562 0.00754947811722832 -0.041905116867844858 -0.0002601661640574035 -0.020332949415966077
leaf_weight=21.384745560586452 9.985689479857685 4661.2755313911475 24.900719065219164 10.166088600642981 19.370440393686295 10.208798576146362 13.426586950197814 21.737279938533902 27.068305037915707 3256.4162477934733 10.377118023112418 18.567972163669765 123.89366784319282 61.939881860278547
leaf_count=146 97 39064 190 148 92 62 140 112 157 14602 117 195 566 312
internal_value=-1.56538e-06 -7.83035e-05 0.00888614 -0.0129729 -0.00566324 0.0166907 -0.0308205 0.0163985 -0.0158886 6.94872e-05 -0.000728206 -0.0251312 0.00115607 -0.00716733
internal_weight=8290.72 8222.7 68.0227 90.2259 66.8136 20.3749 23.4123 43.122 46.4387 8132.47 4690.22 28.9451 3442.25 185.834
internal_count=56000 55552 448 696 459 210 237 258 249 54856 39376 312 15480 878
cat_boundaries=0 1 2
cat_threshold=19 21
is_linear=0
shrinkage=0.05


Tree=214
num_leaves=15
num_cat=1
split_feature=8 1 3 12 2 0 0 0 3 7 1 5 12 12
split_gain=2.26998 4.17383 4.92856 5.93811 6.19849 4.72098 2.85187 4.54162 5.36247 15.5817 4.32264 3.59472 7.45963 3.56799
threshold=3.5000000000000004 293.47000000000008 39.525000000000013 5.3150000000000004 0 38.500000000000007 69.500000000000014 60.500000000000007 11.805000000000001 0.13875000000000001 1305.6150000000002 4.2950000000000008 2.3550000000000004 9.7450000000000028
decision_type=2 2 2 2 1 2 2 2 2 2 2 2 2 2
left_child=6 -2 3 5 -5 -3 7 11 10 -10 -9 -1 -13 -8
right_child=1 2 -4 4 -6 -7 13 8 9 -11 -12 12 -14 -15
leaf_value=0.0003180508149312283 0.021951720929646163 0.026513116504801756 0.022927044025137185 0.0038487365226883511 -0.012645121452323924 -0.0014917525447146179 -0.028886936807079162 0.0081858598462720682 -0.029813406210379912 0.0089370274151576393 0.037066949938836066 0.023264211917670807 -0.0025216790051268323 0.0037877666297305075
leaf_weight=5733.8732531978749 26.821557784453034 30.714398453012109 23.293604029342532 120.27650287002325 89.687639378011227 26.633640674874187 16.105793980881575 35.485157913528383 28.290453210473061 149.14297446701676 19.78100083116442 25.47785416059196 1948.8321670070291 13.746088084764777
leaf_count=37370 121 142 94 640 572 145 131 248 347 688 140 193 15077 92
internal_value=-1.85344e-06 0.00412445 0.00227159 0.000237193 -0.00368866 0.0140795 -0.00016767 -0.000106809 0.00673012 0.00236559 0.0198993 -0.000315744 -0.00215413 -0.0148691
internal_weight=8288.16 317.427 290.606 267.312 209.964 57.348 7970.73 7940.88 232.7 177.433 55.2662 7708.18 1974.31 29.8519
internal_count=56000 1714 1593 1499 1212 287 54286 54063 1423 1035 388 52640 15270 223
cat_boundaries=0 1
cat_threshold=25
is_linear=0
shrinkage=0.05


Tree=215
num_leaves=15
num_cat=1
split_feature=3 4 9 6 1 7 3 7 0 12 6 0 5 12
split_gain=2.25838 5.71254 2.37879 10.0063 10.994 10.1934 28.3765 8.4554 8.01899 5.74186 8.49915 7.40418 6.64449 12.6249
threshold=51.295000000000009 1.0000000180025095e-35 0 8.5000000000000018 4633.0550000000012 0.073250000000000023 21.745000000000001 0.17405000000000001 18.500000000000004 3.1750000000000003 6.5000000000000009 28.500000000000004 4.8450000000000006 9.2350000000000012
decision_type=2 2 1 2 2 2 2 2 2 2 2 2 2 2
left_child=2 -2 3 5 8 6 -1 -7 -5 10 11 -4 -11 -14
right_child=1 -3 9 4 -6 7 -8 -9 -10 12 -12 -13 13 -15
leaf_value=-0.018739246018884961 0.018826604487836934 -0.0064158513217082522 -0.051760358937170341 0.01185889543595469 0.013988183141977036 -0.0082247185509264908 0.053241831506363746 0.0026153375300726513 -0.0094236798112891963 0.00043576128606938043 -0.0010044473354959183 -0.012234727700429207 0.027311210915666864 -0.0043269806401325999
leaf_weight=22.04946945887059 48.320581812411547 37.701016442850232 13.022331493906675 45.039706213399768 59.471370059996843 226.77392675727606 28.595402824692428 825.67687838617712 635.62866589147598 5993.1524564446881 171.87682020012289 57.909206997603178 62.208843905013055 59.678275124635547
leaf_count=643 203 190 120 277 428 2670 418 4068 4754 39728 1196 447 403 455
internal_value=-8.38066e-07 0.00792011 -8.67871e-05 -0.00166166 -0.00615587 0.00134729 0.0226077 0.000262868 -0.00796956 0.000372389 -0.00712011 -0.0212971 0.000673846 0.0120887
internal_weight=8287.1 86.0216 8201.08 1843.24 740.14 1103.1 50.6449 1052.45 680.668 6357.85 242.808 70.9315 6115.04 121.887
internal_count=56000 393 55607 13258 5459 7799 1061 6738 5031 42349 1763 567 40586 858
cat_boundaries=0 1
cat_threshold=1
is_linear=0
shrinkage=0.05


Tree=216
num_leaves=15
num_cat=2
split_feature=7 3 1 5 12 12 6 6 9 2 3 5 8 0
split_gain=2.22861 3.95618 4.53619 5.21105 2.43717 6.42592 5.0554 8.77922 4.57786 4.03155 2.59614 5.31106 3.24247 1.99459
threshold=0.49365000000000009 23.355000000000004 3518.0850000000005 4.4650000000000007 2.1350000000000002 2.6650000000000005 9.5000000000000018 7.5000000000000009 0 1 39.525000000000013 3.3350000000000004 5.5000000000000009 46.500000000000007
decision_type=2 2 2 2 2 2 2 2 1 1 2 2 2 2
left_child=4 2 3 13 8 6 7 -6 9 -1 12 -12 -7 -2
right_child=1 -3 -4 -5 5 10 -8 -9 -10 -11 11 -13 -14 -15
leaf_value=-0.0021513364940151732 0.018848898756287487 0.022291694625010839 -0.02622050278849012 -0.017332728621932091 -0.019535769364313151 -0.0003467502917292324 -0.031968698458394555 0.016523633662062259 -0.0074547134630119187 0.028683750824549978 0.011067856173939088 0.00049392641378432484 0.019798725174779659 -0.0054386242373598301
leaf_weight=20.959540117532015 38.5575593826361 27.855232359841466 9.9341881135478598 14.962306383065878 40.141168172471225 7354.4978390182368 23.226385042071342 24.916480580344796 24.371128002181649 21.709895318374038 152.25551326945424 506.41892366483808 17.028827510774136 9.1693823775276524
leaf_count=142 435 429 95 141 326 50296 184 169 186 110 664 2620 79 124
internal_value=-7.50022e-07 0.00729105 0.000881378 0.00617748 -9.28965e-05 -0.000172954 -0.0133642 -0.00560575 0.00919411 0.016572 -2.29931e-05 0.00297724 -0.000292177 0.0141371
internal_weight=8286 100.479 72.6234 62.6892 8185.53 8118.49 88.284 65.0576 67.0406 42.6694 8030.2 658.674 7371.53 47.7269
internal_count=56000 1224 795 700 54776 54338 679 495 438 252 53659 3284 50375 559
cat_boundaries=0 1 2
cat_threshold=19 21
is_linear=0
shrinkage=0.05


Tree=217
num_leaves=15
num_cat=3
split_feature=5 2 9 0 7 1 1 1 6 5 13 12 12 11
split_gain=2.20744 4.88561 6.86676 4.80993 4.37116 2.82016 2.51242 7.50747 12.1942 10.6745 10.3573 7.00339 8.04109 11.4121
threshold=2.3150000000000004 0 1 31.500000000000004 0.22665000000000005 617.07500000000016 2501.3100000000009 1828.3500000000001 11.500000000000002 3.9350000000000005 1.0000000180025095e-35 2.7850000000000006 5.5650000000000004 2
decision_type=2 1 1 2 2 2 2 2 2 2 2 2 2 1
left_child=1 4 -3 -4 -1 -5 7 -2 10 -10 -9 -8 13 -13
right_child=6 2 3 5 -6 -7 11 8 9 -11 -12 12 -14 -15
leaf_value=-0.020780984490285079 -0.00021521902659926009 0.019743203858676402 0.015664702597104813 -0.027258686780653275 0.0075857240062887285 -0.00061160862373040026 -0.025735713453601997 0.020875158241246285 -0.036052087195183102 0.0050488877172689666 0.0041524147915750747 -0.028260950540447801 -0.0035059111088700905 0.0091547746848489649
leaf_weight=27.338800018653274 6231.679644276388 69.608368018642068 18.452176038175821 16.621359936892986 22.394866425544024 20.387028872966766 27.61726304423064 124.09823250584304 27.555769417434931 31.379911947064102 349.10451878653839 19.279144824482501 1051.373368659988 247.61312017217278
leaf_count=184 41045 314 92 101 94 128 249 796 221 221 2440 169 8191 1755
internal_value=6.79026e-07 0.00551177 0.0102691 -0.00311295 -0.00697921 -0.013726 -0.000120106 0.000272719 0.00595596 -0.0149836 0.00864186 -0.00209049 -0.00153782 0.00616793
internal_weight=8284.5 174.803 125.069 55.4606 49.7337 37.0084 8109.7 6763.82 532.138 58.9357 473.203 1345.88 1318.27 266.892
internal_count=56000 913 635 321 278 229 55087 44723 3678 442 3236 10364 10115 1924
cat_boundaries=0 1 2 3
cat_threshold=24 10 4
is_linear=0
shrinkage=0.05


Tree=218
num_leaves=15
num_cat=1
split_feature=8 0 9 7 5 5 7 8 6 7 13 0 12 3
split_gain=2.20669 6.19176 6.94474 6.82787 6.1803 11.4169 8.51732 5.65187 5.39797 4.98256 4.97475 4.56119 4.86672 3.95719
threshold=1.5000000000000002 53.500000000000007 0 0.34695000000000004 4.4150000000000009 4.3850000000000007 0.21415000000000003 2.5000000000000004 9.5000000000000018 0.17645000000000002 1.5000000000000002 38.500000000000007 5.0650000000000004 13.305000000000001
decision_type=2 2 1 2 2 2 2 2 2 2 2 2 2 2
left_child=-1 3 9 4 5 -2 -6 8 -4 10 -3 12 -5 -13
right_child=1 2 7 11 6 -7 -8 -9 -10 -11 -12 13 -14 -15
leaf_value=-0.00054779242864717501 0.0016592838698556798 0.00096145926047363497 -0.041139189274193952 0.029064249407824372 -0.012641323547496672 0.03018093233021963 0.0024049244498929689 -0.0035088448311270748 -0.0039136102096763324 0.0058121100193192238 -0.027711229583804009 -0.011188694984540226 0.0092981630987268079 0.0074708156729129983
leaf_weight=5705.8675253959373 1604.8724410552531 34.012722762301564 30.762151397764683 38.527847012504935 177.82473969552666 32.889226030558348 194.34668749570847 35.448279586620629 14.643456526100634 119.8097934871912 23.969869950786233 39.348443979397416 148.10469182953238 83.496036489494145
leaf_count=40426 9320 284 235 177 1911 193 801 199 105 541 241 216 842 509
internal_value=7.23095e-07 0.00121395 -0.00608036 0.00203417 0.000963682 0.00228619 -0.00482782 -0.0169722 -0.0301204 1.04931e-05 -0.0116719 0.00891056 0.0137739 0.00136972
internal_weight=8283.92 2578.06 258.646 2319.41 2009.93 1637.76 372.171 80.8539 45.4056 177.792 57.9826 309.477 186.633 122.844
internal_count=56000 15574 1605 13969 12225 9513 2712 539 340 1066 525 1744 1019 725
cat_boundaries=0 1
cat_threshold=26
is_linear=0
shrinkage=0.05


Tree=219
num_leaves=15
num_cat=1
split_feature=2 3 12 3 7 5 3 7 6 1 12 5 1 1
split_gain=2.21989 7.31163 11.0853 6.26171 7.64448 15.1812 7.08704 11.8079 7.03075 4.87129 7.16946 6.54015 6.87398 5.47109
threshold=0 2.4050000000000007 7.9650000000000007 3.6550000000000007 0.21415000000000003 3.8650000000000007 4.3350000000000009 0.30715000000000003 3.5000000000000004 238.37500000000003 5.2150000000000007 4.1650000000000009 197.49000000000004 252.26500000000001
decision_type=1 2 2 2 2 2 2 2 2 2 2 2 2 2
left_child=1 2 -1 4 5 -3 7 -5 -8 10 -2 -12 -13 -11
right_child=9 3 -4 6 -6 -7 8 -9 -10 13 11 12 -14 -15
leaf_value=0.0075300142094665568 0.012131191323303443 -0.0076066091437973233 -0.040808866302672976 -0.042326111575944583 0.0027984336752542218 0.068837550895054597 0.011478198632312357 0.014801780474844737 0.00063666623524769527 0.02131804263892326 -0.027094626579319436 -0.021574249077942281 0.021547445183036848 -0.00059964887941311139
leaf_weight=20.564024724066257 24.193019239231944 10.207835856825115 22.676195414736867 20.563757759518921 41.471370127052069 12.579636625945566 153.64649193082005 12.7019164301455 3309.5625851163641 25.653363080695271 56.732929285615683 14.655066298320891 16.401521928608418 4538.9091833652928
leaf_count=151 140 126 214 235 193 130 901 51 20434 142 429 127 111 32616
internal_value=4.85586e-07 0.000931204 -0.018823 0.00118935 0.0163019 0.0376926 0.000897869 -0.0210928 0.00112717 -0.000717365 -0.0108834 -0.017417 0.00109108 -0.000462548
internal_weight=8280.52 3603.97 43.2402 3560.73 64.2588 22.7875 3496.47 33.2657 3463.21 4676.55 111.983 87.7895 31.0566 4564.56
internal_count=56000 22435 365 22070 449 256 21621 286 21335 33565 807 667 238 32758
cat_boundaries=0 1
cat_threshold=3
is_linear=0
shrinkage=0.05


Tree=220
num_leaves=15
num_cat=1
split_feature=7 8 6 7 12 0 11 6 7 1 5 1 12 3
split_gain=2.1651 2.13607 5.36483 7.85479 6.36539 15.6143 7.45902 6.29271 5.87719 4.61791 7.17551 8.0097 5.28145 11.9598
threshold=0.5676500000000001 1.0000000180025095e-35 6.5000000000000009 0.050850000000000006 3.8650000000000007 33.500000000000007 0 14.500000000000002 0.030050000000000004 5954.5050000000001 3.2050000000000005 6393.8600000000015 8.3750000000000018 2.0650000000000004
decision_type=2 2 2 2 2 2 1 2 2 2 2 2 2 2
left_child=1 2 4 8 5 -1 -6 -5 -4 12 -11 -12 -3 -14
right_child=-2 9 3 7 6 -7 -8 -9 -10 10 11 -13 13 -15
leaf_value=-0.020747461482022597 0.015146967895077461 -0.0015519316177687909 0.0045272071554790898 0.0011330837773650252 0.0076700371831403373 0.02482844722189374 -0.0072295579542630472 -0.018180326601341588 -0.037120292028268727 -0.011254714650445525 0.031488698370434033 0.0060850371190448865 -0.033524018577084369 0.0019880710460529133
leaf_weight=26.095074061769992 20.527261475566775 2257.0980627890676 12.154303799849002 1970.9830920184031 92.156039008870721 51.02611059229821 744.93501407559961 40.100601843558252 21.068088199943304 38.76405381038785 37.531776227988303 141.82842914853245 20.917794380337 2804.956853505224
leaf_count=216 406 14455 430 13552 662 359 5667 344 684 252 226 996 205 17546
internal_value=6.79289e-07 -4.2449e-05 -0.00111813 0.00030689 -0.00429525 0.00920775 -0.00556772 0.000721472 -0.0227707 0.000558175 0.00763162 0.0118314 0.000250312 0.00168993
internal_weight=8280.14 8259.62 2958.52 2044.31 914.212 77.1212 837.091 2011.08 33.2224 5301.1 218.124 179.36 5082.97 2825.87
internal_count=56000 55594 21914 15010 6904 575 6329 13896 1114 33680 1474 1222 32206 17751
cat_boundaries=0 1
cat_threshold=4
is_linear=0
shrinkage=0.05


Tree=221
num_leaves=15
num_cat=2
split_feature=2 1 0 12 7 3 7 7 7 6 5 11 1 0
split_gain=2.1 5.30242 9.78574 9.02704 14.5381 8.10945 11.0048 10.7855 6.42828 5.74034 12.9076 8.56753 5.06352 6.92174
threshold=0 4422.6650000000009 33.500000000000007 9.1250000000000018 0.089350000000000013 14.125000000000002 0.20275000000000001 0.085750000000000007 0.35565000000000008 7.5000000000000009 3.5150000000000001 1 1246.6400000000001 47.500000000000007
decision_type=1 2 2 2 2 2 2 2 2 2 2 1 2 2
left_child=1 2 5 4 -3 6 -1 -7 -6 11 -11 -5 -2 -14
right_child=12 3 -4 9 8 7 -8 -9 -10 10 -12 -13 13 -15
leaf_value=-0.041718624138580164 -0.0003221488019188451 -0.031729788638038998 -0.0085544757701808416 -0.032544080125009825 0.013135046736338399 0.044616270453846536 0.00014372393734814299 0.0043952589439884221 -0.0060010146305854873 -0.018912876511333825 0.010645677703293069 -0.0041456756775851535 0.0011141407981457355 0.009457808256261753
leaf_weight=18.136730597354472 5448.7476089945994 19.436450737062842 514.45566765824333 34.962782210670412 262.83589335996658 15.275361013598738 60.944319367408752 201.89161368831992 50.735248412936926 50.641873975284398 115.648616313003 92.072961402125657 1072.2862492008135 320.97909010900185
leaf_count=419 35462 490 4174 314 1676 267 345 1191 262 340 904 727 7349 2080
internal_value=-1.20024e-07 -0.00172883 -0.00440361 0.00171032 0.00731352 0.00281815 -0.010631 0.00779377 0.0100113 -0.00466051 0.00146832 -0.012532 0.000365554 0.00305254
internal_weight=8279.05 1437.04 810.704 626.334 333.008 296.248 79.081 217.167 313.571 293.326 166.29 127.036 6842.01 1393.27
internal_count=56000 11109 6396 4713 2428 2222 764 1458 1938 2285 1244 1041 44891 9429
cat_boundaries=0 1 2
cat_threshold=4 1
is_linear=0
shrinkage=0.05


Tree=222
num_leaves=15
num_cat=1
split_feature=2 3 12 3 12 7 3 7 6 1 12 0 7 1
split_gain=2.08078 6.43118 9.96153 5.71283 7.32151 6.90927 6.54027 10.986 6.44187 4.38566 6.55411 6.19255 5.77179 5.00319
threshold=0 2.4050000000000007 7.9650000000000007 3.6550000000000007 8.0650000000000031 0.22665000000000005 4.3350000000000009 0.30715000000000003 3.5000000000000004 238.37500000000003 5.2150000000000007 37.500000000000007 0.29645000000000005 252.26500000000001
decision_type=1 2 2 2 2 2 2 2 2 2 2 2 2 2
left_child=1 2 -1 4 -3 -6 7 -5 -8 10 -2 -12 -13 -11
right_child=9 3 -4 6 5 -7 8 -9 -10 13 11 12 -14 -15
leaf_value=0.0072618568727036287 0.011647407828260214 -0.0058273067264886114 -0.038618007315805912 -0.041103822449847727 0.049567931108749567 0.0082427092720886615 0.010989763187649241 0.014269765776457638 0.00061152516108610791 0.020374427507937647 -0.0036753340296306588 -0.041807213730531596 -0.0016952916837761794 -0.00058578931391287971
leaf_weight=20.568302258849144 24.212595459073782 24.249980256892741 22.501463370397687 20.193211159668863 17.016826148144901 23.424346489831805 153.62688363250345 12.617142517119644 3309.0291534187272 25.65155572630465 46.772989851422608 28.001282605342567 12.986719396896659 4538.2339612748474
leaf_count=151 140 186 214 235 161 102 901 51 20434 142 324 282 61 32616
internal_value=-1.43167e-06 0.000899762 -0.0176616 0.00114152 0.0155295 0.0278538 0.000862151 -0.0203985 0.00108109 -0.00069646 -0.0103429 -0.0165943 -0.0300805 -0.000454675
internal_weight=8279.09 3603.23 43.0698 3560.16 64.6912 40.4412 3495.47 32.8104 3462.66 4675.86 111.974 87.761 40.988 4563.89
internal_count=56000 22435 365 22070 449 263 21621 286 21335 33565 807 667 343 32758
cat_boundaries=0 1
cat_threshold=3
is_linear=0
shrinkage=0.05


Tree=223
num_leaves=15
num_cat=2
split_feature=5 6 11 1 5 6 0 7 1 1 7 11 3 7
split_gain=2.07202 9.85816 9.64598 12.1908 12.1755 10.8382 14.5116 11.5394 9.14813 18.3371 11.5759 8.15516 26.5202 9.58144
threshold=3.6750000000000003 15.500000000000002 0 8131.5850000000009 3.6950000000000007 13.500000000000002 29.500000000000004 0.34395000000000003 293.47000000000008 263.90500000000003 0.27365000000000006 1 8.1350000000000033 0.30475000000000008
decision_type=2 2 1 2 2 2 2 2 2 2 2 1 2 2
left_child=1 11 3 5 -4 7 -7 -2 9 -6 -10 12 13 -1
right_child=2 -3 4 -5 8 6 -8 -9 10 -11 -12 -13 -14 -15
leaf_value=-0.037619862869279985 0.0031823432343842384 -0.032989121650821955 -0.024971211500811451 0.035211001562845748 -0.0014330286625572081 0.056597338961481981 0.0060319335289624179 -0.0086040580981372444 -0.0050074696589739905 0.026560709415732704 0.0011764602801546834 0.0028009937987776654 0.00013758725332633449 -0.003939319301532242
leaf_weight=65.226545645855367 1179.7546627768315 18.238020168617368 54.265797731466591 25.26066518202424 193.8574045849964 17.613856432959437 48.298167452216148 248.92973550967872 1853.5676718149334 80.607458372600377 1275.8946200823411 2312.3632936691865 872.73122328612953 31.686747718602419
leaf_count=653 8929 166 416 183 1321 79 293 1325 17576 461 5718 13698 5040 142
internal_value=-1.71207e-06 0.00096931 -0.000645656 0.00267098 -0.00210435 0.00205157 0.0214203 0.00111499 -0.00171814 0.00698673 -0.00248754 0.00118797 -0.00265547 -0.0270566
internal_weight=8278.3 3300.25 4978.05 1519.86 3458.19 1494.6 65.912 1428.68 3403.93 274.465 3129.46 3282.01 969.645 96.9133
internal_count=56000 19699 36301 10809 25492 10626 372 10254 25076 1782 23294 19533 5835 795
cat_boundaries=0 1 2
cat_threshold=1 1
is_linear=0
shrinkage=0.05


Tree=224
num_leaves=15
num_cat=2
split_feature=12 12 7 0 2 11 0 6 12 3 12 0 3 1
split_gain=2.05429 9.30884 8.89036 10.6224 7.75837 6.6655 6.21343 5.73544 9.16737 10.7509 8.60013 9.39732 8.53409 9.50101
threshold=17.505000000000006 15.185 0.13875000000000001 22.500000000000004 0 1 26.500000000000004 11.500000000000002 23.475000000000005 46.140000000000008 21.545000000000005 34.500000000000007 7.6050000000000013 846.35500000000013
decision_type=2 2 2 2 1 1 2 2 2 2 2 2 2 2
left_child=1 -1 3 -3 5 -4 -6 8 12 -10 -9 -12 -2 -14
right_child=7 2 4 -5 6 -7 -8 10 9 -11 11 -13 13 -15
leaf_value=0.00015514486482612707 -0.012592716480096378 0.018904010163538435 -0.011649320882578503 -0.031783679389824418 -0.029254480254582493 0.010347749091876454 -0.0066264666749040416 -0.0032701091164614978 -0.0072012667622364914 0.031786174807964827 -0.0027699843718929466 0.033976069301773687 -0.00037405870423519829 0.012693171281568645
leaf_weight=6691.1792106442153 63.132219432853162 10.386352225206791 45.11551396921277 57.373624035157263 34.062788795679808 119.50540619716048 185.4977351911366 55.43869995791465 367.83024874329567 15.629951525479553 25.015538174659014 51.114514214918017 266.86020552366972 287.18855982180685
leaf_count=45254 527 124 252 1013 217 600 998 395 2628 64 168 281 1670 1809
internal_value=-1.46763e-06 -0.00031534 -0.00723615 -0.0235421 -0.00420006 0.00398119 -0.0100332 0.00197436 0.000668977 -0.00537771 0.0116661 0.0222545 0.00443368 0.00643116
internal_weight=8275.33 7143.12 451.941 67.76 384.181 164.621 219.561 1132.21 1000.64 383.46 131.569 76.1301 617.181 554.049
internal_count=56000 48458 3204 1137 2067 852 1215 7542 6698 2692 844 449 4006 3479
cat_boundaries=0 1 2
cat_threshold=50 1
is_linear=0
shrinkage=0.05


Tree=225
num_leaves=15
num_cat=2
split_feature=12 12 5 7 3 2 2 7 1 7 6 3 12 6
split_gain=2.05933 9.64075 9.03985 8.46752 17.5207 16.9988 13.0546 7.51973 7.52687 6.9933 6.58022 6.49581 5.77302 9.35198
threshold=6.495000000000001 5.5650000000000004 2.5950000000000002 0.12165000000000002 22.545000000000005 0 1 0.14815000000000003 695.68500000000006 0.065250000000000016 12.500000000000002 19.325000000000003 7.4050000000000011 11.500000000000002
decision_type=2 2 2 2 2 1 1 2 2 2 2 2 2 2
left_child=1 3 -3 4 5 -1 -6 8 -5 -4 -11 -9 13 -2
right_child=12 2 9 7 6 -7 -8 11 -10 10 -12 -13 -14 -15
leaf_value=0.019697314118016323 0.0067738270929368532 -0.032846394469631737 -0.032346132017119555 -0.00099911279199508727 0.0039342944946286129 -0.016648721206387669 -0.032429739109815219 -0.0025583722835954784 0.023898653588841638 -0.002665220789633983 -0.024258072100548873 0.004246023651787229 -7.1125019726215935e-05 -0.011992880845242429
leaf_weight=66.249852146487683 618.93237800709903 27.992196179926395 19.747565820347518 50.898260394111276 38.593225983902812 42.493754260707647 70.480288740247488 674.29929718095809 71.368068300187588 561.47931531723589 34.753821611404419 724.7425040807575 5200.6249592131935 71.560653697233647
leaf_count=1232 4032 191 482 440 445 974 810 3831 691 3612 245 3357 35161 497
internal_value=-1.44911e-06 -0.00124075 -0.0064517 0.000696576 -0.00845565 0.00570153 -0.0223448 0.00202103 0.0137583 -0.00509885 -0.00403899 0.000968037 0.000500254 0.00478543
internal_weight=8274.22 2383.1 643.973 1739.13 217.817 108.744 109.074 1521.31 122.266 615.981 596.233 1399.04 5891.12 690.493
internal_count=56000 16310 4530 11780 3461 2206 1255 8319 1131 4339 3857 7188 39690 4529
cat_boundaries=0 1 2
cat_threshold=37 6
is_linear=0
shrinkage=0.05


Tree=226
num_leaves=15
num_cat=1
split_feature=5 3 9 13 12 3 8 1 1 7 0 1 12 3
split_gain=2.09192 4.66203 5.52696 6.69768 5.32215 4.76057 2.44645 2.57659 8.76767 7.99404 6.6888 3.61432 8.94362 4.58034
threshold=2.3150000000000004 10.265000000000002 0 1.5000000000000002 7.1050000000000013 19.325000000000003 5.5000000000000009 3381.5650000000005 3857.5900000000006 0.38665000000000005 24.500000000000004 1246.6400000000001 21.275000000000002 18.085000000000004
decision_type=2 2 1 2 2 2 2 2 2 2 2 2 2 2
left_child=1 -1 4 -4 -3 -6 7 11 9 -9 -10 13 -13 -2
right_child=6 2 3 -5 5 -7 -8 8 10 -11 -12 12 -14 -15
leaf_value=-0.013287186789944384 -0.0021740865858107502 0.0009640228466034393 -0.020193890337868007 0.011090142157138962 0.041533117936454894 0.011096756505757768 0.016441839631625956 -0.0093884397863575799 -0.012799529012560956 -0.047212477802764531 0.0012396963817047739 0.001073173575747245 0.014286347683666765 0.00078179111033583422
leaf_weight=25.650062819942832 2307.177773967851 31.302436467260122 28.881475869566202 34.092966742813587 25.308890074491501 29.085360363125801 19.229926738888025 141.63511980138719 93.572889905422926 12.915781313553451 695.55578565830365 1667.186099707149 135.79106945265085 3026.3699464062229
leaf_count=175 17126 165 182 168 93 130 93 1197 762 99 5262 11808 933 17807
internal_value=-4.97071e-06 0.00536735 0.00878495 -0.00305951 0.0158553 0.0266891 -0.000122542 -0.000168051 -0.00261906 -0.0133882 -0.00046721 0.000157017 0.0020904 -0.000497361
internal_weight=8273.76 174.321 148.671 62.9744 85.6967 54.3943 8099.43 8080.2 943.68 154.551 789.129 7136.52 1802.98 5333.55
internal_count=56000 913 738 350 388 223 55087 54994 7320 1296 6024 47674 12741 34933
cat_boundaries=0 1
cat_threshold=10
is_linear=0
shrinkage=0.05


Tree=227
num_leaves=15
num_cat=0
split_feature=7 5 3 12 3 12 12 13 6 12 5 12 5 3
split_gain=2.12414 4.8342 5.13306 4.12867 3.71185 2.317 10.5781 12.0352 6.12008 8.61667 9.82368 8.29871 8.42499 7.3055
threshold=0.45485000000000003 4.6450000000000005 19.565000000000001 5.8150000000000004 12.255000000000001 17.505000000000006 17.005000000000006 2.5000000000000004 11.500000000000002 21.545000000000005 3.6050000000000004 23.905000000000005 4.6850000000000014 7.6050000000000013
decision_type=2 2 2 2 2 2 2 2 2 2 2 2 2 2
left_child=5 2 3 -2 -5 6 -1 -8 11 -10 -11 13 -13 -7
right_child=1 -3 -4 4 -6 8 7 -9 9 10 -12 12 -14 -15
leaf_value=-0.00027279558797884518 0.015689351748587169 -0.015678682203596868 0.017583443391219089 0.0045517443313392268 -0.014540392717954216 -0.011710854738768896 0.00035915904775986172 -0.039358610749440005 -0.0032626640076663469 -0.0039879671906789243 0.034398177783112341 -0.0035563178643339558 -0.036307170336453941 0.0058659569295639149
leaf_weight=6870.3599582242314 33.112515734508634 23.051895380020142 72.914817128330469 54.771071322262287 42.929342020303011 63.185853782109916 39.046099438332021 34.187076669186354 52.715958980843425 23.199681546539068 51.402073419652879 329.6584063116461 17.964669357985258 564.69753469713032
leaf_count=46097 238 177 837 401 391 529 262 319 378 141 290 2246 172 3522
internal_value=-4.78505e-06 0.00473538 0.00723925 0.00120848 -0.00402055 -0.000140097 -0.000478444 -0.0190013 0.00198572 0.0121631 0.0227682 0.000624206 -0.00554501 0.00404987
internal_weight=8273.2 226.78 203.728 130.813 97.7004 8046.42 6943.59 73.2332 1102.82 127.318 74.6018 975.506 347.623 627.883
internal_count=56000 2044 1867 1030 792 53956 46678 581 7278 809 431 6469 2418 4051
is_linear=0
shrinkage=0.05


Tree=228
num_leaves=15
num_cat=3
split_feature=2 6 1 0 6 12 1 12 12 7 1 9 9 7
split_gain=2.07199 3.99932 4.19941 4.05066 3.56054 10.0597 3.8095 3.48582 7.40044 16.5031 15.5442 10.8697 6.83976 13.2392
threshold=0 14.500000000000002 1549.0550000000001 33.500000000000007 3.5000000000000004 7.705000000000001 885.71500000000015 11.865 14.375000000000002 0.20845000000000002 1744.6550000000004 1 2 0.26305000000000006
decision_type=1 2 2 2 2 2 2 2 2 2 2 1 1 2
left_child=1 2 4 -3 5 -1 -6 -2 9 10 -9 -11 -10 -14
right_child=7 3 -4 -5 6 -7 -8 8 12 11 -12 -13 13 -15
leaf_value=0.02559577069390492 -0.0013433345708489869 0.031449496538645136 0.019526825486243061 0.0024216616707925806 0.00099559233574731711 -0.0049599148395559492 -0.0057515052170446041 0.022948491354807345 0.0018098524710100608 0.0046120329600749747 -0.0034953242319660629 -0.013160737093666426 -0.013668573982003458 0.0030717503382048368
leaf_weight=48.277739603072405 4006.1148589584045 18.807893645018339 27.033721707761288 27.999465432018042 1922.7051410768181 55.048164626583457 231.7093652645126 184.99991860892624 833.26501693064347 254.93943857401609 77.874166025780141 113.91765149217099 247.08082945458591 222.07952732034028
leaf_count=260 28519 89 127 166 11459 329 1416 1677 5766 1163 969 598 2497 965
internal_value=-5.38185e-06 0.00125363 0.00095216 0.0152772 0.000704134 0.00963622 0.000262947 -0.0005012 0.00123986 0.00566704 0.0151637 -0.00116869 -0.000915598 -0.0056555
internal_weight=8271.85 2331.58 2284.77 46.8074 2257.74 103.326 2154.41 5940.27 1934.16 631.731 262.874 368.857 1302.43 469.16
internal_count=56000 13846 13591 255 13464 589 12875 42154 13635 4407 2646 1761 9228 3462
cat_boundaries=0 1 2 3
cat_threshold=1 26 14
is_linear=0
shrinkage=0.05


Tree=229
num_leaves=14
num_cat=2
split_feature=3 5 2 0 11 7 8 4 5 3 1 1 1
split_gain=2.0126 2.1032 4.54301 6.18841 5.9777 3.95444 2.45877 4.57757 6.43321 5.14606 2.35766 9.64519 3.32778
threshold=53.915000000000006 2.3150000000000004 0 24.500000000000004 1 0.22665000000000005 3.5000000000000004 1.0000000180025095e-35 4.3850000000000007 32.085000000000008 3381.5650000000005 4422.6650000000009 1801.0550000000003
decision_type=2 2 1 2 1 2 2 2 2 2 2 2 2
left_child=1 2 5 -4 -5 -1 10 8 -8 -9 12 -12 -3
right_child=-2 6 3 4 -6 -7 7 9 -10 -11 11 -13 -14
leaf_value=-0.019942605259458922 0.010343721788065734 -0.00047359677682232463 0.03419263199358815 -0.013660778720580505 0.01242562328932985 0.0071263921908091945 0.0030316379540776136 -0.014004701707257639 0.022636480882718156 0.014329248365596717 -0.0099557366747329151 0.00094170237983514683 0.0027603360235318145
leaf_weight=27.150613822042942 43.721311530098319 5926.7108897240832 20.091937080025673 27.533579153940082 76.796824231743813 22.252331435680389 183.33598673343658 55.572160003706813 51.700884111225605 19.342818727716804 304.22266515344381 597.48933329875581 915.73779035499319
leaf_count=184 196 39447 83 161 389 94 965 347 281 87 2504 4571 6691
internal_value=-4.40723e-06 -6.31448e-05 0.00533104 0.00992551 0.00535182 -0.00675166 -0.000181505 0.00416361 0.00757504 -0.00641892 -0.000356958 -0.00275573 -3.97734e-05
internal_weight=8271.66 8227.94 173.825 124.422 104.33 49.4029 8054.11 309.952 235.037 74.915 7744.16 901.712 6842.45
internal_count=56000 55804 911 633 550 278 54893 1680 1246 434 53213 7075 46138
cat_boundaries=0 1 2
cat_threshold=24 1
is_linear=0
shrinkage=0.05


Tree=230
num_leaves=15
num_cat=2
split_feature=7 9 10 1 8 6 3 5 5 1 12 3 13 7
split_gain=2.00433 1.9325 3.53243 13.8305 9.39423 8.41789 13.756 10.8517 8.24619 3.51508 5.00752 5.49979 3.41426 12.7783
threshold=0.5676500000000001 0 1 358.14500000000004 1.0000000180025095e-35 10.500000000000002 7.2950000000000008 3.5750000000000006 3.5550000000000002 222.17500000000004 3.8650000000000007 7.745000000000001 7.5000000000000009 0.16685000000000003
decision_type=2 1 1 2 2 2 2 2 2 2 2 2 2 2
left_child=1 2 5 4 -4 7 -7 -1 -5 10 -3 -12 -11 -14
right_child=-2 9 3 8 -6 6 -8 -9 -10 12 11 -13 13 -15
leaf_value=0.0076580752228677497 0.01466563496641031 0.016750309853722955 0.027899588933004676 -0.015094440061348767 -0.0080561833536910779 -0.025230901173140082 0.014354436941495892 -0.0028460735019305932 -0.00080471755416477932 -0.00038390917689160248 0.013261623980936816 -0.013084646746184148 -0.025025689949012705 0.021934567417724402
leaf_weight=373.24051737692207 20.221633612178266 17.077747944742441 54.913691410794854 145.4997433135286 24.835025262087584 21.431609459221363 236.21832695230842 706.75527913589031 316.50968051468953 6112.3345136407297 20.280454016290605 150.51128603611141 16.610198522917926 54.573094736784697
leaf_count=1915 406 95 269 894 148 182 1254 4366 2027 42769 151 1034 251 239
internal_value=-3.27806e-06 -4.45471e-05 0.00135889 -0.0020323 0.0168163 0.00274396 0.0108092 0.000795259 -0.0053733 -0.00046038 -0.00714413 -0.00978127 -0.000254691 0.0104078
internal_weight=8271.01 8250.79 1879.4 541.758 79.7487 1337.65 257.65 1080 462.009 6371.39 187.869 170.792 6183.52 71.1833
internal_count=56000 55594 11055 3338 417 7717 1436 6281 2921 44539 1280 1185 43259 490
cat_boundaries=0 1 2
cat_threshold=2 2
is_linear=0
shrinkage=0.05


Tree=231
num_leaves=15
num_cat=0
split_feature=12 12 7 5 3 7 12 3 3 5 5 3 7 7
split_gain=1.9301 5.11201 4.43263 5.31213 4.27276 6.25809 4.55612 4.2976 2.84214 2.40863 10.3871 12.4753 9.02154 5.08319
threshold=2.1350000000000002 2.6650000000000005 0.29075000000000006 3.6550000000000007 13.775 0.16105000000000003 2.3550000000000004 8.1350000000000033 25.505000000000006 4.2950000000000008 4.3250000000000011 19.785000000000004 0.047550000000000009 0.33255000000000007
decision_type=2 2 2 2 2 2 2 2 2 2 2 2 2 2
left_child=2 4 3 -1 7 8 -7 -2 -6 13 11 -11 -12 -3
right_child=1 9 -4 -5 5 6 -8 -9 -10 10 12 -13 -14 -15
leaf_value=-0.008348675639720686 -0.0022622463563253146 -0.00011551760960547889 -0.01115767055277072 0.02593794469727605 0.033571195882019365 0.0047550277684575409 -0.025631366569671937 -0.044731634360436923 -0.0021672087641650883 -0.031861686260469813 -0.028172596585965229 -0.00057990001685621494 -8.5255806723508602e-05 0.0036549900234720957
leaf_weight=14.456296086311339 9.9248307840898651 4937.8655954245478 18.879160818643868 34.460160350427032 9.4222953319549578 18.656196657568216 29.250113550573587 13.27256796415895 9.4560098648071271 56.845238397829235 26.018210115609691 68.428497697226703 1934.3143211589195 1088.4104080037214
leaf_count=105 97 33350 94 249 121 87 170 140 81 562 996 455 13883 5610
internal_value=-2.59865e-06 -7.35271e-05 0.00821777 0.0159083 -0.0117307 -0.00478045 -0.0142151 -0.0289013 0.0178275 6.00699e-05 -0.00140327 -0.0151878 -0.000500519 0.000566956
internal_weight=8269.66 8201.86 67.7956 48.9165 89.982 66.7846 47.9063 23.1974 18.8783 8111.88 2085.61 125.274 1960.33 6026.28
internal_count=56000 55552 448 354 696 459 257 237 202 54856 15896 1017 14879 38960
is_linear=0
shrinkage=0.05


Tree=232
num_leaves=15
num_cat=1
split_feature=8 6 7 12 12 5 8 1 5 13 6 2 13 7
split_gain=1.90602 4.95356 4.64343 4.58168 7.45542 9.00605 8.48087 4.77426 3.78813 3.1625 9.96503 9.27344 17.9655 14.0444
threshold=2.5000000000000004 3.5000000000000004 0.25965000000000005 4.2350000000000012 3.3450000000000002 4.205000000000001 3.5000000000000004 6658.8150000000014 4.7950000000000008 3.5000000000000004 5.5000000000000009 0 5.5000000000000009 0.20415000000000003
decision_type=2 2 2 2 2 2 2 2 2 2 2 1 2 2
left_child=9 2 -2 4 5 -3 -6 8 -5 -1 -11 12 -12 -13
right_child=1 3 -4 7 6 -7 -8 -9 -10 10 11 13 -14 -15
leaf_value=-0.00071513213784891929 -0.028892912896710657 -0.01105238346343564 0.0051189182295388099 0.002537453492185092 -0.034209296648788259 0.029273776150327547 0.0072771622809306409 0.023691751421888511 0.020452233643677625 -0.0083497822119748908 0.017341022636552336 -0.011034749378343209 -0.0078402189947340013 0.0063119622228890102
leaf_weight=6214.8787507263478 21.440973602235317 30.281438771635294 15.696742091327904 822.28484128881246 33.00890102609992 20.900715241208673 17.344340054318309 26.493201691657305 27.704410752281547 179.71311678597704 265.5207648249343 180.91611478803679 94.210106756538153 316.18766556680202
leaf_count=43057 160 170 72 4649 220 106 88 145 161 1346 1694 2021 667 1444
internal_value=-4.1476e-06 0.00202171 -0.0152092 0.00272052 -0.0071934 0.00612425 -0.0203135 0.00388961 0.00319124 -0.000288474 0.00226434 0.00451192 0.010448 -2.89505e-05
internal_weight=8266.58 1015.16 37.1377 978.018 101.535 51.1822 50.3532 876.482 849.989 7251.43 1036.55 856.835 359.731 497.104
internal_count=56000 5771 232 5539 584 276 308 4955 4810 50229 7172 5826 2361 3465
cat_boundaries=0 1
cat_threshold=42
is_linear=0
shrinkage=0.05


Tree=233
num_leaves=15
num_cat=3
split_feature=2 6 3 1 3 3 6 1 1 13 12 2 2 3
split_gain=1.99399 3.63901 4.0311 3.82711 3.4475 8.44926 8.44491 3.4046 9.25577 9.63087 10.5762 8.29915 6.64841 8.77404
threshold=0 14.500000000000002 17.365000000000006 1549.0550000000001 24.455000000000002 23.225000000000005 3.5000000000000004 869.7650000000001 808.25500000000011 1.5000000000000002 18.005000000000006 1 2 17.485000000000003
decision_type=1 2 2 2 2 2 2 2 2 2 2 1 1 2
left_child=1 3 -3 4 5 -1 -6 8 9 10 -2 -10 13 -9
right_child=7 2 -4 -5 6 -7 -8 12 11 -11 -12 -13 -14 -15
leaf_value=7.4543859815298273e-05 -0.0036561094326083322 0.027811336828802422 -0.00066405501660603879 0.018708257842757075 0.025990969578808677 -0.018004048017741824 0.0021396162544637279 -0.0068822330619207955 -0.0042522058821932969 0.0023954515604660172 -0.039387523562751492 -0.028135061894075154 0.00014512857483063121 0.030965459253450706
leaf_weight=1360.8439203640446 1063.0432374686934 23.756096087396145 22.954880649223924 26.928341863676906 35.985367270186543 64.850514903664589 794.0902666086331 22.499435079284012 127.07363075856119 1022.7182838865556 18.166155183687806 47.750640075653791 3594.7345709146466 39.43729755282402
leaf_count=8704 7405 114 141 127 161 425 4174 164 892 6864 163 422 26047 197
internal_value=-3.77915e-06 0.0012319 0.0146223 0.000944448 0.000707826 -0.000783875 0.00326349 -0.000490358 -0.00200681 -0.00107939 -0.00436378 -0.0129614 0.000454189 0.0151941
internal_weight=8264.83 2329.41 46.711 2282.7 2255.77 1425.69 830.076 5935.42 2278.75 2103.93 1081.21 174.824 3656.67 61.9367
internal_count=56000 13846 255 13591 13464 9129 4335 42154 15746 14432 7568 1314 26408 361
cat_boundaries=0 1 2 3
cat_threshold=1 18 32
is_linear=0
shrinkage=0.05


Tree=234
num_leaves=15
num_cat=2
split_feature=3 0 0 5 7 7 7 9 0 11 7 12 5 12
split_gain=1.85196 1.93468 6.74427 7.35635 6.58934 5.81678 7.62133 3.43026 3.35406 4.23712 3.82738 2.56003 8.25527 4.7381
threshold=53.915000000000006 60.500000000000007 63.500000000000007 4.3550000000000013 0.34075000000000005 0.33255000000000007 0.15775000000000003 0 59.500000000000007 1 0.20705000000000004 26.125000000000004 4.2250000000000005 18.385000000000002
decision_type=2 2 2 2 2 2 2 1 2 1 2 2 2 2
left_child=1 8 5 4 -4 6 -3 -5 11 -10 -11 13 -13 -1
right_child=-2 2 3 7 -6 -7 -8 -9 9 10 -12 12 -14 -15
leaf_value=-0.00033565951815330204 0.0099346263778493111 -0.0061217642995778816 -0.015836099563085525 0.023706662821511584 0.014547684391529031 -0.012904543397528515 0.023380522692084345 -0.0046748164736913327 0.0064801635565596098 -0.0047149900359498313 -0.041007831655225035 0.00069121862178375963 -0.018093684532137742 0.0040964969216802467
leaf_weight=6968.2730709505267 43.595351470634341 27.619219533167779 86.938120502978563 17.608928417786956 19.752118779346347 17.781040655449033 85.913937486708164 16.588028621859848 15.753433857113123 14.63056353852153 13.397578530013559 199.51437541376799 79.620016635861248 657.09221395291388
leaf_count=47486 196 289 658 95 88 104 340 122 100 139 84 1324 666 4309
internal_value=-5.40363e-06 -6.17232e-05 0.00405986 -0.00351638 -0.00996696 0.0120854 0.0162307 0.0157894 -0.000204352 -0.013553 -0.0243507 -0.000125302 -0.00480239 4.77286e-05
internal_weight=8264.08 8220.48 272.201 140.887 106.69 131.314 113.533 34.197 7948.28 43.7816 28.0281 7904.5 279.134 7625.37
internal_count=56000 55804 1696 963 746 733 629 217 54108 323 223 53785 1990 51795
cat_boundaries=0 1 2
cat_threshold=22 1
is_linear=0
shrinkage=0.05


Tree=235
num_leaves=15
num_cat=1
split_feature=8 0 12 3 0 2 1 5 0 7 1 5 5 1
split_gain=1.85589 4.70175 9.20313 11.0342 9.50614 10.6119 8.6007 7.70295 6.20921 16.755 10.7527 6.70733 6.82689 6.10781
threshold=1.0000000180025095e-35 36.500000000000007 8.5850000000000026 7.1550000000000011 29.500000000000004 0 5954.5050000000001 4.2950000000000008 37.500000000000007 0.27915000000000006 708.33000000000015 4.8350000000000009 4.5750000000000011 846.35500000000013
decision_type=2 2 2 2 2 1 2 2 2 2 2 2 2 2
left_child=1 2 3 -1 5 -4 -5 -6 9 10 -3 12 -10 -13
right_child=-2 8 4 6 7 -7 -8 -9 11 -11 -12 13 -14 -15
leaf_value=-0.021087895556576919 0.00055549977925854733 0.042684824865772228 0.0099988507079945763 0.0042244745916962178 -0.018638509644554394 -0.0074808657622607473 -0.027257819080871694 -0.00060997240754261095 0.00048716280199589073 -0.014548240535476499 0.0036064528857047574 -0.001176238123859259 -0.011469672598474999 0.041637925512760111
leaf_weight=48.595446986146271 5302.7414951724932 38.979713167995214 115.9567735013552 563.41769629484043 220.58225285355002 255.25000075250864 19.58800900913775 80.892045930959284 1392.139534776099 36.293879445642233 31.347968819085509 15.0552593334578 127.55790738365613 15.213953729718922
leaf_count=553 33923 224 874 3947 1751 1909 179 696 10056 183 302 115 1156 132
internal_value=-4.33631e-06 -0.00100652 -0.00324846 0.00108584 -0.00730483 -0.00191692 0.00303259 -0.0138547 0.000761316 0.0122614 0.0261262 -5.1928e-05 -0.000537071 0.0221572
internal_weight=8263.61 2960.87 1304.28 631.601 672.681 371.207 583.006 301.474 1656.59 106.622 70.3277 1549.97 1519.7 30.2692
internal_count=56000 22077 9909 4679 5230 2783 4126 2447 12168 709 526 11459 11212 247
cat_boundaries=0 1
cat_threshold=36
is_linear=0
shrinkage=0.05


Tree=236
num_leaves=15
num_cat=1
split_feature=7 5 3 12 3 0 7 7 0 1 13 12 2 7
split_gain=1.85588 4.37717 4.75415 3.86973 3.34863 2.16761 9.70033 13.1805 13.8133 11.5075 10.6359 12.9342 8.63542 8.49042
threshold=0.45485000000000003 4.6450000000000005 19.565000000000001 5.8150000000000004 6.6950000000000012 36.500000000000007 0.073250000000000023 0.052350000000000008 20.500000000000004 517.43500000000006 1.5000000000000002 19.905000000000005 0 0.079450000000000007
decision_type=2 2 2 2 2 2 2 2 2 2 2 2 1 2
left_child=5 2 3 -2 -5 6 7 9 -9 -1 11 -8 -12 -7
right_child=1 -3 -4 4 -6 13 10 8 -10 -11 12 -13 -14 -15
leaf_value=-0.031197613073793113 0.015194938780041257 -0.014862373714065359 0.016923584006953891 0.011946928635706297 -0.0089850670625967691 -0.008404427704800873 -0.0038313614280788806 0.055725218200187193 0.011558167260956598 0.0076052457652336777 -0.0041210111079379866 -0.041823648305725325 0.0036841862507731578 0.0011357622442803815
leaf_weight=24.87954018637538 32.704374847002327 23.323551557026803 71.592217441182584 22.456070585176349 75.31112991925329 243.91541082249023 1758.214846054092 20.569819686003029 81.19772064499557 58.155161778908223 502.90397725813091 19.730492765083909 1124.8890094766393 4203.8400267520919
leaf_count=530 238 177 837 151 641 4825 10829 258 1306 1418 3357 157 6434 24842
internal_value=-4.05274e-06 0.0044405 0.0068534 0.00107152 -0.00396467 -0.000130285 -0.00104366 0.0100208 0.0218255 -0.00470363 -0.00165233 -0.00432272 0.00126696 0.000607265
internal_weight=8263.68 225.387 202.064 130.472 97.7672 8038.3 3590.54 184.802 101.768 83.0347 3405.74 1777.95 1627.79 4447.76
internal_count=56000 2044 1867 1030 792 53956 24289 3512 1564 1948 20777 10986 9791 29667
cat_boundaries=0 1
cat_threshold=6
is_linear=0
shrinkage=0.05


Tree=237
num_leaves=15
num_cat=1
split_feature=2 3 12 3 7 6 3 7 1 1 1 3 1 7
split_gain=1.83344 5.63711 9.17461 5.40367 6.08964 5.31799 10.4382 5.08602 4.04647 13.6328 11.1854 12.3809 13.6469 7.20994
threshold=0 2.4050000000000007 7.9650000000000007 3.4150000000000005 0.21415000000000003 3.5000000000000004 29.125000000000004 0.27365000000000006 869.7650000000001 621.91500000000008 947.41000000000008 14.255000000000001 903.2600000000001 0.063850000000000004
decision_type=1 2 2 2 2 2 2 2 2 2 2 2 2 2
left_child=1 2 -1 4 -3 6 -5 -7 9 13 11 12 -10 -2
right_child=8 3 -4 5 -6 7 -8 -9 10 -11 -12 -13 -14 -15
leaf_value=0.0072496286729248462 0.022442094772717198 0.037389351147941174 -0.036877151767164183 0.001859712975942923 0.0031776512406093251 -0.00098383693977403624 0.030648987528400153 0.0031470822477855571 -0.042492370145315789 -0.0097305229030622276 -0.00037829534138131456 0.021219357437416011 0.011115599821754588 -0.00022514369428139867
leaf_weight=20.545906471088529 33.548588366713375 18.497681306675076 22.221566336229444 115.88001256808639 34.52463792450726 2228.2011467525735 40.454626206308603 1115.7793498369865 15.744727600365875 477.57750206207857 3117.6738858693279 119.06463018991053 29.955073265358806 872.47015882655978
leaf_count=151 664 198 214 753 159 15695 173 5092 159 3498 22835 705 222 5482
internal_value=-3.80469e-06 0.000842951 -0.0165926 0.00106899 0.016476 0.0008217 0.0097463 0.000396104 -0.000656919 -0.00292309 0.000298105 0.0128748 -0.00883356 0.000685487
internal_weight=8262.14 3596.1 42.7675 3553.34 53.0223 3500.32 156.335 3343.98 4666.03 1383.6 3282.44 164.764 45.6998 906.019
internal_count=56000 22435 365 22070 357 21713 926 20787 33565 9644 23921 1086 381 6146
cat_boundaries=0 1
cat_threshold=3
is_linear=0
shrinkage=0.05


Tree=238
num_leaves=15
num_cat=1
split_feature=7 3 13 7 0 8 1 1 9 12 0 0 1 7
split_gain=1.82716 1.83822 4.32189 8.73138 5.31041 5.69537 2.55086 11.6324 10.7188 10.1996 6.72504 5.89829 3.45827 1.62168
threshold=0.5676500000000001 46.140000000000008 1.0000000180025095e-35 0.21825000000000003 48.500000000000007 1.5000000000000002 5282.7000000000016 5016.1550000000007 0 3.5750000000000006 48.500000000000007 30.500000000000004 3381.5650000000005 0.60805000000000009
decision_type=2 2 2 2 2 2 2 2 1 2 2 2 2 2
left_child=1 6 3 -3 5 -4 7 12 10 -10 -8 -9 -1 -2
right_child=13 2 4 -5 -6 -7 8 11 9 -11 -12 -13 -14 -15
leaf_value=4.5963002673322576e-05 -0.001001561945767653 -0.027085721205263837 0.0046074923083592578 0.012178026658867004 -0.011395251234228293 0.02471075510269798 0.022132552070412221 0.0047699566196562669 0.029369008581209007 -0.0041127564404247283 -0.0091103019349567174 -0.034587780096027997 -0.0044360929370666959 0.025614185177090583
leaf_weight=7071.4527304805815 9.776900568511337 26.183212155476213 109.63361923769116 24.98680842295289 28.222545521333814 50.249793294817209 97.433771079173312 11.924970922991632 21.664704888127744 290.42699038237333 19.052995510399342 33.964864302426577 455.25833735428751 10.100125453434885
leaf_count=47190 204 160 547 109 157 210 633 110 141 2250 148 319 3620 202
internal_value=-2.82984e-06 -4.19892e-05 0.00424882 -0.00830024 0.00773923 0.0112645 -0.000171851 -0.000384795 0.00356721 -0.00148394 0.0156151 -0.0246951 -0.000226797 0.0141081
internal_weight=8260.33 8240.46 239.276 51.17 188.106 159.883 8001.18 7572.6 428.578 312.092 116.487 45.8898 7526.71 19.877
internal_count=56000 55594 1183 269 914 757 54411 51239 3172 2391 781 429 50810 406
cat_boundaries=0 1
cat_threshold=20
is_linear=0
shrinkage=0.05


Tree=239
num_leaves=15
num_cat=2
split_feature=9 6 6 1 7 12 7 3 12 3 2 5 1 1
split_gain=1.8352 3.40348 8.55535 7.53917 12.5335 7.88033 5.28995 6.67901 5.19167 9.27619 7.75926 8.71271 4.5497 3.95664
threshold=0 4.5000000000000009 6.5000000000000009 2785.5750000000003 0.29645000000000005 11.285000000000002 0.36825000000000008 4.7150000000000007 12.595000000000001 25.215000000000003 1 4.2250000000000005 2606.6000000000004 621.91500000000008
decision_type=1 2 2 2 2 2 2 2 2 2 1 2 2 2
left_child=1 8 3 5 -5 -3 7 -4 10 -10 11 -1 -8 -12
right_child=-2 2 6 4 -6 -7 12 -9 9 -11 13 -13 -14 -15
leaf_value=0.010477240083848536 -0.00040713709076937516 -0.0086047108975035851 -0.016682992473103592 -0.039693208856084822 0.010901975025074888 0.0069841378570662735 0.017312680993768335 0.0023693435027141436 -0.023758769277214278 0.017316139255628148 0.011769116485047127 0.04393343600926311 -0.0069741629607591327 -0.015112525869725705
leaf_weight=58.475334232673049 6378.4453635653481 222.356108316686 44.9620411824435 33.707284178584814 16.745747955515981 123.89053545240313 94.697099967394024 1134.1142093106173 28.130053424276412 21.799186823889613 20.123371945694089 28.377260064706206 22.266610208898783 31.024298714473844
leaf_count=317 44855 1361 366 305 76 697 626 6496 224 95 114 139 137 192
internal_value=-2.08726e-06 0.00136505 0.000657285 -0.00574097 -0.0232309 -0.00301478 0.00262444 0.00160232 0.00770109 -0.00586038 0.012628 0.0202559 0.0126304 -0.00377335
internal_weight=8259.11 1880.67 1692.74 396.7 50.453 346.247 1296.04 1179.08 187.93 49.9292 138 86.8526 116.964 51.1477
internal_count=56000 11145 10064 2439 381 2058 7625 6862 1081 319 762 456 763 306
cat_boundaries=0 1 2
cat_threshold=2 21
is_linear=0
shrinkage=0.05


Tree=240
num_leaves=15
num_cat=2
split_feature=5 6 11 5 1 7 3 1 1 7 0 11 3 7
split_gain=1.86238 9.01108 8.64314 11.061 10.9288 9.72787 13.4206 8.25043 16.3164 10.138 7.73959 7.199 23.5903 8.86996
threshold=3.6750000000000003 15.500000000000002 0 3.6950000000000007 8131.5850000000009 0.28515000000000007 3.6550000000000007 293.47000000000008 263.90500000000003 0.27365000000000006 43.500000000000007 1 8.1350000000000033 0.30475000000000008
decision_type=2 2 1 2 2 2 2 2 2 2 2 1 2 2
left_child=1 11 4 -4 5 6 -2 8 -5 -9 -7 12 13 -1
right_child=2 -3 3 7 -6 10 -8 9 -10 -11 -12 -13 -14 -15
leaf_value=-0.035954446178127257 0.039905580423346632 -0.031604618412791524 -0.023833213069590645 -0.0013124756127219713 0.033276481183474892 -0.0080393611013358703 0.0038656892759784214 -0.0047258206732995892 0.025104942328895735 0.0010709041022949506 0.0048223442171889466 0.0026460291580691709 0.00013874505856147819 -0.0035220132302117646
leaf_weight=64.070006402209401 23.603061986155808 18.162751744501293 54.053409124724567 193.46328284405172 25.368064577691257 337.04423505533487 956.68310317443684 1845.7570067006163 80.585041218437254 1272.5036238525063 175.84700264688581 2307.1718345154077 871.21651522535831 31.774137130007148
leaf_count=653 280 166 416 1321 183 1632 7954 17576 461 5718 760 13698 5040 142
internal_value=-1.78189e-06 0.000919858 -0.000613138 -0.00199752 0.00252648 0.00193839 0.00485255 -0.00162884 0.00664341 -0.00236153 -0.00362727 0.00112904 -0.00248711 -0.0256357
internal_weight=8257.3 3292.4 4964.91 3446.36 1518.55 1493.18 980.286 3392.31 274.048 3118.26 512.891 3274.23 967.061 95.8441
internal_count=56000 19699 36301 25492 10809 10626 8234 25076 1782 23294 2392 19533 5835 795
cat_boundaries=0 1 2
cat_threshold=1 1
is_linear=0
shrinkage=0.05


Tree=241
num_leaves=15
num_cat=2
split_feature=0 7 0 3 7 7 1 12 0 11 7 3 8 2
split_gain=1.74566 3.47933 3.47606 4.84391 16.129 8.25342 4.41486 4.64702 2.85904 3.61605 3.0872 2.80476 2.47957 2.31645
threshold=69.500000000000014 0.28315000000000007 60.500000000000007 11.805000000000001 0.13875000000000001 0.25645000000000007 1305.6150000000002 9.8050000000000015 59.500000000000007 0 0.20705000000000004 33.195000000000007 5.5000000000000009 1
decision_type=2 2 2 2 2 2 2 2 2 1 2 2 2 1
left_child=2 -2 8 6 11 -6 7 -4 12 -10 -11 -5 13 -1
right_child=1 -3 3 4 5 -7 -8 -9 9 10 -12 -13 -14 -15
leaf_value=-0.0019677827936068109 -0.024462442283924888 0.0065074681897202002 -0.011563753469849369 -0.041222525223342549 0.0177765329471282 -0.0054129337277025675 0.035016018394382405 0.021947535982923663 0.0061339661198024061 -0.0044201367983285091 -0.036877233435363845 -0.0072068960123462256 0.016745591166990575 0.00028483804311191577
leaf_weight=1368.5101725654677 17.568577045574788 14.403293572366236 16.818370047956705 18.278154871426526 91.386198114603758 62.760340661741793 20.959536603651941 19.11757711879909 15.751558230258524 14.581828590482475 13.890704415738581 10.559048688039182 18.886440515518188 6551.5268678357825
leaf_count=10674 171 60 129 289 419 293 144 124 100 139 85 70 91 43212
internal_value=-1.86495e-06 -0.0111491 4.55269e-05 0.0059382 0.001866 0.00841191 0.0182855 0.00658136 -0.000133701 -0.0123999 -0.0222606 -0.0306201 -6.07137e-05 -0.000107116
internal_weight=8255 31.9719 8223.03 239.879 182.984 154.147 56.8955 35.9359 7983.15 44.2241 28.4725 28.8372 7938.92 7920.04
internal_count=56000 231 55769 1468 1071 712 397 253 54301 324 224 359 53977 53886
cat_boundaries=0 1 2
cat_threshold=1 4
is_linear=0
shrinkage=0.05


Tree=242
num_leaves=15
num_cat=0
split_feature=5 0 1 1 7 7 3 3 1 0 0 5 3 7
split_gain=1.75124 5.44449 8.26546 7.47439 9.53347 7.44341 6.71998 7.24495 6.0968 4.60435 4.13745 2.78022 14.4004 12.5573
threshold=2.9250000000000003 47.500000000000007 633.40000000000009 2088.7600000000007 0.30715000000000003 0.16235000000000002 4.3350000000000009 5.6050000000000013 846.35500000000013 54.500000000000007 19.500000000000004 2.9650000000000003 27.715000000000003 0.32995000000000008
decision_type=2 2 2 2 2 2 2 2 2 2 2 2 2 2
left_child=1 6 5 4 -4 -3 8 -8 -1 -5 -9 12 13 -2
right_child=11 2 3 9 -6 -7 7 10 -10 -11 -12 -13 -14 -15
leaf_value=-0.045623878845875515 -0.038103436421781683 0.040303636693070403 -0.016328421231964037 0.0017202714551996839 0.021893828796883119 0.0085477834803825339 0.026224528839982164 0.011860023007105189 0.00097434427070019678 0.032372594784496327 -0.0013588716208412087 -0.00015856925175953635 0.020175093601892499 0.012396977690764763
leaf_weight=12.09400216303766 38.484882754273713 29.511997392401099 66.046008283272386 25.449020713567734 18.552075387910008 47.69389121606946 24.213951651006937 62.491936173290014 12.892201934009789 21.28125829435885 612.64705575723201 7241.9740409990773 25.378063352778554 15.782532240264116
leaf_count=103 300 169 411 148 85 197 124 311 99 101 3421 50355 109 67
internal_value=-2.47099e-06 0.00203421 0.00909122 0.00133578 -0.00748367 0.02174 -2.65885e-05 0.000930905 -0.0240534 0.0167903 -8.82554e-05 -0.000262699 -0.00938152 -0.0235364
internal_weight=8254.49 932.873 208.534 131.328 84.5981 77.2059 724.339 699.353 24.9862 46.7303 675.139 7321.62 79.6455 54.2674
internal_count=56000 5169 1111 745 496 366 4058 3856 202 249 3732 50831 476 367
is_linear=0
shrinkage=0.05


Tree=243
num_leaves=15
num_cat=1
split_feature=5 5 6 3 3 5 0 11 7 7 7 1 1 1
split_gain=1.7202 8.83155 13.594 7.70359 7.48051 6.93121 6.05364 5.55373 10.794 7.85637 5.02041 4.91832 4.09074 18.1334
threshold=4.2950000000000008 4.3350000000000009 7.5000000000000009 20.685000000000006 12.255000000000001 4.3150000000000004 64.500000000000014 0 0.34075000000000005 0.14695000000000003 0.28675000000000006 1132.5350000000001 328.86000000000007 358.14500000000004
decision_type=2 2 2 2 2 2 2 1 2 2 2 2 2 2
left_child=12 2 4 10 -2 -6 7 8 -3 -9 -4 -5 -1 -14
right_child=1 6 3 11 5 -7 -8 9 -10 -11 -12 -13 13 -15
leaf_value=-0.0033450993351709906 -0.025605567517901374 0.0065356574242142586 -0.054427822858022626 -0.022516539394098339 -0.0066996766625838705 0.02393162595584461 0.020634856793257217 -0.011072879472059776 -0.010572744853829842 -0.00071821481918588677 -0.018204457488065911 0.010131835754874158 0.016870073628764106 0.0003497079058799405
leaf_weight=641.54892164422199 16.120988992974162 489.66575177758932 23.513657586183399 24.291039925999939 33.116966827772558 35.992973983287811 31.064892970956862 216.88217275775969 110.59090069960803 1100.6176885161549 21.983400881290436 17.634665003977716 168.46076116897166 5322.3296981952153
leaf_count=4020 178 3834 344 190 233 218 195 4022 565 6219 107 123 940 34812
internal_value=-1.02461e-06 -0.00122724 -0.0119652 -0.0254728 0.00228479 0.00958527 -0.000258995 -0.000629146 0.00334671 -0.00244405 -0.0391341 -0.00902452 0.000423576 0.000865498
internal_weight=8253.81 2121.48 172.654 87.4228 85.2309 69.1099 1948.82 1917.76 600.257 1317.5 45.4971 41.9257 6132.34 5490.79
internal_count=56000 16228 1393 764 629 451 14835 14640 4399 10241 451 313 39772 35752
cat_boundaries=0 1
cat_threshold=1
is_linear=0
shrinkage=0.05


Tree=244
num_leaves=15
num_cat=0
split_feature=8 6 3 12 12 7 5 1 3 7 1 7 12 3
split_gain=1.7088 4.70953 4.41724 4.1514 6.68905 8.24581 8.21477 4.39806 3.487 2.79501 6.60756 5.96756 13.2597 9.55515
threshold=2.5000000000000004 3.5000000000000004 21.455000000000002 4.2350000000000012 3.3450000000000002 0.27735000000000004 4.205000000000001 6658.8150000000014 28.775000000000002 0.027450000000000006 1260.5050000000003 0.036650000000000009 10.035000000000002 22.545000000000005
decision_type=2 2 2 2 2 2 2 2 2 2 2 2 2 2
left_child=9 2 -2 4 6 -6 -3 8 -5 10 -1 12 13 -11
right_child=1 3 -4 7 5 -7 -8 -9 -10 11 -12 -13 -14 -15
leaf_value=-0.00010681515500460709 -0.029506568134047225 -0.010606296112682698 0.0035222956232219258 0.0011665140885152184 -0.034247671784297912 0.0057676336100779798 0.027928447164514359 0.022712498432881437 0.0085211887245968902 0.068424990680249584 -0.042033662337564129 -0.00029442324909275709 -0.016877359999256696 -0.0006101596894251644
leaf_weight=31.220385412685573 19.616891752928495 30.279906056821346 17.28343316167593 635.12899156939238 30.816963652148843 19.559791391715407 20.852928632870317 26.50677072070539 213.53393213544041 11.340193577110773 10.453093445859848 7165.9637078996748 12.666598657378925 7.6247353069484225
leaf_count=793 142 170 90 3760 218 90 106 145 1050 288 412 48227 363 146
internal_value=-2.49129e-06 0.00191716 -0.0149348 0.00259763 -0.00683992 -0.01926 0.00578574 0.00371191 0.00304054 -0.000271947 -0.01274 -0.000194481 0.0205112 0.0443773
internal_weight=8252.85 1013.58 36.9003 976.679 101.51 50.3768 51.1328 875.17 848.663 7239.27 41.6735 7197.6 31.6315 18.9649
internal_count=56000 5771 232 5539 584 308 276 4955 4810 50229 1205 49024 797 434
is_linear=0
shrinkage=0.05


Tree=245
num_leaves=14
num_cat=2
split_feature=7 1 12 9 12 6 6 2 5 5 5 12 5
split_gain=1.70159 1.99835 1.85042 4.54885 4.51132 4.1672 7.81672 4.01691 2.15799 8.66463 4.67622 1.04266 0.749101
threshold=0.54360000000000008 2451.9700000000003 2.1350000000000002 0 2.6650000000000005 9.5000000000000018 7.5000000000000009 1 4.2950000000000008 4.3250000000000011 4.2750000000000012 7.3050000000000006 3.9350000000000005
decision_type=2 2 2 1 2 2 2 1 2 2 2 2 2
left_child=2 11 3 7 5 6 -4 -1 10 -10 -6 -2 -13
right_child=1 -3 4 -5 8 -7 -8 -9 9 -11 -12 12 -14
leaf_value=-0.0025048146194035204 0.0021534034864625017 -0.0089517966856774989 -0.01723027519454411 -0.0080011400288283029 0.00030455356472535691 -0.027756991454142229 0.016580374190108636 0.027468040429674979 -0.01406645219009676 -0.00056061505654191328 0.01125795657764766 0.033368848519674719 0.0095921092609727171
leaf_weight=21.27951567620039 9.3221635883674043 8.0066159721463901 40.629694972652942 24.82712796702981 5896.0286495569162 23.796907302923501 25.222943278960884 21.768847299739718 123.5016893716529 1944.3539522720966 96.082476295530796 7.3904739953577545 10.032302901148794
leaf_count=145 169 119 330 190 37867 189 171 110 1004 14714 670 160 162
internal_value=-2.48043e-06 0.0105885 -5.11171e-05 0.007993 -0.000121031 -0.0110913 -0.00412191 0.0155075 5.0714e-06 -0.00138645 0.000485735 0.0167511 0.023098
internal_weight=8252.24 34.7516 8217.49 67.8755 8149.62 89.6495 65.8526 43.0484 8059.97 2067.86 5992.11 26.7449 17.4228
internal_count=56000 610 55390 445 54945 690 501 255 54255 15718 38537 491 322
cat_boundaries=0 1 2
cat_threshold=19 21
is_linear=0
shrinkage=0.05


Tree=246
num_leaves=15
num_cat=3
split_feature=9 0 2 6 3 3 7 5 1 1 2 1 0 5
split_gain=1.69638 3.37293 7.15526 7.4896 8.33602 6.00885 7.40093 5.57766 4.19379 12.044 10.5201 3.02569 4.83307 4.77948
threshold=0 27.500000000000004 1 4.5000000000000009 24.905000000000005 36.865000000000002 0.31915000000000004 4.8950000000000005 1167.7200000000003 738.16500000000008 2 222.17500000000004 49.500000000000007 2.8850000000000002
decision_type=1 2 1 2 2 2 2 2 2 2 1 2 2 2
left_child=1 2 3 -1 -5 6 -4 8 9 -3 -10 12 13 -2
right_child=11 7 5 4 -6 -7 -8 -9 10 -11 -12 -13 -14 -15
leaf_value=0.026296669644107335 0.012209198703411138 0.0034533342324798762 -0.023592436071637867 0.006325447997569851 -0.015329384850877604 0.013735002749731202 0.0066870960599813749 0.0274813456987371 -0.0016899979718366016 -0.0090788952580110865 0.011720816722888964 -0.00019946990097183292 0.0086916295452570264 -0.013917255231134748
leaf_weight=26.022958615794778 17.766654271632433 674.08301260415465 86.818758791312575 129.97264184057713 63.762856444343925 16.283601384609938 24.565899321809411 18.750584297347814 281.8642972165253 264.44039778504521 291.16226727841422 6185.9464327110909 38.634389928542078 131.66542894672602
leaf_count=129 99 3817 636 827 335 71 121 99 1858 1633 1619 43568 236 952
internal_value=-9.27075e-07 0.00131463 -0.00310753 0.00249566 -0.000926737 -0.0118708 -0.016914 0.0023313 0.0019655 -9.54511e-05 0.0053239 -0.000390365 -0.00658806 -0.0106318
internal_weight=8251.74 1877.73 347.427 219.758 193.735 127.668 111.385 1530.3 1511.55 938.523 573.027 6374.01 188.066 149.432
internal_count=56000 11145 2119 1291 1162 828 757 9026 8927 5450 3477 44855 1287 1051
cat_boundaries=0 1 2 3
cat_threshold=2 21 5
is_linear=0
shrinkage=0.05


Tree=247
num_leaves=14
num_cat=1
split_feature=0 7 0 0 5 12 0 11 0 5 1 8 7
split_gain=1.6925 3.23738 2.92973 4.74662 5.24788 6.90618 4.98069 3.51798 2.70223 3.49408 3.11421 2.29131 2.28385
threshold=69.500000000000014 0.28315000000000007 60.500000000000007 61.500000000000007 4.3450000000000006 10.875000000000002 64.500000000000014 0 59.500000000000007 3.7850000000000006 967.8950000000001 5.5000000000000009 0.23845000000000002
decision_type=2 2 2 2 2 2 2 1 2 2 2 2 2
left_child=2 -2 8 7 5 -5 -6 -4 11 -10 -11 12 -1
right_child=1 -3 3 4 6 -7 -8 -9 9 10 -12 -13 -14
leaf_value=-0.00093168420762872151 -0.023872991732260703 0.0061046453661934268 0.027495533225597835 0.0051850715263036268 -0.0013383553843023281 -0.017480046485641446 0.030035267474727408 0.0019561030123939681 0.0044398687425826295 -0.037265035774593794 -0.0033615205638674525 0.016133183283487836 0.00076625966350661774
leaf_weight=3995.7842105266172 17.46090550720692 14.314871061593292 33.216735821217299 85.527296867221594 23.461067926138639 51.361852212809026 23.844381905160844 22.261208793148398 18.27136068418622 13.398976442404093 12.651068411767481 18.822480907663703 3920.7004066347145
leaf_count=36135 171 60 167 540 147 361 131 122 110 112 102 91 17751
internal_value=7.08039e-07 -0.0110066 4.72624e-05 0.00545941 0.00149383 -0.00351155 0.0153237 0.0178736 -0.000117285 -0.01203 -0.0228475 -4.62271e-05 -9.07926e-05
internal_weight=8251.08 31.7758 8219.3 239.673 184.195 136.889 47.3054 55.4779 7979.63 44.3214 26.05 7935.31 7916.48
internal_count=56000 231 55769 1468 1179 901 278 289 54301 324 214 53977 53886
cat_boundaries=0 1
cat_threshold=2
is_linear=0
shrinkage=0.05


Tree=248
num_leaves=15
num_cat=1
split_feature=8 6 7 1 7 3 3 7 12 12 11 5 5 5
split_gain=1.66334 4.70112 6.92361 6.40283 6.18123 20.5351 12.2287 5.74572 7.1301 5.68903 5.64257 5.16079 11.3064 11.0433
threshold=1.0000000180025095e-35 6.5000000000000009 0.050850000000000006 6658.8150000000014 0.074450000000000002 18.085000000000004 30.815000000000001 0.030050000000000004 8.0150000000000023 8.2150000000000016 0 4.6350000000000007 4.2150000000000007 4.8450000000000006
decision_type=2 2 2 2 2 2 2 2 2 2 1 2 2 2
left_child=1 4 7 9 5 -1 -7 8 -3 -4 -5 12 -6 -13
right_child=-2 2 3 10 11 6 -8 -9 -10 -11 -12 13 -14 -15
leaf_value=-0.03425553293366139 0.00053126564990873279 -0.032607358123402375 0.0042279436448436807 0.0048449125366929607 -0.0072497536551851946 0.057601382254440614 -0.0011839381679872273 -0.036216412944532352 0.031345627203701133 -0.0011846241801402113 -0.028045872741428619 -0.029652992239292564 0.0062587827025826527 0.016114420059519022
leaf_weight=13.349052424309773 5293.2524181832559 4.5582107445225102 875.71370565425605 19.4446034822613 596.17434740997851 18.532411139458418 14.814925445243714 20.152359688421711 7.3904531956650317 1082.6298358696513 32.302882254123688 48.270620768889785 206.32833716273308 15.579459688626228
leaf_count=541 33923 181 6045 144 3943 325 167 684 249 7530 294 424 1442 108
internal_value=8.1169e-07 -0.000948881 0.000385527 0.000768833 -0.003925 0.0132637 0.0335432 -0.0216305 0.00530094 0.00123848 -0.0160986 -0.00489405 -0.00376625 -0.0182637
internal_weight=8248.49 2955.24 2042.19 2010.09 913.049 46.6964 33.3473 32.101 11.9487 1958.34 51.7475 866.353 802.503 63.8501
internal_count=56000 22077 15127 14013 6950 1033 492 1114 430 13575 438 5917 5385 532
cat_boundaries=0 1
cat_threshold=1
is_linear=0
shrinkage=0.05


Tree=249
num_leaves=15
num_cat=4
split_feature=12 12 5 7 3 2 2 7 9 0 2 6 13 12
split_gain=1.6887 9.00385 8.23659 7.70938 16.2549 15.1903 12.4752 6.91011 7.52729 6.76684 12.4311 7.42468 6.10277 5.24044
threshold=6.495000000000001 5.5650000000000004 2.5950000000000002 0.12165000000000002 22.545000000000005 0 1 0.14815000000000003 2 32.500000000000007 3 3.5000000000000004 2.5000000000000004 7.4050000000000011
decision_type=2 2 2 2 2 1 1 2 1 2 1 2 2 2
left_child=1 3 -3 4 5 -1 -6 8 -5 10 -4 -11 -9 -2
right_child=13 2 9 7 6 -7 -8 12 -10 11 -12 -13 -14 -15
leaf_value=0.018588462002103314 0.0045428027030489085 -0.031347536724103169 0.011096252549278325 -0.008287402986259039 0.0040508809299868364 -0.015879955902049932 -0.031499902563438459 0.00031619895168459366 0.018869238332008792 0.019460891533621367 -0.012692774707498225 -0.010197866614659771 0.016999493938299338 -9.0755651313787877e-05
leaf_weight=67.154604487121105 688.6076739304699 28.027313055470586 133.94032726762816 29.013813836500049 38.462376968935132 41.56345733627677 69.228558412753046 1340.9785076752305 93.652435367926955 19.597640546038747 75.229027346242219 384.83799651358277 54.157952243462205 5183.76347942953
leaf_count=1232 4529 191 853 226 445 974 810 6934 905 117 574 2795 254 35161
internal_value=-4.37178e-07 -0.00112438 -0.00616997 0.00074985 -0.00801352 0.00558088 -0.0215169 0.00201268 0.0132435 -0.00487303 0.00240664 -0.00862799 0.000998916 0.000454628
internal_weight=8248.22 2375.84 641.632 1734.21 216.409 108.718 107.691 1517.8 122.666 613.605 209.169 404.436 1395.14 5872.37
internal_count=56000 16310 4530 11780 3461 2206 1255 8319 1131 4339 1427 2912 7188 39690
cat_boundaries=0 1 2 3 4
cat_threshold=37 6 2 13
is_linear=0
shrinkage=0.05


Tree=250
num_leaves=15
num_cat=5
split_feature=5 3 2 11 1 9 6 3 9 13 2 7 5 5
split_gain=1.71865 4.1726 5.16599 4.98426 4.67443 4.4421 3.29696 1.92601 2.0218 6.15954 8.52798 5.50969 11.8238 5.29833
threshold=2.3150000000000004 10.265000000000002 0 1 1069.8600000000004 2 7.5000000000000009 53.915000000000006 3 6.5000000000000009 4 0.032450000000000007 3.8450000000000002 3.6650000000000005
decision_type=2 2 1 1 2 1 2 2 1 2 1 2 2 2
left_child=1 -1 3 6 5 -4 -3 8 9 13 -11 12 -10 -2
right_child=7 2 4 -5 -6 -7 -8 -9 11 10 -12 -13 -14 -15
leaf_value=-0.012790253852234271 0.0027542112143386964 0.011263729975513288 0.0056400582384512178 0.00079720204293558911 0.011484188383078502 -0.022668021941510252 0.039366882753743171 0.010093907104759815 0.037991151973577601 0.022395919281895812 -0.0068809100443005854 -0.0010934313165233342 -0.01443897593657135 -0.0011449363955404112
leaf_weight=25.551512819714844 1409.9161122096702 22.058369625359774 21.025761917233467 26.909677747637033 32.313580010086298 20.926172934472561 24.735562328249216 42.995762120932341 23.23612695839256 58.235776515677571 34.87063299678266 4219.9391680033877 16.087519090622663 2269.7459667157382
leaf_count=175 8050 108 103 142 152 125 108 194 422 295 245 29731 562 15588
internal_value=-1.88708e-06 0.00487871 0.00812334 0.0161234 -0.00196623 -0.0128389 0.027596 -0.000108537 -0.000166899 0.00067498 0.0131729 -0.000912013 0.0170386 0.000350105
internal_weight=8248.55 173.521 147.969 73.7036 74.2655 41.9519 46.7939 8075.03 8032.03 3772.77 93.1064 4259.26 39.3236 3679.66
internal_count=56000 913 738 358 380 228 216 55087 54893 24178 540 30715 984 23638
cat_boundaries=0 1 2 3 4 5
cat_threshold=38 2 3 22 13
is_linear=0
shrinkage=0.05


Tree=251
num_leaves=15
num_cat=1
split_feature=7 3 13 7 0 8 1 1 9 12 0 0 0 7
split_gain=1.62777 1.63675 3.97827 8.01011 4.83798 5.12845 2.35034 10.5593 9.55162 9.30306 6.25037 5.4959 3.24746 1.56576
threshold=0.5676500000000001 46.140000000000008 1.0000000180025095e-35 0.21825000000000003 48.500000000000007 1.5000000000000002 5282.7000000000016 5016.1550000000007 0 3.5750000000000006 48.500000000000007 30.500000000000004 68.500000000000014 0.60805000000000009
decision_type=2 2 2 2 2 2 2 2 1 2 2 2 2 2
left_child=1 6 3 -3 5 -4 7 12 10 -10 -8 -9 -1 -2
right_child=13 2 4 -5 -6 -7 8 11 9 -11 -12 -13 -14 -15
leaf_value=-0.00013863400127884015 -0.0013152702801149229 -0.026036057400656083 0.004445640657838308 0.011668798116424246 -0.010875460267937533 0.023596555071275459 0.021058210731391146 0.0047958787944915766 0.028064551031269987 -0.0038615259441373722 -0.0090652832865928488 -0.033188686403921232 -0.01458311854772011 0.024945294818301683
leaf_weight=7480.2693716879003 9.70008375775069 26.114431601017714 109.42137283459306 24.778674112632871 28.24349675513804 49.714155543595552 97.483102439669892 11.924307205714284 21.751192017458379 290.04265331546776 19.002058066427708 33.727071261499077 36.115720107220113 9.776683522388339
leaf_count=50541 204 160 547 109 157 210 633 110 141 2250 148 319 269 202
internal_value=-4.40087e-07 -3.71308e-05 0.00402031 -0.00805078 0.00737408 0.0107543 -0.000159588 -0.000364204 0.00343068 -0.00134535 0.0148012 -0.0235831 -0.000213829 0.0134367
internal_weight=8248.06 8228.59 238.272 50.8931 187.379 159.136 7990.32 7562.04 428.279 311.794 116.485 45.6514 7516.39 19.4768
internal_count=56000 55594 1183 269 914 757 54411 51239 3172 2391 781 429 50810 406
cat_boundaries=0 1
cat_threshold=20
is_linear=0
shrinkage=0.05


Tree=252
num_leaves=15
num_cat=0
split_feature=7 12 7 1 3 3 3 3 1 7 12 12 6 7
split_gain=1.5799 9.45038 5.75904 5.37828 5.04323 4.8677 10.8049 7.63902 4.14121 2.30013 12.8788 8.10505 5.38162 3.63493
threshold=0.027450000000000006 16.855000000000004 0.032450000000000007 672.08500000000015 24.595000000000002 28.945000000000004 20.055000000000003 10.145000000000001 541.22000000000014 0.052350000000000008 4.6850000000000014 7.2550000000000008 9.5000000000000018 0.059750000000000004
decision_type=2 2 2 2 2 2 2 2 2 2 2 2 2 2
left_child=1 3 5 4 8 6 7 -2 -1 10 12 -12 -4 -11
right_child=2 -3 9 -5 -6 -7 -8 -9 -10 13 11 -13 -14 -15
leaf_value=-0.038323103799822358 0.039424249391237065 0.031984032224936523 0.0050875579105180285 -0.035292212104751829 0.022291823239330041 -0.014045349316327289 0.076588681677930356 -0.033785743179458587 0.015512423371856592 0.011245635038279529 -0.03903380079824148 -0.0056604708236154856 0.05937968651484915 -1.3696376743905697e-05
leaf_weight=7.2191660176031309 3.391966655384751 8.6748286997899395 10.799384143203499 20.325127466581762 9.8776103341951949 4.2730103228241196 5.8874615626409641 5.0584637778811157 3.458845573477447 69.330373615026474 21.803234664257616 73.399715244304389 5.7941616661846629 7997.7978512323461
leaf_count=221 110 202 236 675 152 78 100 156 89 1161 545 1614 89 50572
internal_value=-3.62982e-08 -0.00864151 5.53452e-05 -0.0188595 -0.00018562 0.0258325 0.0380909 -0.0017696 -0.021307 -1.27603e-05 -0.00704049 -0.0142625 0.0302344 8.72129e-05
internal_weight=8247.09 49.5556 8197.54 40.8807 20.5556 18.6109 14.3379 8.45043 10.678 8178.92 111.796 95.2029 16.5935 8067.13
internal_count=56000 1339 54661 1137 462 444 366 266 310 54217 2484 2159 325 51733
is_linear=0
shrinkage=0.05


Tree=253
num_leaves=15
num_cat=0
split_feature=12 12 8 12 7 8 3 6 0 0 1 3 3 5
split_gain=1.57948 10.5259 10.8266 10.2085 8.44991 8.2354 6.28523 5.76274 8.64827 6.56797 7.95287 6.455 6.27159 6.02357
threshold=3.1750000000000003 3.3450000000000002 1.5000000000000002 3.5050000000000003 0.18875000000000003 1.5000000000000002 13.535000000000002 6.5000000000000009 37.500000000000007 29.500000000000004 1482.5200000000002 15.885000000000003 19.075000000000003 4.245000000000001
decision_type=2 2 2 2 2 2 2 2 2 2 2 2 2 2
left_child=7 2 4 5 -2 6 -3 8 11 -9 -11 -1 -12 -10
right_child=1 3 -4 -5 -6 -7 -8 9 13 10 12 -13 -14 -15
leaf_value=-0.05710131165210728 0.030084407535130961 0.017684988526648786 0.040728898265197891 0.00011762244245611613 -0.011205675238298983 -0.04719399070551436 -0.020003383121922156 0.015318030715630536 -0.010769566915982187 0.0026136728013869933 -0.043360923863651681 -0.014519659289208415 -0.0057584371785723166 0.023754533879913886
leaf_weight=11.984611072577534 15.879753885790704 14.087564609013496 28.959678927436471 7789.6451769571286 33.189042959362268 16.51999559160322 29.263410785235465 56.101532540284097 36.96998402941972 124.15568540990353 16.362370885908604 29.689785853028297 28.533901151269674 15.473764254711567
leaf_count=153 178 110 134 52761 169 142 210 364 267 812 185 211 201 103
internal_value=1.32396e-06 0.000140763 0.0180695 -4.42941e-05 0.00312017 -0.0201112 -0.00740403 -0.00343004 -0.0136114 0.00094895 -0.00400352 -0.0297774 -0.0213202 0.000151076
internal_weight=8246.82 7927.54 78.0285 7849.52 49.0688 59.871 43.351 319.272 94.1181 225.153 169.052 41.6744 44.8963 52.4437
internal_count=56000 53704 481 53223 347 462 320 2296 734 1562 1198 364 386 370
is_linear=0
shrinkage=0.05


Tree=254
num_leaves=15
num_cat=1
split_feature=7 5 3 12 3 12 12 8 12 7 8 3 3 11
split_gain=1.5755 3.89943 4.36436 3.62602 3.19983 1.98029 8.87573 10.2646 9.93431 8.49589 7.1853 5.81313 8.79088 9.90236
threshold=0.45485000000000003 4.6450000000000005 19.565000000000001 5.8150000000000004 15.645000000000001 3.1750000000000003 3.3450000000000002 1.5000000000000002 3.5050000000000003 0.18875000000000003 1.5000000000000002 13.655000000000003 11.805000000000001 0
decision_type=2 2 2 2 2 2 2 2 2 2 2 2 2 1
left_child=5 2 3 -2 -5 11 7 9 10 -7 -8 12 13 -1
right_child=1 -3 -4 4 -6 6 8 -9 -10 -11 -12 -13 -14 -15
leaf_value=0.0068669138482974831 0.014679519858582603 -0.01398888331267188 0.016190181851032267 0.0010339135060468097 -0.019760462692431896 0.028388811502778284 -0.0078437087772644919 0.03884514505077008 3.0469392964177707e-05 -0.013256863166873776 -0.045474234674846556 0.00030099187189525339 -0.047982059327062378 -0.030035526589077217
leaf_weight=46.501367715187371 32.270531271584332 23.607008563354611 70.152611393015832 76.429044199176133 21.296468598768115 16.158604904077947 41.350564639549702 28.51813786290586 7582.2798294029199 30.987042162567377 16.437230810523033 221.31235860381275 13.419824669137595 25.99219265114516
leaf_count=384 238 177 837 587 205 178 305 130 50842 153 141 1434 148 241
internal_value=-2.77293e-07 0.0041098 0.00641954 0.000900536 -0.0039512 -0.000116398 4.10699e-05 0.0167505 -0.000130922 0.00186115 -0.0202634 -0.00403324 -0.0148316 -0.00703205
internal_weight=8246.71 223.756 200.149 129.996 97.7255 8022.96 7715.73 75.6638 7640.07 47.1456 57.7878 307.226 85.9134 72.4936
internal_count=56000 2044 1867 1030 792 53956 51749 461 51288 331 446 2207 773 625
cat_boundaries=0 1
cat_threshold=2
is_linear=0
shrinkage=0.05


Tree=255
num_leaves=15
num_cat=2
split_feature=12 9 7 12 6 6 7 9 6 1 7 7 0 5
split_gain=1.59255 4.20699 4.39763 4.12181 3.72316 7.24727 8.14714 1.97978 10.3643 12.2742 9.24 4.70513 11.62 7.54108
threshold=2.1350000000000002 0 0.20275000000000001 2.6650000000000005 9.5000000000000018 7.5000000000000009 0.16925000000000004 1 8.5000000000000018 4633.0550000000012 0.096750000000000017 0.083350000000000021 20.500000000000004 4.8450000000000006
decision_type=2 1 2 2 2 2 2 1 2 2 2 2 2 2
left_child=1 2 -1 4 5 6 -2 8 10 -10 -5 12 -9 -13
right_child=3 -3 -4 7 -6 -7 -8 11 9 -11 -12 13 -14 -15
leaf_value=0.035159737624917906 0.015166908555012466 -0.0078457613770872674 0.0035964296124160245 0.017307909547619731 -0.026268991410625754 0.01586477515446607 -0.030341770525691671 0.022262325322170082 -0.0079574718820972206 0.015195310745298861 0.0003321484343141003 0.0005675089134475641 -0.0075515993004175684 0.01312294363191463
leaf_weight=17.545607853680849 12.122894411906598 24.765490282326937 25.519138873554766 84.112827254924923 23.875781037844718 25.441996479406953 28.421447172760963 33.078156676609069 669.0763809652999 59.813466747291386 1005.8651244509965 5763.7967489692383 353.27549664280377 119.14046160504222
leaf_count=146 156 190 112 1630 192 172 176 515 4964 423 6076 33928 6596 724
internal_value=-1.52535e-06 0.00746357 0.0147142 -6.61566e-05 -0.0105402 -0.00395425 -0.0166271 5.40788e-05 -0.00139242 -0.00600303 0.00168607 0.000475668 -0.00484718 0.000828339
internal_weight=8245.85 67.8302 43.0647 8178.02 89.8621 65.9863 40.5443 8088.16 1818.87 728.89 1089.98 6269.29 386.354 5882.94
internal_count=56000 448 258 55552 696 504 332 54856 13093 5387 7706 41763 7111 34652
cat_boundaries=0 1 2
cat_threshold=19 1
is_linear=0
shrinkage=0.05


Tree=256
num_leaves=15
num_cat=1
split_feature=5 0 5 0 1 3 1 12 5 0 7 9 12 13
split_gain=1.58411 5.78841 6.18981 12.5556 8.08537 8.16683 7.62855 7.19749 4.38458 13.3693 14.4669 5.59282 5.19362 4.98219
threshold=4.4250000000000007 64.500000000000014 4.4750000000000005 22.500000000000004 695.68500000000006 6.535000000000001 485.47500000000008 25.505000000000006 4.3850000000000007 46.500000000000007 0.25295000000000006 0 13.125000000000002 1.0000000180025095e-35
decision_type=2 2 2 2 2 2 2 2 2 2 2 1 2 2
left_child=8 2 3 -2 7 -6 -5 -4 -1 11 -11 13 -13 -10
right_child=1 -3 4 6 5 -7 -8 -9 9 10 -12 12 -14 -15
leaf_value=0.00010976143956207376 0.022298354289774305 0.021828523232130498 -0.0040134899822579255 0.0022059034433729373 0.019338757053202905 0.0011302291978028583 -0.021143839415490719 -0.033634340326069899 0.0012994268138289396 -0.048951607493945393 0.0094907949621168362 -0.0050848620540680997 0.022007800907897865 0.032619459591600147
leaf_weight=6529.5426908391528 23.512287367600948 23.256782274693251 535.62626868346706 47.406643306836486 64.687029970344156 688.15953711117618 124.98982229689136 18.418299579527229 16.444232362322509 16.627078253775835 21.263828586786985 56.683581558056176 22.215391646139324 56.810524095781147
leaf_count=42892 150 146 3835 315 624 5484 1104 175 124 199 86 383 134 349
internal_value=-1.02484e-06 -0.00145363 -0.00185671 -0.0100741 -0.000604638 0.00276531 -0.0147951 -0.00517402 0.000329372 0.00775578 -0.0178645 0.0143581 0.00273618 0.0229118
internal_weight=8245.64 1526.06 1502.8 195.909 1306.89 752.847 172.396 554.045 6719.59 190.045 37.8909 152.154 78.899 73.2548
internal_count=56000 11833 11687 1569 10118 6108 1419 4010 44167 1275 285 990 517 473
cat_boundaries=0 1
cat_threshold=21
is_linear=0
shrinkage=0.05


Tree=257
num_leaves=15
num_cat=2
split_feature=2 7 13 1 7 1 1 0 3 12 1 9 12 3
split_gain=1.58705 5.92779 5.47646 7.84113 9.22053 7.61834 9.86531 8.49734 7.13496 5.42969 4.18555 5.00428 6.17981 4.68798
threshold=0 0.027450000000000006 1.0000000180025095e-35 6658.8150000000014 0.28135000000000004 1246.6400000000001 1370.6600000000003 50.500000000000007 42.425000000000004 17.835000000000004 1441.0900000000004 1 10.355000000000002 2.4050000000000007
decision_type=1 2 2 2 2 2 2 2 2 2 2 1 2 2
left_child=10 9 3 8 -5 7 -7 -4 -3 -2 13 12 -12 -1
right_child=1 2 5 4 -6 6 -8 -9 -10 -11 11 -13 -14 -15
leaf_value=-0.014234880278441643 -0.037773363070160527 0.0047729131035808541 -0.0034338333652120679 -0.033041508946721837 0.0068633238331532124 0.012105241125927363 -0.00098351557128916411 -0.017004308358148736 -0.015501924881571972 0.020721228936671256 0.026674599728336742 -0.0046216609880563057 -0.0026678475403191528 0.00056729955174093555
leaf_weight=51.172604763880372 15.645880209980534 865.84754030453041 777.58247515652329 29.232420221436769 24.703528670594096 153.68373959511518 1770.3980251629837 133.02547827921808 42.788345688022673 2.9708507098257533 54.661456223577261 42.060263840481639 25.312938391231 4256.2539210044779
leaf_count=444 577 6098 5507 314 105 978 13042 1001 233 86 272 280 164 26899
internal_value=-7.26546e-07 -0.000746751 -0.000599596 0.00265362 -0.0153659 -0.00170592 7.91507e-05 -0.00546559 0.00377028 -0.0268586 0.000642262 0.00966206 0.0157308 0.000381663
internal_weight=8245.34 3815.88 3797.26 962.572 53.9359 2834.69 1924.08 910.608 908.636 18.6167 4429.46 122.035 79.9744 4307.43
internal_count=56000 27941 27278 6750 419 20528 14020 6508 6331 663 28059 716 436 27343
cat_boundaries=0 1 2
cat_threshold=35 19
is_linear=0
shrinkage=0.05


Tree=258
num_leaves=15
num_cat=2
split_feature=5 2 9 5 7 0 5 7 7 7 5 3 7 5
split_gain=1.54421 3.84819 6.02516 4.39228 3.47453 2.0643 8.69717 7.3962 13.6454 7.32453 6.8051 13.9232 8.79686 6.84014
threshold=2.3150000000000004 0 1 2.1850000000000005 0.22665000000000005 36.500000000000007 4.8750000000000009 0.073250000000000023 0.06235000000000001 0.095650000000000013 4.8450000000000006 20.685000000000006 0.23255000000000003 4.5750000000000011
decision_type=2 1 1 2 2 2 2 2 2 2 2 2 2 2
left_child=1 4 -3 -4 -1 6 7 8 -2 -9 13 12 -12 -7
right_child=5 2 3 -5 -6 10 -8 9 -10 -11 11 -13 -14 -15
leaf_value=-0.018917028139466621 -0.00029623956030845909 0.017742648754589738 -0.015219586685706011 0.011994885132738609 0.0065672988059659225 0.00096507805507863519 -0.023222256309206962 -0.013607310994022582 0.029190523176889617 -0.00080782842604579545 0.055309986717519938 -0.0070006494234679407 0.012214036030164669 -0.005783358065952161
leaf_weight=26.934262985363603 122.28147366689518 69.144626520574093 32.827190406620502 22.483067147433758 22.044074304401875 3966.1727043921128 40.476619437802583 112.7539839129895 54.730016086250544 3270.7152434163727 19.172552349977195 42.425299234688282 30.357457131147385 411.73217264562845
leaf_count=184 2619 314 201 120 94 26402 350 1778 785 19235 236 277 126 3279
internal_value=-2.11071e-06 0.00462532 0.00886003 -0.00350765 -0.00648284 -0.000103231 -0.000993705 -0.000721666 0.00915528 -0.00124605 0.000614328 0.0138569 0.0311021 0.000326877
internal_weight=8244.25 173.433 124.455 55.3103 48.9783 8070.82 3600.96 3560.48 177.011 3383.47 4469.86 91.9553 49.53 4377.9
internal_count=56000 913 635 321 278 55087 24767 24417 3404 21013 30320 639 362 29681
cat_boundaries=0 1 2
cat_threshold=24 10
is_linear=0
shrinkage=0.05


Tree=259
num_leaves=15
num_cat=1
split_feature=12 12 5 1 1 1 3 7 6 1 9 5 12 12
split_gain=1.54501 8.16458 7.68741 7.5055 9.30593 13.8472 7.58975 6.30207 5.99499 5.3058 8.99866 6.66182 4.76851 9.1452
threshold=6.495000000000001 5.5650000000000004 2.5950000000000002 4316.1900000000005 3243.4000000000005 2222.6200000000003 33.965000000000011 0.065250000000000016 12.500000000000002 5016.1550000000007 0 3.8550000000000004 7.4050000000000011 7.6050000000000013
decision_type=2 2 2 2 2 2 2 2 2 2 1 2 2 2
left_child=1 3 -3 4 5 -1 -6 -4 -9 11 -11 -5 -2 -14
right_child=12 2 7 9 6 -7 -8 8 -10 10 -12 -13 13 -15
leaf_value=-0.00090200331468573642 0.0043363401363910054 -0.030199757312811659 -0.03109473994950859 0.042653801630852237 -0.026337093387339156 0.016303372529038691 0.0095372884408129396 -0.0023284030124137243 -0.022954242364615584 0.019120671692050482 -0.0070877495960289796 0.0017192985269339136 -0.012881908267743884 0.00025927792979994985
leaf_weight=1387.057728166692 688.10729127097875 28.03933285176754 18.754106996580958 22.326236682012677 54.701052232645452 124.68786096386611 18.049629367887974 559.53766838740557 34.689004668965936 47.014369065873325 63.112484799232334 16.789866933599114 132.95619932562113 5048.4092226915527
leaf_count=9301 4529 191 482 113 528 822 80 3612 245 330 466 140 965 34196
internal_value=-2.68865e-07 -0.00107557 -0.00588298 0.000708983 -0.000309302 0.000546564 -0.0174113 -0.004629 -0.00364173 0.0113131 0.00537493 0.0264575 0.000435118 -8.51901e-05
internal_weight=8244.23 2374.76 641.02 1733.74 1584.5 1511.75 72.7507 612.981 594.227 149.243 110.127 39.1161 5869.47 5181.37
internal_count=56000 16310 4530 11780 10731 10123 608 4339 3857 1049 796 253 39690 35161
cat_boundaries=0 1
cat_threshold=24
is_linear=0
shrinkage=0.05


Tree=260
num_leaves=15
num_cat=2
split_feature=2 13 9 12 1 6 12 5 5 8 1 6 7 1
split_gain=1.552 4.8614 5.75412 5.58296 10.5071 9.99277 8.82812 7.88149 6.39819 4.92118 3.88165 8.91331 9.9981 7.51132
threshold=0 6.5000000000000009 1 7.205000000000001 2088.7600000000007 4.5000000000000009 7.0550000000000006 4.1250000000000009 3.8750000000000004 1.5000000000000002 1801.0550000000003 11.500000000000002 0.20705000000000004 2261.3000000000006
decision_type=1 2 1 2 2 2 2 2 2 2 2 2 2 2
left_child=1 3 -3 4 8 9 -6 -7 -1 -5 -2 13 -13 -12
right_child=10 2 -4 5 6 7 -8 -9 -10 -11 11 12 -14 -15
leaf_value=-0.040552883444781224 -4.9368320564694953e-05 -0.008770154643967085 0.02587991356275934 -0.012382212670676658 0.0027005358220754043 0.0007907814222662317 0.033155102225351271 -0.0097374923709108146 -0.0028108335158571409 -0.040529841557468443 0.011879012491846325 -0.039996768865124634 0.0014255911713101036 -0.00014452196938809068
leaf_weight=18.585402619093657 6233.5786547111347 14.778301541693507 20.09924984537065 57.904427185188979 452.48365557659417 537.81553135439754 22.174535507336259 262.22653136122972 24.41481758793816 20.866467099636793 278.64552962267771 19.871256857644767 39.583598710596561 240.94935305509716
leaf_count=161 40919 132 104 521 3390 3825 130 2447 215 184 1809 263 181 1719
internal_value=-3.22939e-07 -0.00148933 0.0161834 -0.00197511 0.00213634 -0.00439596 0.00432258 -0.00268351 -0.0207044 -0.0210519 0.000314763 0.00422016 -0.013675 0.00633457
internal_weight=8243.98 1431.35 34.8776 1396.47 517.658 878.813 474.658 800.042 43.0002 78.7709 6812.63 579.05 59.4549 519.595
internal_count=56000 11109 236 10873 3896 6977 3520 6272 376 705 44891 3972 444 3528
cat_boundaries=0 1 2
cat_threshold=4 9
is_linear=0
shrinkage=0.05


Tree=261
num_leaves=15
num_cat=2
split_feature=2 6 3 3 3 11 3 5 12 0 12 12 7 1
split_gain=1.53061 3.29851 3.70649 3.44695 8.36626 8.05066 7.24653 11.2767 6.72631 4.72423 2.99974 6.84434 15.3668 13.5577
threshold=0 14.500000000000002 17.365000000000006 24.455000000000002 23.225000000000005 1 27.555000000000003 3.6850000000000005 5.6650000000000009 24.500000000000004 11.865 14.375000000000002 0.20845000000000002 1663.5150000000001
decision_type=1 2 2 2 2 1 2 2 2 2 2 2 2 2
left_child=1 3 -3 4 9 -6 8 -8 -5 -1 -2 12 13 -12
right_child=10 2 -4 6 5 -7 7 -9 -10 -11 11 -13 -14 -15
leaf_value=0.0073402011598380701 -0.0012101141772737577 0.026466957639814728 -0.00083845410760661977 -0.0062339816914897851 -0.0033070980927107129 -0.038580248929527133 0.0086633885426787103 -0.0047547936007811733 0.016313232154755782 -0.001021234799262019 0.022127499860708312 -0.00089046385434768589 -0.0011666082737035793 -0.0022286334495951209
leaf_weight=194.05094641074538 3992.5665192403831 23.775349879637361 22.860329607501626 40.03349210973829 40.46374823525548 24.668759038671851 262.8046820871532 378.10138491727412 156.08963298611343 1180.8419750258327 181.22310404200107 1295.8152902619913 367.79807519074529 82.080270323436707
leaf_count=1174 28519 114 141 232 248 180 1233 2098 812 7614 1629 9228 1761 1017
internal_value=-7.92991e-07 0.00108311 0.0138404 0.000808715 -0.000674828 -0.0177772 0.0033543 0.000762084 0.0116862 0.000172301 -0.000427718 0.00119055 0.00544741 0.0145953
internal_weight=8243.17 2323.69 46.6357 2277.05 1440.03 65.1325 837.029 640.906 196.123 1374.89 5919.48 1926.92 631.101 263.303
internal_count=56000 13846 255 13591 9216 428 4375 3331 1044 8788 42154 13635 4407 2646
cat_boundaries=0 1 2
cat_threshold=1 2
is_linear=0
shrinkage=0.05


Tree=262
num_leaves=15
num_cat=1
split_feature=8 6 7 12 12 7 5 1 12 13 6 2 13 7
split_gain=1.52985 4.26377 4.56103 3.85819 5.72093 7.61045 7.46235 4.0491 3.34779 2.66474 8.83808 8.14658 16.1087 12.5714
threshold=2.5000000000000004 3.5000000000000004 0.25965000000000005 4.2350000000000012 3.3450000000000002 0.24295000000000003 4.205000000000001 6658.8150000000014 16.565000000000001 3.5000000000000004 5.5000000000000009 0 5.5000000000000009 0.20415000000000003
decision_type=2 2 2 2 2 2 2 2 2 2 2 1 2 2
left_child=9 2 -2 4 6 -6 -3 8 -5 -1 -11 12 -12 -13
right_child=1 3 -4 7 5 -7 -8 -9 -10 10 11 13 -14 -15
leaf_value=-0.00064732173238923917 -0.027958524004896224 -0.010559610987285795 0.0057092728063734034 0.0013806678809104229 -0.036373241489960011 0.0013640685676483315 0.026170222751612737 0.021793333934588932 0.0094213596341884559 -0.0079190075491953529 0.016301518103130526 -0.010523085597943613 -0.0075684761933836955 0.0059449651861535266
leaf_weight=6199.9091737782583 21.120986549183726 30.259411392733455 15.773619996383784 690.51915209647268 24.593531902879477 25.495316823944449 20.827093215659261 26.437068082392216 156.74894286040217 179.10968183726072 265.21552552748471 179.37933506444097 93.94425641791895 314.86899662576616
leaf_count=43057 160 170 72 3961 193 115 106 145 849 1346 1694 2021 667 1444
internal_value=-4.63386e-07 0.0018176 -0.0142175 0.00246621 -0.0066469 -0.0181732 0.00503552 0.00354065 0.00289623 -0.000255449 0.00209267 0.00421426 0.00977698 -5.81042e-05
internal_weight=8244.2 1011.78 36.8946 974.881 101.175 50.0888 51.0865 873.705 847.268 7232.43 1032.52 853.408 359.16 494.248
internal_count=56000 5771 232 5539 584 308 276 4955 4810 50229 7172 5826 2361 3465
cat_boundaries=0 1
cat_threshold=42
is_linear=0
shrinkage=0.05


Tree=263
num_leaves=15
num_cat=2
split_feature=9 0 2 6 3 3 7 5 1 5 1 1 12 3
split_gain=1.53452 3.20686 6.52213 6.83913 7.41283 5.44246 6.69474 4.87994 3.91175 12.0406 10.2688 2.73359 4.71648 5.06509
threshold=0 27.500000000000004 1 4.5000000000000009 24.905000000000005 36.865000000000002 0.31915000000000004 4.8950000000000005 434.42500000000001 3.3250000000000006 1005.3750000000001 222.17500000000004 3.8650000000000007 7.745000000000001
decision_type=1 2 1 2 2 2 2 2 2 2 2 2 2 2
left_child=1 2 3 -1 -5 6 -4 8 9 -3 -10 12 -2 -14
right_child=11 7 5 4 -6 -7 -8 -9 10 -11 -12 -13 13 -15
leaf_value=0.025061174113116893 0.016860582204725864 0.022785606035383914 -0.022629168381477743 0.0058697554940803885 -0.01453187707199613 0.012999013469849897 0.0062702798019999648 0.025769687511718955 -0.0045677011957298685 0.00095693335971397961 0.0047545423925853276 -0.00018964167750348937 0.01320364584654166 -0.012013448316536479
leaf_weight=25.943573134019971 17.125650094822049 83.163048090413213 86.471631313208491 129.87762470170856 63.976505807600915 16.157413747161627 24.384011493995786 18.748186320997775 533.05823337147012 237.83623390318826 655.08310246281326 6179.4879018098582 20.360527624376118 150.49161961767823
leaf_count=129 95 373 636 827 335 71 121 99 3201 1383 3970 43568 152 1040
internal_value=-7.32798e-07 0.00125158 -0.00306426 0.00228535 -0.000982124 -0.0114556 -0.0162747 0.00224348 0.00190066 0.00677082 0.000571158 -0.000371234 -0.0062635 -0.00883233
internal_weight=8242.17 1874.7 346.811 219.798 193.854 127.013 110.856 1527.89 1509.14 320.999 1188.14 6367.47 187.978 170.852
internal_count=56000 11145 2119 1291 1162 828 757 9026 8927 1756 7171 44855 1287 1192
cat_boundaries=0 1 2
cat_threshold=2 21
is_linear=0
shrinkage=0.05


Tree=264
num_leaves=15
num_cat=0
split_feature=3 7 5 5 0 7 13 13 7 13 6 3 7 6
split_gain=1.52864 6.37444 4.30024 4.8944 23.543 10.4285 9.09676 3.74107 10.4436 4.70588 3.40848 5.42074 4.42818 4.46509
threshold=36.175000000000004 0.36825000000000008 4.9350000000000014 4.8450000000000006 38.500000000000007 0.18995000000000004 1.5000000000000002 6.5000000000000009 0.16475000000000004 5.5000000000000009 4.5000000000000009 41.855000000000011 0.052350000000000008 8.5000000000000018
decision_type=2 2 2 2 2 2 2 2 2 2 2 2 2 2
left_child=2 10 3 7 6 -6 -5 9 -9 -1 11 -2 13 -12
right_child=1 -3 -4 4 5 -7 -8 8 -10 -11 12 -13 -14 -15
leaf_value=-0.00034574703692605275 0.020473302831042761 0.016994982321516819 -0.021206885162368617 -0.034486044191215613 0.06083206274732697 0.01559222735090003 0.0047253371942611372 -0.017302815071641314 0.013396349706655489 -0.0099086941356653479 -0.0018131776813436031 -0.0037322233737788011 0.00046100210058971913 -0.04186023050429509
leaf_weight=6813.1524340254255 49.511762322857976 61.820466876029968 21.402125242166221 24.202349808998406 17.260808825492859 43.020785186439753 31.048981464933604 32.249787207692862 129.91306230798364 128.13056450802833 16.234592624939982 39.915715880692005 824.10317700915039 9.5734034245833737
leaf_count=47649 227 516 203 247 194 195 223 478 594 947 192 199 3980 156
internal_value=8.05353e-07 0.00182903 -0.000252644 -0.000181737 0.00989484 0.0308158 -0.0133423 -0.000349734 0.00708773 -0.000526476 0.000779988 0.00989877 -0.000210931 -0.0194807
internal_weight=8241.54 1001.16 7240.38 7218.98 115.533 60.2816 55.2513 7103.45 162.163 6941.28 939.339 89.4275 849.911 25.808
internal_count=56000 5270 50730 50527 859 389 470 49668 1072 48596 4754 426 4328 348
is_linear=0
shrinkage=0.05


Tree=265
num_leaves=15
num_cat=2
split_feature=7 3 9 7 12 1 13 1 1 0 3 9 0 0
split_gain=1.48298 1.54266 3.94332 6.05959 8.20829 5.55733 3.61655 2.15697 9.65159 9.55953 14.1686 8.61959 5.03068 2.98118
threshold=0.5676500000000001 46.140000000000008 0 0.23105000000000003 11.785000000000002 550.72500000000014 1.0000000180025095e-35 5282.7000000000016 5016.1550000000007 24.500000000000004 14.485000000000001 1 30.500000000000004 68.500000000000014
decision_type=2 2 1 2 2 2 2 2 2 2 2 1 2 2
left_child=1 7 5 4 -4 -3 -7 8 13 10 -9 -11 -10 -1
right_child=-2 2 3 -5 -6 6 -8 9 12 11 -12 -13 -14 -15
leaf_value=-0.00013319935095584476 0.012913793335722016 0.022965830451980543 -0.02909312516663777 0.010358757049421567 0.0081789776355525937 -0.013741857804423439 0.007825993920609892 0.023924810515114768 0.0045137684842336337 0.017383357105208438 -0.032324540815771109 0.00095701090676980302 -0.031832663339327945 -0.013970974812515372
leaf_weight=7474.1583904845174 19.174003211781383 46.654972262680531 33.763353336602449 39.579269280657172 22.903897531330585 23.409161955118179 71.063967233523726 13.178877086844293 11.957491918001322 103.14652140135877 36.149446765892208 275.09511734056287 33.51817654306069 36.126394839957356
leaf_count=50541 406 207 219 163 119 129 346 120 110 682 283 2087 319 269
internal_value=6.7681e-07 -3.41417e-05 0.00391246 -0.00381362 -0.0143746 0.00880489 0.00222331 -0.000152915 -0.000348939 0.0032894 -0.0167865 0.00601909 -0.0225877 -0.000205315
internal_weight=8239.88 8220.71 237.375 96.2465 56.6673 141.128 94.4731 7983.33 7555.76 427.57 49.3283 378.242 45.4757 7510.28
internal_count=56000 55594 1183 501 338 682 475 54411 51239 3172 403 2769 429 50810
cat_boundaries=0 1 2
cat_threshold=19 20
is_linear=0
shrinkage=0.05


Tree=266
num_leaves=15
num_cat=1
split_feature=5 3 9 13 12 3 6 12 3 4 5 0 7 7
split_gain=1.4754 3.70755 4.90982 6.16379 4.45393 4.15593 1.8587 7.94986 11.3781 8.35296 7.91046 7.25814 6.53006 7.45174
threshold=2.3150000000000004 10.265000000000002 0 1.5000000000000002 7.1050000000000013 19.325000000000003 10.500000000000002 21.545000000000005 18.825000000000003 1.0000000180025095e-35 4.9250000000000007 36.500000000000007 0.059750000000000004 0.032450000000000007
decision_type=2 2 1 2 2 2 2 2 2 2 2 2 2 2
left_child=1 -1 4 -4 -3 -6 10 12 9 -9 -2 -10 13 -8
right_child=6 2 3 -5 5 -7 7 8 11 -11 -12 -13 -14 -15
leaf_value=-0.012130323586342523 -0.00033981578956443118 0.00067872951618633184 -0.019923126940504805 0.010171654719800922 0.038146130885727908 0.0096784172361025905 0.010812384534674169 0.014757963452469037 -0.022081393084055254 0.054996853935404932 -0.025487028792781898 0.012163933559775209 0.0010088841220305632 -0.033029983295484726
leaf_weight=25.518207017332315 6536.4407325233333 31.120240170508623 28.786290731281042 33.838230479508638 25.107769869267941 28.67878482863307 12.687758438289164 44.990094367414713 23.825906140729785 17.333076347596943 28.423754182644188 33.639092785306275 1342.1066312408075 26.310147267766297
leaf_count=175 44719 165 182 168 93 130 332 305 166 84 251 193 8449 588
internal_value=1.54397e-06 0.00452969 0.00759566 -0.00341922 0.0143193 0.0242805 -9.72547e-05 0.00148839 0.0136806 0.0279608 -0.000460287 -0.00242583 0.000403557 -0.0190127
internal_weight=8238.81 173.05 147.531 62.6245 84.9068 53.7866 8065.76 1500.89 119.788 62.3232 6564.86 57.465 1381.1 38.9979
internal_count=56000 913 738 350 388 223 55087 10117 748 389 44970 359 9369 920
cat_boundaries=0 1
cat_threshold=10
is_linear=0
shrinkage=0.05


Tree=267
num_leaves=15
num_cat=3
split_feature=2 1 1 7 12 3 1 1 13 12 2 3 2 3
split_gain=1.48151 3.23565 8.82634 3.90506 3.66159 3.27051 2.79999 7.95386 8.09059 9.78494 7.66398 6.26398 5.89996 7.85253
threshold=0 1219.9650000000004 1145.1500000000003 0.36825000000000008 9.3950000000000014 12.725000000000003 869.7650000000001 808.25500000000011 1.5000000000000002 18.005000000000006 1 29.975000000000005 2 17.485000000000003
decision_type=1 2 2 2 2 2 2 2 2 2 1 2 1 2
left_child=1 2 3 4 -1 -3 7 8 9 -2 11 -9 13 -8
right_child=6 5 -4 -5 -6 -7 12 10 -10 -11 -12 -13 -14 -15
leaf_value=0.0023681170307144235 -0.0032695842729210155 -0.0055241766097627945 -0.027797163945659533 0.0076126771489382454 -0.0019042615317104933 0.015942898921342232 -0.0065775138607628465 0.0019433645332251428 0.0022540934663251521 -0.037742851105850454 -0.026579005194080282 -0.024180963613475288 0.00014832413086401504 0.029259850720799441
leaf_weight=1070.1495574666187 1060.2860738560557 22.383270613849163 23.851120452396572 202.28545071557164 938.53792562615126 64.182476285845041 22.439897732809186 100.11790862679482 1020.0961945620365 18.031355672515929 47.350218525156379 26.625258861109614 3582.3882138624322 39.377573931589723
leaf_count=6308 7405 136 162 1306 5610 324 164 722 6864 163 422 170 26047 197
internal_value=2.11358e-06 0.00106908 0.000699249 0.00104391 0.000372031 0.0103931 -0.000417936 -0.00179483 -0.000934672 -0.00394915 -0.0119712 -0.00369229 0.000440313 0.0143366
internal_weight=8238.1 2321.39 2234.82 2210.97 2008.69 86.5657 5916.71 2272.51 2098.41 1078.32 174.093 126.743 3644.21 61.8175
internal_count=56000 13846 13386 13224 11918 460 42154 15746 14432 7568 1314 892 26408 361
cat_boundaries=0 1 2 3
cat_threshold=1 18 32
is_linear=0
shrinkage=0.05


Tree=268
num_leaves=15
num_cat=0
split_feature=8 4 5 0 3 5 5 0 5 6 0 5 5 12
split_gain=1.48553 3.81584 5.89599 6.78146 7.13824 4.46132 4.46604 3.51365 1.97889 13.0662 8.9423 7.44564 5.7845 9.34996
threshold=3.5000000000000004 1.0000000180025095e-35 4.5250000000000012 43.500000000000007 11.355000000000002 4.2950000000000008 3.5550000000000002 52.500000000000007 4.8750000000000009 10.500000000000002 37.500000000000007 4.9250000000000007 4.8450000000000006 9.9150000000000009
decision_type=2 2 2 2 2 2 2 2 2 2 2 2 2 2
left_child=8 2 3 4 -2 6 -3 -5 12 10 -10 -12 -1 -14
right_child=1 5 -4 7 -6 -7 -8 -9 9 -11 11 -13 13 -15
leaf_value=-0.00016166500562255751 0.01526221452324677 -0.013903220795966668 0.024776097442588501 0.023242791775687919 -0.01027203055958084 -0.025254671549387587 0.012679558784103168 -0.00014618992225113315 -0.037327448837275574 0.022913823484441247 0.01242409621187387 -0.027604404466414753 0.032584759765601067 -0.0079774488425225793
leaf_weight=7770.6370225946885 34.45137981325388 25.139582519419491 34.272523358464241 45.122423285618424 99.456910710781813 19.110401052981615 33.056111585348845 24.04264941252768 29.646976068150252 24.234486672561616 28.365257337223738 15.480768335983155 30.914531569927931 22.769837110769004
leaf_count=53130 186 140 183 216 554 139 169 127 297 149 198 132 207 173
internal_value=-9.14525e-07 0.00335184 0.00647885 0.0030751 -0.0035122 -0.00613211 0.0010776 0.0154444 -0.000135299 -0.00709883 -0.0175061 -0.00257152 -4.56358e-05 0.0158689
internal_weight=8236.7 314.652 237.346 203.073 133.908 77.3061 58.1957 69.1651 7922.05 97.7275 73.493 43.846 7824.32 53.6844
internal_count=56000 1714 1266 1083 740 448 309 343 54286 776 627 330 53510 380
is_linear=0
shrinkage=0.05


Tree=269
num_leaves=15
num_cat=2
split_feature=8 6 1 7 12 0 11 0 3 7 3 12 12 11
split_gain=1.44301 4.18676 6.12461 5.82093 5.69193 13.3549 6.88109 10.7426 7.86537 6.39337 5.76693 5.59408 5.35457 5.03812
threshold=1.0000000180025095e-35 6.5000000000000009 6658.8150000000014 0.050850000000000006 3.8650000000000007 33.500000000000007 0 46.500000000000007 3.6550000000000007 0.16685000000000003 25.645000000000003 8.0150000000000023 8.2150000000000016 1
decision_type=2 2 2 2 2 2 1 2 2 2 2 2 2 1
left_child=1 4 3 11 5 10 7 -6 -8 -7 -1 -3 -5 -4
right_child=-2 2 13 12 6 9 8 -9 -10 -11 -12 -13 -14 -15
leaf_value=-0.038818191215728208 0.00049391565819593638 -0.042965226550648709 0.0037209938005256017 0.0040829325759717781 0.016147948039075575 0.048886477237720098 0.022418959736568642 -0.02455936370865576 -0.0073940512334991909 0.010732488301802928 0.0050795451171482845 -0.0015123923467233165 -0.0011709890275251524 -0.027320322196116787
leaf_weight=13.113136636558922 5285.7878444283269 11.691847827751191 19.658154258038849 875.08208234421909 74.405903551261872 14.165417301002888 19.970133676659316 17.67068512737751 722.7880629892461 37.359755415469408 12.81936704367399 18.760051028802991 1080.9233455127105 32.515779120149091
leaf_count=148 33923 454 154 6045 508 182 195 159 5509 181 68 629 7530 315
internal_value=-4.98499e-07 -0.000885711 0.000375067 0.000830246 -0.00369507 0.00903816 -0.00490462 0.00780726 -0.00650552 0.0233345 -0.0188414 -0.0198538 0.00118218 -0.0160582
internal_weight=8236.71 2950.92 2038.63 1986.46 912.292 77.4577 834.835 92.0766 742.758 51.5252 25.9325 30.4519 1956.01 52.1739
internal_count=56000 22077 15127 14658 6950 579 6371 667 5704 363 216 1083 13575 469
cat_boundaries=0 1 2
cat_threshold=4 1
is_linear=0
shrinkage=0.05


Tree=270
num_leaves=15
num_cat=3
split_feature=9 10 1 8 5 11 6 3 5 1 3 6 12 0
split_gain=1.43761 3.13094 11.7765 8.79063 7.98949 11.5181 7.47476 12.1635 8.79899 8.82966 6.25436 5.94877 5.37947 5.03764
threshold=0 1 358.14500000000004 1.0000000180025095e-35 3.5550000000000002 2 10.500000000000002 7.2950000000000008 3.5750000000000006 333.83500000000009 10.405000000000003 10.500000000000002 10.945000000000002 34.500000000000007
decision_type=1 1 2 2 2 1 2 2 2 2 2 2 2 2
left_child=1 6 3 13 5 -4 8 -8 9 -1 -9 -6 -10 -3
right_child=-2 2 4 -5 11 -7 7 10 12 -11 -12 -13 -14 -15
leaf_value=-0.015996280806084336 -0.00035993114133650898 0.0071342767977719025 0.017205354152398888 -0.0086264288354305062 0.0024292205142017222 -0.020513343902831979 -0.023806784251625426 0.036543636535980847 -0.0060379911828431802 0.0094081290114479063 0.010427601977236592 -0.016005595777980258 0.002902025659156066 0.038383696383771621
leaf_weight=35.314363893121481 6363.1555298566818 23.217896922491491 21.722914256155491 24.66671237628907 266.79677028325386 123.56336615793407 21.343171684071422 23.667210248298943 433.62466355180368 335.78550580469891 211.22109897620976 49.237539207562804 271.44702859548852 31.512905003502965
leaf_count=202 44855 122 100 149 1682 805 184 136 2755 1727 1124 361 1646 152
internal_value=-1.22199e-06 0.00121143 -0.00198348 0.0154509 -0.00506454 -0.0146397 0.00251861 0.0101407 0.000680677 0.00688172 0.0134867 -0.000566388 -0.00259844 0.0261867
internal_weight=8236.28 1873.12 540.718 79.3975 461.321 145.286 1332.4 256.231 1076.17 371.1 234.888 316.034 705.072 54.7308
internal_count=56000 11145 3371 423 2948 905 7774 1444 6330 1929 1260 2043 4401 274
cat_boundaries=0 1 2 3
cat_threshold=2 2 4
is_linear=0
shrinkage=0.05


Tree=271
num_leaves=15
num_cat=1
split_feature=3 12 3 7 2 6 0 6 1 7 5 6 0 6
split_gain=1.42815 4.90319 8.95143 8.31515 7.78353 6.44036 6.55421 6.26944 5.84741 5.80724 4.88415 4.70977 3.57091 14.2894
threshold=33.685000000000009 20.145000000000003 47.155000000000008 0.26495000000000007 0 11.500000000000002 37.500000000000007 8.5000000000000018 333.83500000000009 0.047550000000000009 3.3950000000000005 3.5000000000000004 19.500000000000004 5.5000000000000009
decision_type=2 2 2 2 1 2 2 2 2 2 2 2 2 2
left_child=12 4 3 7 5 8 -7 -3 -2 10 -6 -11 13 -1
right_child=1 2 -4 -5 9 6 -8 -9 -10 11 -12 -13 -14 -15
leaf_value=-0.023543527067886514 -0.01939400814578433 -0.042931990436262779 0.019034764896744702 0.0040134735928634207 0.0068115779588713557 -0.00050104163471604288 -0.043028527354453561 -0.0078804326837192528 0.00095392522526208633 0.022871633053191023 -0.038298493984024268 0.004775394117502732 2.6989208598029924e-06 -0.0002740956566818831
leaf_weight=78.547959193587303 37.44264479726553 27.51790287066251 20.501348845660686 32.038203199394047 9.0622804500162619 16.64496012404561 17.070395479910076 24.735614185221493 276.2460404317826 34.915501581504941 11.156503591686485 817.58436306379735 6486.5217894928064 345.86894916836172
leaf_count=609 216 217 89 152 67 96 126 153 1553 155 205 4112 45807 2443
internal_value=-5.39494e-07 0.00150129 -0.00872779 -0.0159023 0.00239909 -0.00386069 -0.0237896 -0.0276682 -0.00163557 0.00488394 -0.019812 0.00559416 -0.000288987 -0.00471565
internal_weight=8235.85 1324.92 104.793 84.2917 1220.12 347.404 33.7154 52.2535 313.689 872.719 20.2188 852.5 6910.94 424.417
internal_count=56000 7141 611 522 6530 1991 222 370 1769 4539 272 4267 48859 3052
cat_boundaries=0 1
cat_threshold=36
is_linear=0
shrinkage=0.05


Tree=272
num_leaves=15
num_cat=0
split_feature=12 7 3 12 3 3 1 3 3 7 6 12 5 0
split_gain=1.39501 4.01752 3.93553 3.73195 3.55127 5.82082 4.55022 3.90022 2.87998 1.71752 6.54822 7.22786 5.44038 5.73526
threshold=2.1350000000000002 0.23555000000000001 17.255000000000006 2.6650000000000005 13.775 23.735000000000003 885.71500000000015 8.1350000000000033 33.965000000000011 0.25805000000000006 15.500000000000002 8.8650000000000002 4.8650000000000011 43.500000000000007
decision_type=2 2 2 2 2 2 2 2 2 2 2 2 2 2
left_child=1 2 -1 4 7 6 -6 -2 -7 10 -5 -12 -11 -14
right_child=3 -3 -4 9 5 8 -8 -9 -10 12 11 -13 13 -15
leaf_value=0.035646007354733396 -0.00079905571572624803 -0.0059846011781276966 0.0033922874975846847 -0.00041945585290925706 0.0264980791262731 -0.028752411187148622 -0.0084197604109090152 -0.040961945145533425 -0.00044289913228099677 0.0011596366692159961 -0.00039352717211130547 -0.048711353653427054 -0.027138649856296194 0.0048612666804926626
leaf_weight=14.173123829066752 9.8826632956042904 31.109043060801923 22.63961691968143 4627.5148130806629 17.404581202194095 19.381203418597579 15.131283449940382 13.074290995020418 15.167301738634704 3366.9599544559605 16.309516079723839 11.815682576969264 31.754233196377754 22.123236890882254
leaf_count=138 97 146 164 39064 98 142 136 140 83 15213 148 164 170 97
internal_value=-2.66782e-06 0.00697954 0.0175605 -6.32812e-05 -0.0100199 -0.00376031 0.0109191 -0.025763 -0.0173525 5.14006e-05 -0.000573469 -0.0234309 0.000901584 -0.0144355
internal_weight=8234.44 67.9218 36.8127 8166.52 90.0413 67.0844 32.5359 22.957 34.5485 8076.48 4655.64 28.1252 3420.84 53.8775
internal_count=56000 448 302 55552 696 459 234 237 225 54856 39376 312 15480 267
is_linear=0
shrinkage=0.05


Tree=273
num_leaves=15
num_cat=1
split_feature=8 0 9 7 5 12 12 6 8 6 1 12 0 7
split_gain=1.36945 5.60698 6.29674 6.06305 6.02895 8.73333 6.02274 5.35077 12.4135 4.76552 6.883 6.12775 4.4804 3.75173
threshold=1.5000000000000002 53.500000000000007 0 0.34695000000000004 4.5850000000000009 12.355000000000002 3.9950000000000006 10.500000000000002 2.5000000000000004 5.5000000000000009 1014.8650000000001 7.455000000000001 42.500000000000007 0.39545000000000002
decision_type=2 2 1 2 2 2 2 2 2 2 2 2 2 2
left_child=-1 3 9 4 6 -6 -2 8 -4 10 -3 -11 -5 -14
right_child=1 2 7 12 5 -7 -8 -9 -10 11 -12 -13 13 -15
leaf_value=-0.00043735444214483375 -0.0079093132710765113 -0.0373972789900111 -0.044015822826669486 0.011755251750895054 -0.014011253990071595 0.0077450495840520666 0.0025459234325593359 0.0056304364332340562 -0.00032723985025958729 0.015786241312273432 0.0069425604349323952 -0.0047197914175576821 -0.01213246136478577 0.009122124490909338
leaf_weight=5673.2151023813058 147.42811357975006 15.762757400050761 34.118126142770052 227.94271412771195 144.15466178860515 64.884445153176785 1641.1548344828188 17.139586010947824 29.013361119665205 58.556404893286526 14.91369138471782 86.832152587361634 40.618373736739159 36.721716589294374
leaf_count=40426 927 111 272 1281 1138 440 9720 106 161 315 94 546 191 272
internal_value=-4.2431e-06 0.000955247 -0.00601698 0.00173814 0.000729801 -0.0072442 0.00167233 -0.0164131 -0.0248635 -0.000156316 -0.0171428 0.00369136 0.00826494 -0.00207682
internal_weight=8232.46 2559.24 256.336 2302.9 1997.62 209.039 1788.58 80.2711 63.1315 176.065 30.6764 145.389 305.283 77.3401
internal_count=56000 15574 1605 13969 12225 1578 10647 539 433 1066 205 861 1744 463
cat_boundaries=0 1
cat_threshold=26
is_linear=0
shrinkage=0.05


Tree=274
num_leaves=15
num_cat=3
split_feature=0 2 13 3 3 7 5 5 5 1 0 11 6 2
split_gain=1.40589 5.48253 6.6743 7.89378 5.41062 4.05075 7.11619 5.78755 4.23982 3.78815 2.42874 3.2886 7.36881 2.04916
threshold=60.500000000000007 0 1.5000000000000002 24.315000000000001 17.035000000000004 0.24135000000000004 3.4550000000000005 2.9650000000000003 3.6550000000000007 1858.3050000000001 59.500000000000007 1 8.5000000000000018 2
decision_type=2 1 2 2 2 2 2 2 2 2 2 1 2 1
left_child=10 2 3 -2 -4 6 7 -3 -8 -7 13 -12 -13 -1
right_child=1 5 4 -5 -6 9 8 -9 -10 -11 11 12 -14 -15
leaf_value=-0.0012372585826237051 -0.015209889257398189 0.015089457552995672 -0.0010163233440618892 0.025691480259019014 -0.039622076076877517 0.0070466095350700366 0.044830882936977484 -0.023466040460446012 0.015234814829607977 -0.01516842976507257 0.0062467677961907794 -0.04052926164379151 0.0073524413337218396 0.00048874628251852797
leaf_weight=2505.1641685913783 20.958275909535587 15.894088815897701 15.841755733825265 20.425567487254739 18.77055217884481 52.666096460074186 13.831638200208543 17.297640830278397 68.964966523461044 26.29115766659379 15.684534483589232 16.021918913349513 12.539238106459377 5409.9355362839997
leaf_count=18817 175 85 119 91 140 224 71 131 537 126 100 139 85 35160
internal_value=-5.07232e-06 0.00351678 -0.00723974 0.00534958 -0.023443 0.00773136 0.0139488 -0.00528308 0.0215737 -0.000635009 -0.000126239 -0.0114291 -0.020807 -5.8749e-05
internal_weight=8230.29 270.942 75.9962 41.3838 34.6123 194.946 115.988 33.1917 82.7966 78.9573 7959.35 44.2457 28.5612 7915.1
internal_count=56000 1699 525 266 259 1174 824 216 608 350 54301 324 224 53977
cat_boundaries=0 1 2 3
cat_threshold=18 1 12
is_linear=0
shrinkage=0.05


Tree=275
num_leaves=14
num_cat=0
split_feature=3 12 5 7 6 13 12 12 5 3 1 7 1
split_gain=1.373 1.529 11.7124 9.76727 11.9086 6.33509 3.48626 8.68797 9.86876 8.09764 9.30282 7.7214 4.29715
threshold=53.915000000000006 26.125000000000004 4.6850000000000014 0.10895000000000001 10.500000000000002 3.5000000000000004 17.505000000000006 15.185 3.3850000000000002 7.8650000000000011 1057.4700000000003 0.059750000000000004 263.90500000000003
decision_type=2 2 2 2 2 2 2 2 2 2 2 2 2
left_child=1 6 3 5 -5 -3 7 12 -9 10 -8 -11 -1
right_child=-2 2 -4 4 -6 -7 9 8 -10 11 -12 -13 -14
leaf_value=-0.0051683258777317706 0.0086265782960036202 0.0075081379876813098 -0.043531097748418894 -0.0038128260030907517 0.021777819713461339 -0.041779556861782197 0.0019909582370246388 -0.019554644934800584 -0.0025943460316549425 0.02991640551186165 -0.030099835300015421 0.0038300352900462534 0.00047697859717942421
leaf_weight=353.22456221841276 42.813511435873806 8.0793842570856231 14.281163234729318 193.22217819094658 56.20444593578577 19.22948110057041 56.373907377943397 113.38972196681425 330.54435318452306 26.658725143410265 34.299431326799095 708.47437170427293 6273.3780031455681
leaf_count=2305 196 118 154 1135 269 393 419 737 2455 476 341 4212 42790
internal_value=-5.14272e-06 -5.34231e-05 -0.0035938 -0.00108806 0.00214392 -0.0278979 7.83714e-05 -0.000281143 -0.00702853 0.0031464 -0.0107234 0.00489377 0.000173859
internal_weight=8230.17 8187.36 291.017 276.735 249.427 27.3089 7896.34 7070.54 443.934 825.806 90.6733 735.133 6626.6
internal_count=56000 55804 2069 1915 1404 511 53735 48287 3192 5448 760 4688 45095
is_linear=0
shrinkage=0.05


Tree=276
num_leaves=15
num_cat=2
split_feature=5 2 11 3 7 1 8 1 12 12 1 6 1 12
split_gain=1.37438 3.58819 6.98949 4.86447 3.93401 3.42298 1.70801 1.6566 6.10321 5.94666 5.91401 10.5753 4.66836 3.39618
threshold=2.3150000000000004 0 1 16.105000000000004 0.22525000000000003 861.61000000000001 5.5000000000000009 2501.3100000000009 2.7850000000000006 5.5650000000000004 1828.3500000000001 11.500000000000002 4035.5050000000006 8.0650000000000031
decision_type=2 1 1 2 2 2 2 2 2 2 2 2 2 2
left_child=1 2 4 -3 -1 -5 7 10 12 -10 13 -12 -9 -2
right_child=6 3 -4 5 -6 -7 -8 8 9 -11 11 -13 -14 -15
leaf_value=0.033268980918403232 -0.0016251615364183424 -0.018363482423784196 -0.0066352434331066719 -0.0080761981028749548 0.0051204653549645155 0.015086621747483301 0.013816390796528223 -0.04405447067458073 0.0054232495223898308 -0.0029336949158605078 0.0077506190326328593 -0.014384056414695435 -0.0038672536198140297 0.0007471725666289349
leaf_weight=31.427358038723469 2608.0652667456307 30.450288507156074 29.972715908661485 25.42490341514349 21.383390359580517 34.12614181637764 18.983207965269685 11.814430347643794 264.52948178350925 1040.486116716871 469.65270495600998 58.130285549443215 15.357540837489067 3570.2299724305049
leaf_count=164 17507 197 173 131 92 156 93 120 1918 8181 3229 442 128 23469
internal_value=-6.33019e-06 0.00436735 0.0109772 -0.00275454 0.0227594 0.00528437 -0.000101713 -0.000139724 -0.00174809 -0.00123117 0.000180422 0.00524517 -0.0239837 -0.000254572
internal_weight=8230.03 172.785 82.7835 90.0013 52.8107 59.551 8057.25 8038.27 1332.19 1305.02 6706.08 527.783 27.172 6178.3
internal_count=56000 913 429 484 256 287 55087 54994 10347 10099 44647 3671 248 40976
cat_boundaries=0 1 2
cat_threshold=38 2
is_linear=0
shrinkage=0.05


Tree=277
num_leaves=15
num_cat=1
split_feature=7 7 3 3 12 7 5 1 12 11 5 5 0 13
split_gain=1.36383 1.53019 3.47106 1.37639 5.28304 12.4647 7.09992 9.20198 6.53101 5.78754 2.38715 2.90954 14.6977 2.76301
threshold=0.5676500000000001 0.60805000000000009 16.215000000000003 39.525000000000013 4.9650000000000007 0.13995000000000005 3.3350000000000004 281.72500000000008 13.485000000000001 0 4.9450000000000012 4.8450000000000006 38.500000000000007 6.5000000000000009
decision_type=2 2 2 2 2 2 2 2 2 1 2 2 2 2
left_child=3 2 -2 10 5 -5 8 -8 -6 -7 11 13 -13 -1
right_child=1 -3 -4 4 6 9 7 -9 -10 -11 -12 12 -14 -15
leaf_value=-0.00046833654609904345 -0.024639236609318074 0.024072438559881556 0.02267016603314205 -0.035858974669362546 0.0051539470300239754 0.011788159976910823 -0.028168862515073556 0.0027099605659481329 0.028082416109632431 -0.016465999617702294 -0.018517399040343142 -0.010200352825462097 0.022929488131703719 0.0059546490723571786
leaf_weight=7233.3947936873883 4.9757082806900144 9.3769562821835279 4.5611287807114422 26.33409262355417 82.494451751932502 51.395086044445634 22.626020837575197 410.15727975498885 48.566717009991407 24.230641972273588 14.807545055635272 61.676221700850874 66.993854788132012 168.40953951934353
leaf_count=49996 85 202 119 210 383 206 143 2140 188 127 145 516 434 1106
internal_value=-6.38977e-06 0.0124506 -0.00200236 -3.96206e-05 0.00213438 -0.00818458 0.0040338 0.000912802 0.0140887 0.00245261 -0.000232229 -0.000188914 0.00717857 -0.000319844
internal_weight=8230 18.9138 9.53684 8211.09 665.804 101.96 563.844 432.783 131.061 75.6257 7545.28 7530.47 128.67 7401.8
internal_count=56000 406 204 55594 3397 543 2854 2283 571 333 52197 52052 950 51102
cat_boundaries=0 1
cat_threshold=2
is_linear=0
shrinkage=0.05


Tree=278
num_leaves=15
num_cat=2
split_feature=12 9 7 12 12 8 12 2 8 3 7 13 1 5
split_gain=1.38092 3.89036 3.80749 3.28977 8.8018 9.34404 8.48514 7.44339 6.84982 5.15735 8.1364 7.01899 7.44852 5.86819
threshold=2.1350000000000002 0 0.20275000000000001 3.1750000000000003 3.3450000000000002 1.5000000000000002 3.5050000000000003 1 1.5000000000000002 13.655000000000003 0.23695000000000002 1.0000000180025095e-35 499.13500000000005 4.3350000000000009
decision_type=2 1 2 2 2 2 2 1 2 2 2 2 2 2
left_child=1 2 -1 9 5 7 8 -5 -6 10 13 -11 -13 -2
right_child=3 -3 -4 4 6 -7 -8 -9 -10 11 -12 12 -14 -15
leaf_value=0.032790817159016293 -0.04932559860608645 -0.0077061599724544353 0.0035151780682147384 -0.017143382026491096 -0.00685010614383083 0.03767207667658462 9.0588922805586144e-05 0.014898166501797348 -0.043322550116767951 0.0063928762856838893 -0.0031388266944571831 0.011444858341590508 -0.023962668021135822 0.0033470603064064963
leaf_weight=17.848160313442349 19.71784912515432 24.755305262282491 25.528733024373651 17.662260828539729 43.366965545341372 28.735557777807117 7772.213766717352 32.046855908818543 16.246896272525191 113.83809497393668 44.41466772928834 19.007696956396103 47.034181794151664 6.4173398311249903
leaf_count=146 309 190 112 153 320 134 52761 194 142 747 222 106 350 114
internal_value=-6.2137e-06 0.00693024 0.0139048 -6.66503e-05 0.000112963 0.0164652 -5.70651e-05 0.00275969 -0.0183896 -0.00567425 -0.0168305 -0.00109441 -0.0137174 -0.0373792
internal_weight=8228.83 68.1322 43.3769 8160.7 7910.27 78.4447 7831.83 49.7091 59.6139 250.43 70.5499 179.88 66.0419 26.1352
internal_count=56000 448 258 55552 53704 481 53223 347 462 1848 645 1203 456 423
cat_boundaries=0 1 2
cat_threshold=19 52
is_linear=0
shrinkage=0.05


Tree=279
num_leaves=15
num_cat=1
split_feature=6 0 2 7 7 1 7 12 7 1 13 3 1 3
split_gain=1.33361 7.74104 4.93226 7.15614 4.37144 3.07935 2.5546 10.2328 5.8306 5.58009 4.46384 7.07759 4.00591 1.9874
threshold=2.5000000000000004 28.500000000000004 0 0.24135000000000004 0.23845000000000002 731.93500000000006 0.027450000000000006 16.855000000000004 0.032450000000000007 672.08500000000015 2.5000000000000004 20.055000000000003 476.72500000000008 46.140000000000008
decision_type=2 2 1 2 2 2 2 2 2 2 2 2 2 2
left_child=1 -1 4 5 -3 -4 7 9 10 12 11 -8 -2 -10
right_child=6 2 3 -5 -6 -7 8 -9 13 -11 -12 -13 -14 -15
leaf_value=-0.02251661426813344 -0.021265741979335673 -0.022429436070997257 0.015917545210907085 -0.0018043002845366371 0.0094848128644579744 0.047845074816514267 -0.0039811502159870331 0.030503271530231069 -0.00021934941591942653 -0.040216519787079547 -0.0124402109517805 0.06138416162553282 0.01867465319829862 0.0044612537174900267
leaf_weight=17.94192467443645 10.303172667045148 16.40076552843675 19.050710838288069 21.577194089069963 21.355061441659927 17.654933572746813 6.0314199617132571 8.8209631661884469 7818.6450684531592 18.524348057806492 4.3104064790531984 8.17321929335594 8.9315161779522878 230.56156118586659
leaf_count=146 256 187 120 109 90 114 189 198 52346 663 123 125 197 1137
internal_value=-7.3716e-06 0.00529318 0.0110133 0.0181655 -0.0040221 0.033729 -8.37565e-05 -0.0113986 -1.42163e-05 -0.022712 0.02598 0.0377749 -0.0027023 -8.3666e-05
internal_weight=8228.28 113.981 96.0387 58.2828 37.7558 36.7056 8114.3 46.58 8067.72 37.759 18.515 14.2046 19.2347 8049.21
internal_count=56000 766 620 343 277 234 55234 1314 53920 1116 437 314 453 53483
cat_boundaries=0 1
cat_threshold=52
is_linear=0
shrinkage=0.05


Tree=280
num_leaves=15
num_cat=1
split_feature=9 13 12 12 7 1 0 5 12 1 13 3 4 12
split_gain=1.31937 3.18228 5.33181 11.1942 3.80222 2.22523 4.36261 4.20068 5.36204 3.86315 2.37565 10.3539 8.09418 3.01744
threshold=0 7.5000000000000009 29.510000000000002 25.505000000000006 0.41485000000000005 222.17500000000004 49.500000000000007 2.7850000000000006 5.9150000000000009 185.43000000000004 7.5000000000000009 29.975000000000005 1.0000000180025095e-35 28.565000000000001
decision_type=1 2 2 2 2 2 2 2 2 2 2 2 2 2
left_child=1 2 3 4 -1 6 7 -2 -9 -8 13 12 -12 -7
right_child=5 -3 -4 -5 -6 10 9 8 -10 -11 11 -13 -14 -15
leaf_value=0.00099851185462086138 0.015049883780711096 -0.017178870611196505 0.020946489285066414 -0.031904178383618358 0.012355224417663326 -0.00013528221332227434 0.02434145779914736 0.0042160880548688792 -0.017965024505751104 -0.0055309562332898259 0.0046396355089136851 -0.024188565629638666 0.044253563766788899 -0.0081250033605688773
leaf_weight=1723.212109621847 13.216236282140015 20.37165237031877 31.223105265758932 22.458806151524186 74.043641980737448 5981.1129851473961 17.541888861916959 35.661226814612746 100.29137727897614 20.998077694326639 37.179334867745638 15.564007739536462 17.436035846360028 117.55693152826279
leaf_count=10018 73 142 178 159 648 42202 101 226 752 135 295 108 93 870
internal_value=-6.07067e-06 0.0011562 0.00139171 0.00102226 0.0014862 -0.000349885 -0.00566987 -0.00951956 -0.0121814 0.00884178 -0.000185896 0.00876952 0.0189322 -0.00029321
internal_weight=8227.87 1871.31 1850.94 1819.71 1797.26 6356.56 187.709 149.169 135.953 38.54 6168.85 70.1794 54.6154 6098.67
internal_count=56000 11145 11003 10825 10666 44855 1287 1051 978 236 43568 496 388 43072
cat_boundaries=0 1
cat_threshold=2
is_linear=0
shrinkage=0.05


Tree=281
num_leaves=15
num_cat=1
split_feature=1 1 11 12 5 5 7 13 8 13 13 7 1 5
split_gain=1.33671 12.5376 10.8599 15.9296 10.426 7.76765 9.41255 6.16284 5.74773 12.9013 6.83263 5.3211 5.25728 13.7554
threshold=358.14500000000004 328.86000000000007 0 16.405000000000005 4.6250000000000009 4.6950000000000012 0.21825000000000003 1.5000000000000002 1.5000000000000002 1.5000000000000002 2.5000000000000004 0.10155000000000002 408.21500000000009 3.8250000000000006
decision_type=2 2 1 2 2 2 2 2 2 2 2 2 2 2
left_child=1 2 5 11 8 7 -7 -1 10 -10 -3 -4 13 -2
right_child=12 4 3 -5 -6 6 -8 -9 9 -11 -12 -13 -14 -15
leaf_value=-0.0037416615345222631 0.0032068521138112617 0.026793067953229985 0.0053880080345841824 0.015344834783230166 -0.021125445300118419 0.047946815520563492 -5.5986723577822365e-06 0.007222381887310907 -0.020966229467891766 0.022245580335427225 0.0012219887396918933 -0.016054682197711816 6.2769604678755914e-05 -0.016015385302886858
leaf_weight=267.33864561002702 191.90906320512295 108.83519060350955 31.488123998977244 55.735451602376997 19.023523417301476 17.595373895950615 20.339022021740675 240.90508939605206 28.768820207566023 34.907538864761591 34.471375335007906 233.84579892642796 6765.7291689496487 176.20505279209465
leaf_count=1693 1086 619 431 318 144 158 89 1486 188 165 211 1387 46678 1347
internal_value=-5.33936e-06 0.00162023 -0.00112378 -0.008379 0.0120265 0.00316366 0.0241203 0.00146713 0.0153317 0.00265766 0.0207933 -0.0134782 -0.000255032 -0.00604933
internal_weight=8227.1 1093.25 867.248 321.069 226.006 546.178 37.9344 508.244 206.983 63.6764 143.307 265.334 7133.84 368.114
internal_count=56000 6889 5562 2136 1327 3426 247 3179 1183 353 830 1818 49111 2433
cat_boundaries=0 1
cat_threshold=2
is_linear=0
shrinkage=0.05


Tree=282
num_leaves=15
num_cat=0
split_feature=8 0 0 3 0 6 6 1 1 5 1 5 7 12
split_gain=1.30924 3.84053 5.82058 7.14432 5.35081 13.1298 4.27212 3.74451 3.53303 8.81925 3.15343 6.33921 4.3863 2.08777
threshold=1.0000000180025095e-35 67.500000000000014 62.500000000000007 21.075000000000003 58.500000000000007 10.500000000000002 14.500000000000002 150.24500000000003 197.49000000000004 3.9750000000000005 5954.5050000000001 3.2050000000000005 0.36825000000000008 9.3950000000000014
decision_type=2 2 2 2 2 2 2 2 2 2 2 2 2 2
left_child=1 2 4 -4 6 -6 -1 -2 9 13 12 -12 -10 -9
right_child=7 -3 3 -5 5 -7 -8 8 10 -11 11 -13 -14 -15
leaf_value=-0.00086106770715859999 0.017358095909199192 0.018929837504995897 -0.039151251683521876 0.0019058198284892316 0.00016829519750227154 0.046662078276224428 -0.01679531600087299 -0.0071150090017954226 -0.0002675663499286477 -0.032240183862180978 -0.011422506158921595 0.010298845797384527 0.0045277510839176619 0.014972497047876621
leaf_weight=2770.6524501747917 29.609976873733103 21.35131309600547 19.007730925455689 19.921395783312619 59.700952159240842 17.374337397515774 39.727560786996037 18.178335571661592 4438.5582849630155 25.310478070750833 38.554336786270142 179.35668756254017 531.2420282154344 19.093564184382558
leaf_count=20759 156 150 182 123 393 99 371 96 28681 193 254 1233 3202 108
internal_value=-4.16833e-06 -0.000847803 -0.00101134 -0.0195078 -0.000741981 0.0120045 -0.00110398 0.000467042 0.000361923 -0.011171 0.000507428 0.00635282 0.000247447 0.00447239
internal_weight=8227.64 2947.74 2926.38 38.9291 2887.46 77.0753 2810.38 5279.9 5250.29 62.5824 5187.71 217.911 4969.8 37.2719
internal_count=56000 22077 21927 305 21622 492 21130 33923 33767 397 33370 1487 31883 204
is_linear=0
shrinkage=0.05


Tree=283
num_leaves=13
num_cat=1
split_feature=0 7 0 1 1 7 0 5 1 2 5 8
split_gain=1.37895 3.06872 2.59958 4.49621 14.5143 10.8242 2.30925 3.07122 2.6598 1.99314 4.21742 3.85941
threshold=69.500000000000014 0.28315000000000007 60.500000000000007 4422.6650000000009 2606.6000000000004 0.11005000000000002 59.500000000000007 3.7850000000000006 967.8950000000001 0 3.9350000000000005 1.5000000000000002
decision_type=2 2 2 2 2 2 2 2 2 1 2 2
left_child=2 -2 6 4 5 -4 9 -8 -9 10 -1 -11
right_child=1 -3 3 -5 -6 -7 7 8 -10 11 -12 -13
leaf_value=0.00063803092276429015 -0.022662894175857713 0.0065120753156037731 -0.027859917940982151 0.025749219370328386 -0.037828201956815327 0.010479800483367246 0.0043040634765176139 -0.034614932551302255 -0.0032380246478674185 -0.0004129097949318128 -0.0034830585401583029 0.0024650732939278824
leaf_weight=1376.3252253397368 17.192571090534333 14.362923733890055 17.532939095050097 20.903140097856522 17.02876606862992 184.04262383654714 18.239130103029311 13.384350110776724 12.650825386866925 3713.317814162001 1126.8027430549264 1693.9195045856759
leaf_count=9186 171 60 279 133 150 906 110 112 102 25375 9631 9785
internal_value=-3.83918e-06 -0.00997102 3.81794e-05 0.00513781 0.00284503 0.00678538 -0.000117245 -0.0111351 -0.0212784 -5.13802e-05 -0.00121421 0.000488637
internal_weight=8225.7 31.5555 8194.15 239.507 218.604 201.576 7954.64 44.2743 26.0352 7910.37 2503.13 5407.24
internal_count=56000 231 55769 1468 1335 1185 54301 324 214 53977 18817 35160
cat_boundaries=0 1
cat_threshold=12
is_linear=0
shrinkage=0.05


Tree=284
num_leaves=11
num_cat=0
split_feature=0 3 0 12 12 1 0 12 6 12
split_gain=1.26996 3.01603 2.37889 1.60767 7.65123 7.1537 7.10528 4.98095 9.48687 7.65821
threshold=69.500000000000014 20.185000000000006 67.500000000000014 6.495000000000001 5.5650000000000004 2179.5850000000005 32.500000000000007 7.4050000000000011 11.500000000000002 7.6050000000000013
decision_type=2 2 2 2 2 2 2 2 2 2
left_child=2 -2 3 4 5 -1 -6 8 -5 -9
right_child=1 -3 -4 7 6 -7 -8 9 -10 -11
leaf_value=-0.0010256409327032709 -0.024340288317640624 0.0046177931822503158 0.014920434678894588 0.0064474040025761419 0.0014890323413635756 0.0069317020734299675 -0.0096118827376465085 -0.011847720053137905 -0.012628975653301726 0.00021541106858173791
leaf_weight=1364.3620887403376 14.348639870993795 17.020784905180335 23.753254839684814 611.50091089657508 218.75508683081716 353.00593831948936 415.58957162080333 132.11793083045632 70.10820790193975 5003.6548463196959
leaf_count=9180 130 101 149 3998 1494 2527 3004 959 493 33965
internal_value=-5.13836e-06 -0.00959629 3.50842e-05 -1.36594e-05 -0.00111603 0.000619231 -0.00579472 0.000432326 0.00443852 -0.000101649
internal_weight=8224.22 31.3694 8192.85 8169.09 2351.71 1717.37 634.345 5817.38 681.609 5135.77
internal_count=56000 231 55769 55620 16205 11707 4498 39415 4491 34924
is_linear=0
shrinkage=0.05


Tree=285
num_leaves=15
num_cat=1
split_feature=2 7 13 1 7 1 1 0 3 12 3 12 3 7
split_gain=1.29195 5.12827 4.98899 7.50045 8.42907 6.77215 8.92963 7.84652 6.44323 4.87769 3.67368 8.24136 4.4431 7.95731
threshold=0 0.027450000000000006 1.0000000180025095e-35 6658.8150000000014 0.28135000000000004 1246.6400000000001 1370.6600000000003 49.500000000000007 42.425000000000004 17.835000000000004 2.4050000000000007 7.9650000000000007 3.6550000000000007 0.20975000000000002
decision_type=1 2 2 2 2 2 2 2 2 2 2 2 2 2
left_child=10 9 3 8 -5 7 -7 -4 -3 -2 11 -1 13 -12
right_child=1 2 5 4 -6 6 -8 -9 -10 -11 12 -13 -14 -15
leaf_value=0.0081107759505283424 -0.036544861895636986 0.004606421139646745 -0.0030426095965779957 -0.032137093724419079 0.0062076248636191954 0.011532926289434059 -0.00093058216823823238 -0.015430083812721561 -0.014659487460601528 0.018867263752363365 0.032667453000210726 -0.029856551155331895 0.00051717024231531837 0.00039542764023221648
leaf_weight=25.115557959768921 14.585157866124066 864.3281137435697 756.76003399351612 28.906233677174896 24.522485267370939 153.42743176408112 1764.9701403712388 151.44441349618137 42.802340143360198 3.0960417990572742 27.199979953467846 27.317188990302384 4287.7710782908835 52.175912128761411
leaf_count=188 577 6098 5365 314 105 978 13042 1143 233 86 315 262 27047 247
internal_value=-5.33935e-06 -0.000679503 -0.000545255 0.0025627 -0.0151434 -0.00160302 8.2661e-05 -0.00515224 0.00365205 -0.0255126 0.000575355 -0.0122153 0.000738518 0.0122411
internal_weight=8224.42 3804.84 3787.16 960.559 53.4287 2826.6 1918.4 908.204 907.13 17.6812 4419.58 52.4327 4367.15 79.3759
internal_count=56000 27941 27278 6750 419 20528 14020 6508 6331 663 28059 450 27609 562
cat_boundaries=0 1
cat_threshold=35
is_linear=0
shrinkage=0.05


Tree=286
num_leaves=15
num_cat=1
split_feature=7 3 2 0 1 13 4 7 1 12 6 1 7 12
split_gain=1.26037 1.46215 1.26002 3.94958 10.4062 10.6727 8.48594 9.29452 8.40891 4.31587 3.42405 8.46803 9.2302 2.96988
threshold=0.5676500000000001 14.855000000000002 0 33.500000000000007 4538.5600000000004 3.5000000000000004 1.0000000180025095e-35 0.12395000000000002 1920.1050000000002 11.625000000000002 2.5000000000000004 403.76500000000004 0.23985000000000004 2.1350000000000002
decision_type=2 2 1 2 2 2 2 2 2 2 2 2 2 2
left_child=2 -2 3 6 9 -6 8 -8 -1 -5 11 -4 -13 -12
right_child=1 -3 10 4 5 -7 7 -9 -10 -11 13 12 -14 -15
leaf_value=-0.032376106600329232 -0.002089734002690964 0.023490260902757711 -0.018584023389510405 -0.011248899654356668 0.0060952090574125711 -0.018048431482206723 0.039116368478283675 0.0062002799773353207 -0.00034293774278879106 -0.0016884982841194156 0.011010383474415679 0.031363376927386485 -0.0031767898729728704 9.5661634583356675e-06
leaf_weight=18.84949238691479 9.4654281605035084 9.2154139182530326 18.645963933318853 340.70096859615296 335.36667963350192 49.988967034034431 22.618513981811702 143.00042609125376 329.67290299595334 181.63498342642561 58.925070209428668 43.054678628221154 32.473209667950869 6630.4002889320254
leaf_count=185 153 253 127 2771 2457 428 337 784 2571 1494 363 319 152 43606
internal_value=-6.13436e-06 0.0120334 -3.79323e-05 -0.00138421 -0.00337322 0.00284803 0.00209973 0.0113116 -0.00233694 -0.00795303 0.000246413 0.00956502 0.0169588 0.000111363
internal_weight=8224.01 18.6808 8205.33 1421.83 907.692 385.356 514.141 165.619 348.522 522.336 6783.5 94.1739 75.5279 6689.33
internal_count=56000 406 55594 11027 7150 2885 3877 1121 2756 4265 44567 598 471 43969
cat_boundaries=0 1
cat_threshold=4
is_linear=0
shrinkage=0.05


Tree=287
num_leaves=15
num_cat=2
split_feature=7 6 12 3 3 7 5 7 11 5 12 9 1 1
split_gain=1.28919 5.93189 7.76266 5.32834 9.33483 8.89749 8.87261 7.48791 4.82967 4.55993 6.05959 5.65124 11.3221 5.4024
threshold=0.23845000000000002 15.500000000000002 8.8650000000000002 3.8950000000000005 4.7150000000000007 0.22665000000000005 3.5050000000000003 0.17895000000000003 0 4.7250000000000005 18.385000000000002 1 1321.8600000000004 985.6350000000001
decision_type=2 2 2 2 2 2 2 2 1 2 2 1 2 2
left_child=1 3 -3 5 7 6 -1 -5 -6 -2 11 12 -11 -13
right_child=9 2 -4 4 8 -7 -8 -9 -10 10 -12 13 -14 -15
leaf_value=-0.0056637266239989098 0.001042966075586699 0.00089042572125160003 -0.051944207294411272 -0.043780471991635379 0.002100072393052336 -0.030597462400075211 0.025613877767405636 -0.002041027075863094 -0.0016663643721709772 -0.028885562933180398 -0.028949900633711237 0.011785797496768584 0.0097211873315982359 -0.0081932409237450085
leaf_weight=32.90940153831616 3826.3945266976953 14.800983625929804 9.9462781292386335 19.570069121196866 1225.2655448056757 9.1057624928653222 63.797257137019187 21.096960643306375 2769.5754702286795 47.486391603946686 22.942999057471752 77.108683630824089 28.514677189290524 55.832723245024681
leaf_count=385 17321 143 156 427 10468 76 990 170 24756 261 135 312 134 266
internal_value=-5.40164e-06 -0.000623033 -0.0236648 -0.000468312 -0.000762159 0.0104506 0.0151199 -0.023755 -0.000510444 0.000628626 -0.00613448 -0.00325491 -0.0129433 0.00316644
internal_weight=8224.35 4166.07 24.7473 4141.32 4035.51 105.812 96.7067 40.667 3994.84 4058.28 231.885 208.942 76.0011 132.941
internal_count=56000 37571 299 37272 35821 1451 1375 597 35224 18429 1108 973 395 578
cat_boundaries=0 1 2
cat_threshold=1 17
is_linear=0
shrinkage=0.05


Tree=288
num_leaves=15
num_cat=1
split_feature=0 7 7 1 3 13 1 0 7 5 0 13 5 9
split_gain=1.25142 7.90481 9.86691 11.2731 13.3793 11.1982 12.2474 9.6122 8.72582 14.7466 10.8032 7.85606 13.612 6.81156
threshold=36.500000000000007 0.073250000000000023 0.052350000000000008 517.43500000000006 29.125000000000004 1.5000000000000002 1321.8600000000004 23.500000000000004 0.093150000000000024 3.1050000000000004 22.500000000000004 1.5000000000000002 4.8550000000000013 0
decision_type=2 2 2 2 2 2 2 2 2 2 2 2 2 1
left_child=1 2 3 -1 -5 6 -4 -7 9 -3 -11 12 -10 -13
right_child=-2 8 5 4 -6 7 -8 -9 11 10 -12 13 -14 -15
leaf_value=-0.030414031940414837 0.00054660184822584977 0.015180802915186095 0.045236751236230298 0.024038269406326057 -0.025290777351908801 0.034031065116063165 -0.0054395205761827011 -0.014157886029848507 -0.002571757142337813 0.0056163739231306587 -0.036990601464676351 0.0046757928610797811 -0.040886169176728916 -0.0018036657627172243
leaf_weight=24.057827534154058 4545.1679738929961 26.872045202180743 44.803003241308033 39.721624567871913 17.450291473418474 11.628243086859582 15.089911186136304 32.368716825731099 1754.8319417601451 18.887991346418858 56.40923476871103 876.24198820907623 20.510946896858513 738.28800037223846
leaf_count=530 30790 240 555 1148 270 172 281 556 10466 299 1097 4867 189 4540
internal_value=-8.06666e-06 -0.000693553 0.0092916 -0.00371825 0.00847156 0.0192827 0.0328185 -6.23778e-05 -0.00123041 -0.0154149 -0.0264971 -0.000789641 -0.00308264 0.00173279
internal_weight=8222.33 3677.16 185.12 81.2297 57.1719 103.89 59.8929 43.997 3492.04 102.169 75.2972 3389.87 1775.34 1614.53
internal_count=56000 25210 3512 1948 1418 1564 836 728 21698 1636 1396 20062 10655 9407
cat_boundaries=0 1
cat_threshold=10
is_linear=0
shrinkage=0.05


Tree=289
num_leaves=15
num_cat=2
split_feature=5 2 0 9 7 5 0 6 5 7 5 7 7 7
split_gain=1.24389 3.44129 5.56732 6.15578 3.12662 2.83168 1.618 6.07337 12.9653 6.97799 6.89443 6.46177 6.01085 5.46503
threshold=2.3150000000000004 0 27.500000000000004 1 0.22665000000000005 2.1850000000000005 36.500000000000007 13.500000000000002 3.7050000000000005 0.22085000000000002 4.8750000000000009 0.25965000000000005 0.073250000000000023 0.079450000000000007
decision_type=2 1 2 1 2 2 2 2 2 2 2 2 2 2
left_child=1 4 -3 -4 -1 -5 7 10 11 -10 12 -9 -2 -8
right_child=6 2 3 5 -6 -7 13 8 9 -11 -12 -13 -14 -15
leaf_value=-0.018226536999166883 0.0080116764916093146 0.026540244449786587 0.012406027525108223 -0.023001748326375405 0.0060596157218934816 0.0023675913635289422 -0.0068837275699979985 -0.028393953964039487 0.036069531201263785 0.007734685341283601 -0.021728718959405757 0.0085627413361875765 -0.0015334277938889075 0.00094875976573206085
leaf_weight=26.701877093873918 170.78656252380461 29.876532422378659 52.755545111373067 23.815809896215796 21.845639731734991 17.777849547564983 232.10092220711522 23.918369096703827 36.631814286112785 52.917884771712124 37.801110406871885 19.142172081395984 3249.4848269359209 4226.4953714800067
leaf_count=184 3284 131 248 157 94 99 4755 213 321 230 339 82 20298 25565
internal_value=-8.52293e-06 0.00415246 0.00816683 0.00254905 -0.00634968 -0.0103971 -9.93499e-05 -0.000888893 0.00949255 0.020119 -0.00129488 -0.0124775 -0.0010502 0.00053667
internal_weight=8222.05 172.773 124.226 94.3492 48.5475 41.5937 8049.28 3590.68 132.61 89.5497 3458.07 43.0605 3420.27 4458.6
internal_count=56000 913 635 504 278 256 55087 24767 846 551 23921 295 23582 30320
cat_boundaries=0 1 2
cat_threshold=24 10
is_linear=0
shrinkage=0.05


Tree=290
num_leaves=15
num_cat=0
split_feature=8 1 0 7 3 3 0 12 0 3 7 7 0 5
split_gain=1.24287 3.97309 4.99984 7.7844 4.54688 6.18339 1.85206 3.36801 2.58697 4.55051 11.7951 4.00256 2.36829 3.32064
threshold=3.5000000000000004 293.47000000000008 47.500000000000007 0.17165000000000002 37.935000000000009 21.075000000000003 69.500000000000014 9.7450000000000028 60.500000000000007 11.805000000000001 0.13875000000000001 0.20555000000000004 59.500000000000007 3.7850000000000006
decision_type=2 2 2 2 2 2 2 2 2 2 2 2 2 2
left_child=6 -2 4 -4 5 -3 8 -8 12 11 -11 -10 -1 -14
right_child=1 2 3 -5 -6 -7 7 -9 9 10 -12 -13 13 -15
leaf_value=-0.00017265015124799034 0.020508445999556164 0.001815197096886409 -0.010367415851910809 0.023557418390847094 0.017619191685794119 -0.016373814000749283 -0.025929123738167095 0.0058856498591441323 0.032882125935476639 -0.027733450056065409 0.0066953534817652018 0.0057020499075985144 0.0044546243353529085 -0.022942969198370702
leaf_weight=7606.7100467320997 26.600401994772255 122.6907473038882 23.243986299261451 47.760428724810481 21.942232463508844 71.952462937682867 15.690901143476369 13.337011440657077 21.091265078168362 26.787332958541811 148.00913520995528 34.588503737002611 17.476333158090711 23.651539361104369
leaf_count=52330 121 721 173 180 91 428 131 92 234 347 688 154 107 203
internal_value=-7.29251e-06 0.00306163 0.00125283 0.0124817 -0.00254863 -0.00505509 -0.000130348 -0.0121296 -8.1536e-05 0.00510312 0.00104026 0.0171525 -0.000239721 -0.0117896
internal_weight=8221.53 314.19 287.59 71.0044 216.585 194.643 7907.34 29.0279 7878.31 230.476 174.796 55.6798 7647.84 41.1279
internal_count=56000 1714 1593 353 1240 1149 54286 223 54063 1423 1035 388 52640 310
is_linear=0
shrinkage=0.05


Tree=291
num_leaves=15
num_cat=1
split_feature=3 7 5 11 7 12 13 1 3 3 5 0 12 13
split_gain=1.25101 6.10345 6.5188 13.3845 6.10351 5.33509 9.36006 8.85977 5.30319 6.82078 7.55862 4.93425 4.87593 4.82699
threshold=7.4450000000000012 0.06235000000000001 3.0250000000000004 0 0.27555000000000007 25.505000000000006 4.5000000000000009 995.43500000000006 8.2650000000000023 8.6550000000000029 3.3650000000000007 47.500000000000007 45.32500000000001 1.0000000180025095e-35
decision_type=2 2 2 1 2 2 2 2 2 2 2 2 2 2
left_child=1 -1 3 -3 -5 6 -4 -7 13 10 -10 -12 -11 -2
right_child=8 2 5 4 -6 7 -8 -9 9 12 11 -13 -14 -15
leaf_value=-0.029601087380442453 0.022261100723252561 0.021131704112257194 -0.0027012140055773996 -0.028347408434507872 0.0076466411592667413 -0.009201536546165956 -0.029955342707994048 0.03961954745220439 0.0076454266909490413 0.00022894166470350779 -0.031845151981220461 0.0040514625237190287 -0.022799227296936384 0.0036039406893257409
leaf_weight=16.355064053088427 45.244165418669581 79.779526907019317 623.42860188381746 23.52146046794951 19.341718133538961 16.640029663220048 30.246048995293677 15.721373775042592 25.244851728901267 7122.5835932013579 42.584328577388078 11.324390470981596 20.061322497669607 128.79501789947972
leaf_count=729 336 435 5067 194 78 126 283 89 161 46769 436 96 156 1045
internal_value=-6.66153e-06 -0.00184972 -0.00118114 0.00929857 -0.0126676 -0.00308692 -0.00409337 0.0158651 0.000199606 -9.97932e-06 -0.0143349 -0.0244884 0.000154718 0.00874919
internal_weight=8220.87 825.034 808.679 122.643 42.8632 686.036 653.675 32.3614 7395.84 7221.8 79.1536 53.9087 7142.64 174.039
internal_count=56000 7001 6272 707 272 5565 5350 215 48999 47618 693 532 46925 1381
cat_boundaries=0 1
cat_threshold=2
is_linear=0
shrinkage=0.05


Tree=292
num_leaves=14
num_cat=0
split_feature=3 12 5 7 6 13 12 12 5 7 7 1 12
split_gain=1.24058 1.47851 10.2811 8.91886 10.6269 5.97362 2.88477 8.07538 9.24486 7.31856 12.6608 11.8223 3.86225
threshold=53.915000000000006 26.125000000000004 4.6850000000000014 0.10895000000000001 10.500000000000002 3.5000000000000004 17.505000000000006 15.185 3.3850000000000002 0.10665000000000001 0.18755000000000002 772.29500000000007 11.935
decision_type=2 2 2 2 2 2 2 2 2 2 2 2 2
left_child=1 6 3 5 -5 -3 7 12 -9 11 -11 -8 -1
right_child=-2 2 -4 4 -6 -7 9 8 -10 10 -12 -13 -14
leaf_value=-0.00033579899696979415 0.0082150091160961124 0.0071078794894034597 -0.040991575190118659 -0.003746383924381843 0.020437969388895083 -0.040912850930211388 -0.0031126188098263047 -0.018893588177281831 -0.0024664744642334644 -0.010486996010998935 0.0048495887890851993 0.032787194081948509 0.0029710308739700543
leaf_weight=5572.4362584424671 42.620597450062633 8.1217925166711229 14.249173666350542 193.08450539689511 56.148422751575708 18.608538823667914 41.881452600471675 113.21521752560511 330.0510034582112 173.5637842323631 563.11535282991827 46.442489290144295 1046.159468147438
leaf_count=38065 196 118 154 1135 269 393 607 737 2455 1505 2583 753 7030
internal_value=-7.31953e-06 -5.31731e-05 -0.00353948 -0.00118564 0.00188027 -0.0270772 7.64094e-05 -0.000250865 -0.00676095 0.00286857 0.00120837 0.0162212 0.000188
internal_weight=8219.7 8177.08 290.212 275.963 249.233 26.7303 7886.87 7061.86 443.266 825.003 736.679 88.3239 6618.6
internal_count=56000 55804 2069 1915 1404 511 53735 48287 3192 5448 4088 1360 45095
is_linear=0
shrinkage=0.05


Tree=293
num_leaves=15
num_cat=2
split_feature=7 11 5 0 2 12 12 8 12 5 8 6 1 1
split_gain=1.21984 3.25079 3.62966 2.69428 3.17586 1.34735 8.05698 8.47298 8.28355 7.4408 6.15047 5.38937 8.17048 11.3086
threshold=0.50685000000000013 0 4.2750000000000012 37.500000000000007 1 3.1750000000000003 3.3450000000000002 1.5000000000000002 3.5050000000000003 4.1450000000000005 1.5000000000000002 6.5000000000000009 1549.0550000000001 745.31500000000017
decision_type=2 1 2 2 1 2 2 2 2 2 2 2 2 2
left_child=5 2 -2 -3 -5 11 7 9 10 -7 -8 12 13 -1
right_child=1 3 -4 4 -6 6 8 -9 -10 -11 -12 -13 -14 -15
leaf_value=-0.0059196809524334915 0.006861851227180811 0.024112556197060885 -0.031259547925293063 0.016082219303942168 -0.009744811392588093 0.015008577532736678 -0.0072282179128911649 0.036060663379027046 4.7549732343427371e-05 -0.024537048718543456 -0.042032679733748253 0.0010077019204633544 0.0091507539745953655 -0.048163682179660078
leaf_weight=42.159294242039323 13.271685104817154 24.277660742402077 7.5426725670695296 6.7780790207907557 17.001505935564641 34.635184120386839 42.863456789869815 28.466666154563427 7698.804014622001 14.418854489922522 16.101462164893746 221.91839785221964 27.223821872845292 23.382285217288882
leaf_count=301 217 340 97 116 249 212 315 131 51799 127 141 1532 209 214
internal_value=-7.93688e-06 0.00647746 -0.00915016 0.013386 0.000960298 -6.51052e-05 6.42964e-05 0.0157991 -9.89822e-05 0.0026404 -0.0183071 -0.00325725 -0.013172 -0.0224389
internal_weight=8218.85 68.8716 20.8144 48.0572 23.7796 8149.97 7835.29 77.5207 7757.77 49.054 58.9649 314.684 92.7654 65.5416
internal_count=56000 1019 314 705 365 54981 52725 470 52255 339 456 2256 724 515
cat_boundaries=0 1 2
cat_threshold=1 33
is_linear=0
shrinkage=0.05


Tree=294
num_leaves=15
num_cat=1
split_feature=1 1 11 12 5 5 12 3 8 13 13 0 0 1
split_gain=1.21045 11.4195 9.96198 14.4342 9.38973 7.3743 9.61516 6.12233 5.27357 11.7921 6.16131 5.14161 4.90638 4.72501
threshold=358.14500000000004 328.86000000000007 0 16.405000000000005 4.6250000000000009 3.6450000000000005 22.665000000000003 36.865000000000002 1.5000000000000002 1.5000000000000002 2.5000000000000004 44.500000000000007 36.500000000000007 408.21500000000009
decision_type=2 2 1 2 2 2 2 2 2 2 2 2 2 2
left_child=1 2 5 11 8 7 -7 -1 10 -10 -3 -4 -5 -2
right_child=13 4 3 12 -6 6 -8 -9 9 -11 -12 -13 -14 -15
leaf_value=-0.0076697870161251125 -0.005744085642435625 0.025544105033621457 -0.017556987654337091 -0.0035538421735696619 -0.020040209858590001 0.0094437371200458749 -0.025597793843265285 0.01918657076047163 -0.020070642039799899 0.021272914101988574 0.0012394858299315532 -0.0025516998487439759 0.025891357310300445 5.5380696847317475e-05
leaf_weight=178.37162986863405 367.45821245666593 108.74753269925714 181.14472695533186 22.056369795463979 18.951518203131855 328.09594747144729 17.957259094808251 21.143118424341083 28.813680412247777 34.716796943917871 34.424970086663961 84.403996971435845 33.454874159768224 6758.5073467453476
leaf_count=1078 2433 619 1286 145 144 2121 140 87 188 165 211 532 173 46678
internal_value=-8.20635e-06 0.00153935 -0.00107951 -0.00802702 0.0114793 0.00303056 0.007421 -0.00458168 0.0146145 0.00246241 0.0198456 -0.0128694 0.0146095 -0.000245967
internal_weight=8218.25 1092.28 866.628 321.06 225.654 545.568 346.053 199.515 206.703 63.5305 143.173 265.549 55.5112 7125.97
internal_count=56000 6889 5562 2136 1327 3426 2261 1165 1183 353 830 1818 318 49111
cat_boundaries=0 1
cat_threshold=2
is_linear=0
shrinkage=0.05


Tree=295
num_leaves=15
num_cat=1
split_feature=2 6 0 6 7 6 12 12 5 8 1 1 13 12
split_gain=1.21251 3.13712 3.56272 3.47908 11.3946 6.88875 4.95946 4.27728 13.8509 11.9644 2.54266 7.44798 7.14992 9.20455
threshold=0 14.500000000000002 33.500000000000007 12.500000000000002 0.17515000000000003 13.500000000000002 8.4250000000000025 9.3950000000000014 3.9250000000000003 2.5000000000000004 869.7650000000001 808.25500000000011 1.5000000000000002 18.005000000000006
decision_type=1 2 2 2 2 2 2 2 2 2 2 2 2 2
left_child=1 3 -3 7 5 -5 -6 8 -1 -9 11 12 13 -2
right_child=10 2 -4 4 6 -7 -8 9 -10 -11 -12 -13 -14 -15
leaf_value=0.0082721781225125451 -0.0030461476199213165 0.028624437823828432 0.001383553726148707 -0.049814456429990689 -0.012930225065336618 -0.002310567279781735 0.013030802778581966 -0.0034298797403637632 -0.0026476618113858669 0.012370586340348474 0.00043062911081998473 -0.011564673556873682 0.002133541715130778 -0.036542686237118122
leaf_weight=619.59592024050653 1058.238493247889 18.670561334118247 27.629035910591483 17.969561601057649 27.331669053062797 12.476681157946588 43.994219791144133 870.20281574409455 542.13012617500499 135.88750108331442 3635.4190205454361 173.55105594033375 1017.2492934097536 17.951121279969811
leaf_count=3356 7405 89 166 199 141 119 182 5433 3519 642 26408 1314 6864 163
internal_value=-7.77777e-06 0.000958637 0.013442 0.000690786 -0.00820991 -0.032301 0.00296232 0.00111941 0.00318264 -0.00126536 -0.000388224 -0.00170191 -0.000868881 -0.00370491
internal_weight=8218.3 2315.89 46.2996 2269.59 101.772 30.4462 71.3259 2167.82 1161.73 1006.09 5902.41 2266.99 2093.44 1076.19
internal_count=56000 13846 255 13591 641 318 323 12950 6875 6075 42154 15746 14432 7568
cat_boundaries=0 1
cat_threshold=1
is_linear=0
shrinkage=0.05


Tree=296
num_leaves=15
num_cat=2
split_feature=9 3 5 6 6 13 0 6 12 12 12 0 12 2
split_gain=1.20885 2.98101 3.63813 3.25526 7.1847 4.2369 2.24728 12.4804 9.65976 14.7327 9.23208 5.00595 10.514 14.8416
threshold=0 47.155000000000008 4.8950000000000005 4.5000000000000009 6.5000000000000009 3.5000000000000004 28.500000000000004 13.500000000000002 29.510000000000002 20.965000000000003 6.4450000000000012 36.500000000000007 5.7650000000000006 1
decision_type=1 2 2 2 2 2 2 2 2 2 2 2 2 1
left_child=1 2 3 5 -5 -1 7 8 9 -2 -9 12 13 -8
right_child=6 -3 -4 4 -6 -7 11 10 -10 -11 -12 -13 -14 -15
leaf_value=0.0096979324596302586 -0.00030353320884752704 0.014770936110881315 0.020397687237670156 -0.0061185525786674536 0.0016899706236019 -0.012348341177588708 -0.018146499863086769 0.052000203057389921 -0.027578869913367218 0.021237785244302324 0.0086950963944409515 0.00019543025546921199 -0.005635490044491662 0.0084982833561471662
leaf_weight=160.51269369665533 1197.5217471458018 36.11504187155515 20.424538931343704 382.47870900342241 1246.3553984169848 22.522225318476558 50.545572903938591 16.948263166472316 27.000295823905617 82.002819541841745 36.211990796029568 3517.8782803113572 1120.7684190752916 299.76542244199663
leaf_count=914 8443 173 116 2372 7424 146 395 84 204 502 232 24711 8227 2057
internal_value=-8.43583e-06 0.001105 0.000817954 0.000563886 -0.000151485 0.00682978 -0.000337695 0.00146165 0.00046849 0.00112347 0.0245417 -0.000829346 -0.00327536 0.00425925
internal_weight=8217.05 1868.41 1832.29 1811.87 1628.83 183.035 6348.64 1359.69 1306.52 1279.52 53.1603 4988.96 1471.08 350.311
internal_count=56000 11145 10972 10856 9796 1060 44855 9465 9149 8945 316 35390 10679 2452
cat_boundaries=0 1 2
cat_threshold=2 2
is_linear=0
shrinkage=0.05


Tree=297
num_leaves=15
num_cat=1
split_feature=1 12 3 12 12 0 0 11 7 1 13 7 1 6
split_gain=1.21585 5.12781 6.94267 5.18766 13.7795 9.28992 7.78087 7.54215 5.23542 4.62325 10.0804 12.8538 8.80413 9.06708
threshold=2501.3100000000009 2.7850000000000006 28.245000000000001 8.0150000000000023 7.8550000000000013 24.500000000000004 33.500000000000007 0 0.36825000000000008 1828.3500000000001 1.0000000180025095e-35 0.15285000000000001 2130.3950000000004 7.5000000000000009
decision_type=2 2 2 2 2 2 2 1 2 2 2 2 2 2
left_child=9 2 -2 4 8 7 -7 -5 -3 -1 11 -11 -12 -14
right_child=1 3 -4 5 -6 6 -8 -9 -10 10 12 -13 13 -15
leaf_value=-0.00011563758068797025 -0.039612439321893129 0.0030794768695293091 0.0075127979576971801 -0.031222801608572822 0.040258702550496323 0.0071440136157019654 -0.0047281834651238348 -0.002038730638438512 -0.011320253725261679 0.042920580911434712 0.007055565035265169 0.0074777467405920083 0.0046999417325683766 -0.018061385208668675
leaf_weight=6312.3057950548828 16.6485003605485 463.92511978885159 11.610065300017594 48.232193726114929 20.511438528541476 185.91443948168308 509.84862517938018 39.769116037525237 70.014415142126381 31.119677455164492 225.19153787475079 109.56890959665179 77.81570215523243 94.091969381086528
leaf_count=41717 200 3612 55 461 137 1340 4025 319 394 368 1496 553 586 737
internal_value=-7.36975e-06 -0.00136748 -0.0213881 -0.000897812 0.00279466 -0.00351063 -0.00153877 -0.0185361 0.00113857 0.000264427 0.00470135 0.01605 0.000590438 -0.00785435
internal_weight=8216.57 1366.47 28.2586 1338.22 554.451 783.764 695.763 88.0013 533.94 6850.09 537.788 140.689 397.099 171.908
internal_count=56000 10543 255 10288 4143 6145 5365 780 4006 45457 3740 921 2819 1323
cat_boundaries=0 1
cat_threshold=2
is_linear=0
shrinkage=0.05


Tree=298
num_leaves=15
num_cat=0
split_feature=7 3 12 3 12 5 7 12 12 12 8 12 7 5
split_gain=1.22401 3.39084 6.01635 3.08458 4.41856 2.85172 1.71048 1.62122 1.54999 6.63569 8.13274 7.7882 7.49186 5.83634
threshold=0.45485000000000003 19.565000000000001 5.1150000000000011 5.7650000000000006 7.6050000000000013 4.0750000000000011 0.49365000000000009 5.2150000000000007 3.1750000000000003 3.3450000000000002 1.5000000000000002 3.5050000000000003 0.18875000000000003 3.2550000000000003
decision_type=2 2 2 2 2 2 2 2 2 2 2 2 2 2
left_child=8 2 -2 -4 -5 7 -7 -3 -1 10 12 13 -10 -11
right_child=1 5 3 4 -6 6 -8 -9 9 11 -12 -13 -14 -15
leaf_value=-0.0035812233757695974 0.01878901534142581 -9.3667027896911841e-05 0.010324572329463913 -0.028894999239863342 -0.003758787911360069 -0.0065414504171862056 0.012907032146911268 0.025558002414277053 0.025911645456351242 0.0075989803969244629 0.034305737226011108 2.4115412927427703e-05 -0.012945256858887514 -0.027041951982595531
leaf_weight=306.00377679709345 27.583620489574969 7.4893505843356243 20.746155312284827 20.389606201089919 73.926520084030926 22.989898690953851 17.109755168668926 31.129573033191264 16.573577965609729 15.098426515236495 28.207866065204144 7557.1739959279075 30.8964479342103 42.290371322073042
leaf_count=2207 197 101 140 189 597 170 238 412 178 80 130 50842 153 366
internal_value=-6.91583e-06 0.00363542 -0.000996857 -0.00609699 -0.00991607 0.011758 0.00207764 0.0209352 -0.000109074 3.04294e-05 0.0144767 -0.00011879 0.00135497 -0.0180035
internal_weight=8217.61 221.364 142.646 115.062 94.3161 78.7186 40.0997 38.6189 7996.24 7690.24 75.6779 7614.56 47.47 57.3888
internal_count=56000 2044 1123 926 786 921 408 513 53956 51749 461 51288 331 446
is_linear=0
shrinkage=0.05


Tree=299
num_leaves=15
num_cat=1
split_feature=2 7 0 13 1 7 1 1 0 3 3 12 3 7
split_gain=1.21866 4.84551 4.98479 4.35178 6.94977 7.81207 6.03331 7.99531 7.3256 6.02077 3.46931 7.57631 3.87024 6.7282
threshold=0 0.027450000000000006 49.500000000000007 1.0000000180025095e-35 6658.8150000000014 0.28135000000000004 1246.6400000000001 1370.6600000000003 50.500000000000007 32.485000000000007 2.4050000000000007 8.8650000000000002 3.6550000000000007 0.20975000000000002
decision_type=1 2 2 2 2 2 2 2 2 2 2 2 2 2
left_child=10 2 -2 4 9 -6 8 -8 -5 -3 11 -1 13 -12
right_child=1 3 -4 6 5 -7 7 -9 -10 -11 12 -13 -14 -15
leaf_value=0.004511171345494047 -0.036524222360612084 0.0013622614561745034 0.019191836475212169 -0.0029851605915365825 -0.031209035379421175 0.0058362610778608329 0.010909285378473518 -0.00088745500787834955 -0.015618421429253494 0.01148941487540945 0.029909688454711592 -0.032287853108037466 0.00050986304231282766 0.00042716157690144189
leaf_weight=30.301134872250259 14.167975929332899 726.65281410282478 3.173802623525261 774.95912851346657 28.5849016783759 24.43438615091145 153.34401673544198 1763.5492872034665 132.21638529375196 181.24916243460029 27.873389173299074 22.012307073455304 4282.3630874361843 52.089219244197011
leaf_count=229 554 5397 109 5507 314 105 978 13042 1001 934 315 221 27047 247
internal_value=-5.48557e-06 -0.000660393 -0.0250008 -0.000530904 0.00237081 -0.0147381 -0.00151971 7.18105e-05 -0.00487181 0.00341518 0.000558882 -0.0118844 0.000717448 0.0114141
internal_weight=8216.97 3802.33 17.3418 3784.99 960.921 53.0193 2824.07 1916.89 907.176 907.902 4414.64 52.3134 4362.33 79.9626
internal_count=56000 27941 663 27278 6750 419 20528 14020 6508 6331 28059 450 27609 562
cat_boundaries=0 1
cat_threshold=35
is_linear=0
shrinkage=0.05


end of trees

feature_importances:
past_return_rate=834
discount_percent=710
product_rating=561
session_length_minutes=363
order_value=337
customer_age=277
delivery_delay_days=256
product_category=238
payment_method=224
past_purchase_count=201
num_product_views=93
device_type=57
used_coupon=14
shipping_method=11

parameters:
[boosting: gbdt]
[objective: binary]
[metric: binary_logloss]
[tree_learner: serial]
[device_type: cpu]
[data_sample_strategy: bagging]
[data: ]
[valid: ]
[num_iterations: 300]
[learning_rate: 0.05]
[num_leaves: 15]
[num_threads: 1]
[seed: 42]
[deterministic: 0]
[force_col_wise: 0]
[force_row_wise: 0]
[histogram_pool_size: -1]
[max_depth: 5]
[min_data_in_leaf: 100]
[min_sum_hessian_in_leaf: 0.001]
[bagging_fraction: 1]
[pos_bagging_fraction: 1]
[neg_bagging_fraction: 1]
[bagging_freq: 0]
[bagging_seed: 400]
[bagging_by_query: 0]
[feature_fraction: 1]
[feature_fraction_bynode: 1]
[feature_fraction_seed: 30056]
[extra_trees: 0]
[extra_seed: 12879]
[early_stopping_round: 0]
[early_stopping_min_delta: 0]
[first_metric_only: 0]
[max_delta_step: 0]
[lambda_l1: 0]
[lambda_l2: 3]
[linear_lambda: 0]
[min_gain_to_split: 0]
[drop_rate: 0.1]
[max_drop: 50]
[skip_drop: 0.5]
[xgboost_dart_mode: 0]
[uniform_drop: 0]
[drop_seed: 17869]
[top_rate: 0.2]
[other_rate: 0.1]
[min_data_per_group: 100]
[max_cat_threshold: 32]
[cat_l2: 10]
[cat_smooth: 10]
[max_cat_to_onehot: 4]
[top_k: 20]
[monotone_constraints: ]
[monotone_constraints_method: basic]
[monotone_penalty: 0]
[feature_contri: ]
[forcedsplits_filename: ]
[refit_decay_rate: 0.9]
[cegb_tradeoff: 1]
[cegb_penalty_split: 0]
[cegb_penalty_feature_lazy: ]
[cegb_penalty_feature_coupled: ]
[path_smooth: 0]
[interaction_constraints: ]
[verbosity: -1]
[saved_feature_importance_type: 0]
[use_quantized_grad: 0]
[num_grad_quant_bins: 4]
[quant_train_renew_leaf: 0]
[stochastic_rounding: 1]
[linear_tree: 0]
[max_bin: 255]
[max_bin_by_feature: ]
[min_data_in_bin: 3]
[bin_construct_sample_cnt: 200000]
[data_random_seed: 175]
[is_enable_sparse: 1]
[enable_bundle: 1]
[use_missing: 1]
[zero_as_missing: 0]
[feature_pre_filter: 1]
[pre_partition: 0]
[two_round: 0]
[header: 0]
[label_column: ]
[weight_column: ]
[group_column: ]
[ignore_column: ]
[categorical_feature: 2,9,10,11]
[forcedbins_filename: ]
[precise_float_parser: 0]
[parser_config_file: ]
[objective_seed: 16083]
[num_class: 1]
[is_unbalance: 0]
[scale_pos_weight: 1]
[sigmoid: 1]
[boost_from_average: 1]
[reg_sqrt: 0]
[alpha: 0.9]
[fair_c: 1]
[poisson_max_delta_step: 0.7]
[tweedie_variance_power: 1.5]
[lambdarank_truncation_level: 30]
[lambdarank_norm: 1]
[label_gain: ]
[lambdarank_position_bias_regularization: 0]
[eval_at: ]
[multi_error_top_k: 1]
[auc_mu_weights: ]
[num_machines: 1]
[local_listen_port: 12400]
[time_out: 120]
[machine_list_filename: ]
[machines: ]
[gpu_platform_id: -1]
[gpu_device_id: -1]
[gpu_device_id_list: ]
[gpu_use_dp: 0]
[num_gpu: 1]

end of parameters

pandas_categorical:[["apparel", "beauty", "electronics", "home", "sports", "toys"], ["card", "cod", "netbanking", "upi", "wallet"], ["express", "standard"], ["desktop", "mobile", "tablet"]]
